--------------------------------------------------------------------------------------------------------------
Simulation Started
--------------------------------------------------------------------------------------------------------------
--------------------------------------------------------------------------------------------------------------
Normal Transaction
--------------------------------------------------------------------------------------------------------------
 ERROR: Writing a read only register (Device ID)
 ERROR: Writing a read only register (Device ID)
 ERROR: Writing a read only register (Device ID)
 ERROR: Writing a read only register (Device ID)
 ERROR: Writing a read only register (Device ID)
 ERROR: Inalid SPI Clock frequency (0Hz)
 ERROR: Inalid SPI Clock frequency (0Hz)
 ERROR: Inalid SPI Clock frequency (0Hz)
 ERROR: Inalid SPI Clock frequency (0Hz)
 ERROR: Inalid SPI Clock frequency (0Hz)
 ERROR: Writing a read only register (Device ID)
 ERROR: Writing a read only register (Device ID)
 ERROR: Writing a read only register (Device ID)
 ERROR: Writing a read only register (Device ID)
 ERROR: Writing a read only register (Device ID)
 ERROR: Inalid SPI Clock frequency (0Hz)
 ERROR: Inalid SPI Clock frequency (0Hz)
 ERROR: Inalid SPI Clock frequency (0Hz)
 ERROR: Inalid SPI Clock frequency (0Hz)
 ERROR: Inalid SPI Clock frequency (0Hz)
 ERROR: Writing a read only register (Device ID)
 ERROR: Writing a read only register (Device ID)
 ERROR: Writing a read only register (Device ID)
 ERROR: Writing a read only register (Device ID)
 ERROR: Writing a read only register (Device ID)
 ERROR: Inalid SPI Clock frequency (0Hz)
 ERROR: Inalid SPI Clock frequency (0Hz)
 ERROR: Inalid SPI Clock frequency (0Hz)
 ERROR: Inalid SPI Clock frequency (0Hz)
 ERROR: Inalid SPI Clock frequency (0Hz)
 ERROR: Writing a read only register (Device ID)
 ERROR: Writing a read only register (Device ID)
 ERROR: Writing a read only register (Device ID)
 ERROR: Writing a read only register (Device ID)
 ERROR: Writing a read only register (Device ID)
 ERROR: Inalid SPI Clock frequency (0Hz)
 ERROR: Inalid SPI Clock frequency (0Hz)
 ERROR: Inalid SPI Clock frequency (0Hz)
 ERROR: Inalid SPI Clock frequency (0Hz)
 ERROR: Inalid SPI Clock frequency (0Hz)
 ERROR: Inalid SPI Clock frequency (0Hz)
 ERROR: Inalid SPI Clock frequency (0Hz)
 ERROR: Inalid SPI Clock frequency (0Hz)
 ERROR: Inalid SPI Clock frequency (0Hz)
 ERROR: Inalid SPI Clock frequency (0Hz)
 ERROR: Inalid SPI Clock frequency (0Hz)
 ERROR: Inalid SPI Clock frequency (0Hz)
 ERROR: Inalid SPI Clock frequency (0Hz)
 ERROR: Inalid SPI Clock frequency (0Hz)
 ERROR: Inalid SPI Clock frequency (0Hz)
 ERROR: Inalid SPI Clock frequency (0Hz)
 ERROR: Inalid SPI Clock frequency (0Hz)
 ERROR: Inalid SPI Clock frequency (0Hz)
 ERROR: Inalid SPI Clock frequency (0Hz)
 ERROR: Inalid SPI Clock frequency (0Hz)
 ERROR: Inalid SPI Clock frequency (0Hz)
 ERROR: Inalid SPI Clock frequency (0Hz)
 ERROR: Inalid SPI Clock frequency (0Hz)
 ERROR: Inalid SPI Clock frequency (0Hz)
 ERROR: Inalid SPI Clock frequency (0Hz)
 ERROR: Inalid SPI Clock frequency (0Hz)
 ERROR: Inalid SPI Clock frequency (0Hz)
 ERROR: Inalid SPI Clock frequency (0Hz)
 ERROR: Inalid SPI Clock frequency (0Hz)
 ERROR: Inalid SPI Clock frequency (0Hz)
 ERROR: Inalid SPI Clock frequency (0Hz)
 ERROR: Inalid SPI Clock frequency (0Hz)
 ERROR: Inalid SPI Clock frequency (0Hz)
 ERROR: Inalid SPI Clock frequency (0Hz)
 ERROR: Inalid SPI Clock frequency (0Hz)
 ERROR: Inalid SPI Clock frequency (0Hz)
 ERROR: Inalid SPI Clock frequency (0Hz)
 ERROR: Inalid SPI Clock frequency (0Hz)
 ERROR: Inalid SPI Clock frequency (0Hz)
 ERROR: Inalid SPI Clock frequency (0Hz)
 ERROR: Inalid SPI Clock frequency (0Hz)
 ERROR: Inalid SPI Clock frequency (0Hz)
 ERROR: Inalid SPI Clock frequency (0Hz)
 ERROR: Inalid SPI Clock frequency (0Hz)
 ERROR: Inalid SPI Clock frequency (0Hz)
 ERROR: Inalid SPI Clock frequency (0Hz)
 ERROR: Inalid SPI Clock frequency (0Hz)
 ERROR: Inalid SPI Clock frequency (0Hz)
 ERROR: Inalid SPI Clock frequency (0Hz)
 ERROR: Inalid SPI Clock frequency (0Hz)
 ERROR: Inalid SPI Clock frequency (0Hz)
 ERROR: Inalid SPI Clock frequency (0Hz)
 ERROR: Inalid SPI Clock frequency (0Hz)
 ERROR: Inalid SPI Clock frequency (0Hz)
 ERROR: Inalid SPI Clock frequency (0Hz)
 ERROR: Inalid SPI Clock frequency (0Hz)
 ERROR: Inalid SPI Clock frequency (0Hz)
 ERROR: Inalid SPI Clock frequency (0Hz)
 ERROR: Inalid SPI Clock frequency (0Hz)
 ERROR: Inalid SPI Clock frequency (0Hz)
 ERROR: Inalid SPI Clock frequency (0Hz)
 ERROR: Inalid SPI Clock frequency (0Hz)
 ERROR: Inalid SPI Clock frequency (0Hz)
 ERROR: Inalid SPI Clock frequency (0Hz)
 ERROR: Inalid SPI Clock frequency (0Hz)
 ERROR: Inalid SPI Clock frequency (0Hz)
 ERROR: Inalid SPI Clock frequency (0Hz)
 ERROR: Inalid SPI Clock frequency (0Hz)
 ERROR: Inalid SPI Clock frequency (0Hz)
 ERROR: Inalid SPI Clock frequency (0Hz)
 ERROR: Inalid SPI Clock frequency (0Hz)
 ERROR: Inalid SPI Clock frequency (0Hz)
 ERROR: Inalid SPI Clock frequency (0Hz)
 ERROR: Inalid SPI Clock frequency (0Hz)
 ERROR: Inalid SPI Clock frequency (0Hz)
 ERROR: Inalid SPI Clock frequency (0Hz)
 ERROR: Inalid SPI Clock frequency (0Hz)
 ERROR: Inalid SPI Clock frequency (0Hz)
 ERROR: Inalid SPI Clock frequency (0Hz)
 ERROR: Inalid SPI Clock frequency (0Hz)
 ERROR: Inalid SPI Clock frequency (0Hz)
 ERROR: Inalid SPI Clock frequency (0Hz)
 ERROR: Inalid SPI Clock frequency (0Hz)
 ERROR: Inalid SPI Clock frequency (0Hz)
 ERROR: Inalid SPI Clock frequency (0Hz)
 ERROR: Inalid SPI Clock frequency (0Hz)
 ERROR: Inalid SPI Clock frequency (0Hz)
 ERROR: Inalid SPI Clock frequency (0Hz)
 ERROR: Inalid SPI Clock frequency (0Hz)
 ERROR: Inalid SPI Clock frequency (0Hz)
 ERROR: Inalid SPI Clock frequency (0Hz)
 ERROR: Inalid SPI Clock frequency (0Hz)
 ERROR: Inalid SPI Clock frequency (0Hz)
 ERROR: Inalid SPI Clock frequency (0Hz)
 ERROR: Inalid SPI Clock frequency (0Hz)
 ERROR: Inalid SPI Clock frequency (0Hz)
 ERROR: Inalid SPI Clock frequency (0Hz)
 ERROR: Inalid SPI Clock frequency (0Hz)
 ERROR: Inalid SPI Clock frequency (0Hz)
 ERROR: Inalid SPI Clock frequency (0Hz)
 ERROR: Inalid SPI Clock frequency (0Hz)
 ERROR: Inalid SPI Clock frequency (0Hz)
 ERROR: Inalid SPI Clock frequency (0Hz)
 ERROR: Inalid SPI Clock frequency (0Hz)
 ERROR: Inalid SPI Clock frequency (0Hz)
 ERROR: Inalid SPI Clock frequency (0Hz)
 ERROR: Inalid SPI Clock frequency (0Hz)
 ERROR: Inalid SPI Clock frequency (0Hz)
 ERROR: Inalid SPI Clock frequency (0Hz)
 ERROR: Inalid SPI Clock frequency (0Hz)
 ERROR: Inalid SPI Clock frequency (0Hz)
 ERROR: Inalid SPI Clock frequency (0Hz)
 ERROR: Inalid SPI Clock frequency (0Hz)
 ERROR: Inalid SPI Clock frequency (0Hz)
 ERROR: Inalid SPI Clock frequency (0Hz)
 ERROR: Inalid SPI Clock frequency (0Hz)
 ERROR: Inalid SPI Clock frequency (0Hz)
 ERROR: Inalid SPI Clock frequency (0Hz)
 ERROR: Inalid SPI Clock frequency (0Hz)
 ERROR: Inalid SPI Clock frequency (0Hz)
 ERROR: Inalid SPI Clock frequency (0Hz)
 ERROR: Inalid SPI Clock frequency (0Hz)
 ERROR: Inalid SPI Clock frequency (0Hz)
 ERROR: Inalid SPI Clock frequency (0Hz)
 ERROR: Inalid SPI Clock frequency (0Hz)
 ERROR: Invalid Slave Address (04)
 ERROR: Invalid Slave Address (04)
 ERROR: Invalid Slave Address (04)
 ERROR: Invalid Slave Address (04)
 ERROR: Invalid Slave Address (04)
 ERROR: Invalid Slave Address (04)
 ERROR: Invalid Slave Address (04)
 ERROR: Invalid Slave Address (04)
 ERROR: Invalid Slave Address (04)
 ERROR: Invalid Slave Address (04)
 ERROR: Invalid Slave Address (04)
 ERROR: Invalid Slave Address (04)
 ERROR: Invalid Slave Address (04)
 ERROR: Invalid Slave Address (04)
 ERROR: Invalid Slave Address (04)
 ERROR: Invalid Slave Address (04)
 ERROR: Invalid Slave Address (04)
 ERROR: Invalid Slave Address (04)
 ERROR: Invalid Slave Address (04)
 ERROR: Invalid Slave Address (04)
 ERROR: Invalid Slave Address (04)
 ERROR: Invalid Slave Address (04)
 ERROR: Invalid Slave Address (04)
 ERROR: Invalid Slave Address (04)
 ERROR: Invalid Slave Address (04)
 ERROR: Invalid Slave Address (04)
 ERROR: Invalid Slave Address (04)
 ERROR: Invalid Slave Address (04)
 ERROR: Invalid Slave Address (04)
 ERROR: Invalid Slave Address (04)
 ERROR: Invalid Slave Address (04)
 ERROR: Invalid Slave Address (04)
 ERROR: Invalid Slave Address (04)
 ERROR: Invalid Slave Address (04)
 ERROR: Invalid Slave Address (04)
 ERROR: Invalid Slave Address (04)
 ERROR: Invalid Slave Address (04)
 ERROR: Invalid Slave Address (04)
 ERROR: Invalid Slave Address (04)
 ERROR: Invalid Slave Address (04)
 ERROR: Invalid Slave Address (05)
 ERROR: Invalid Slave Address (05)
 ERROR: Invalid Slave Address (05)
 ERROR: Invalid Slave Address (05)
 ERROR: Invalid Slave Address (05)
 ERROR: Invalid Slave Address (05)
 ERROR: Invalid Slave Address (05)
 ERROR: Invalid Slave Address (05)
 ERROR: Invalid Slave Address (05)
 ERROR: Invalid Slave Address (05)
 ERROR: Invalid Slave Address (05)
 ERROR: Invalid Slave Address (05)
 ERROR: Invalid Slave Address (05)
 ERROR: Invalid Slave Address (05)
 ERROR: Invalid Slave Address (05)
 ERROR: Invalid Slave Address (05)
 ERROR: Invalid Slave Address (05)
 ERROR: Invalid Slave Address (05)
 ERROR: Invalid Slave Address (05)
 ERROR: Invalid Slave Address (05)
 ERROR: Invalid Slave Address (05)
 ERROR: Invalid Slave Address (05)
 ERROR: Invalid Slave Address (05)
 ERROR: Invalid Slave Address (05)
 ERROR: Invalid Slave Address (05)
 ERROR: Invalid Slave Address (05)
 ERROR: Invalid Slave Address (05)
 ERROR: Invalid Slave Address (05)
 ERROR: Invalid Slave Address (05)
 ERROR: Invalid Slave Address (05)
 ERROR: Invalid Slave Address (05)
 ERROR: Invalid Slave Address (05)
 ERROR: Invalid Slave Address (05)
 ERROR: Invalid Slave Address (05)
 ERROR: Invalid Slave Address (05)
 ERROR: Invalid Slave Address (05)
 ERROR: Invalid Slave Address (05)
 ERROR: Invalid Slave Address (05)
 ERROR: Invalid Slave Address (05)
 ERROR: Invalid Slave Address (05)
 ERROR: Writing a read only register (Device ID)
 ERROR: Writing a read only register (Device ID)
 ERROR: Writing a read only register (Device ID)
 ERROR: Writing a read only register (Device ID)
 ERROR: Writing a read only register (Device ID)
 ERROR: Inalid SPI Clock frequency (0Hz)
 ERROR: Inalid SPI Clock frequency (0Hz)
 ERROR: Inalid SPI Clock frequency (0Hz)
 ERROR: Inalid SPI Clock frequency (0Hz)
 ERROR: Inalid SPI Clock frequency (0Hz)
 ERROR: Writing a read only register (Device ID)
 ERROR: Writing a read only register (Device ID)
 ERROR: Writing a read only register (Device ID)
 ERROR: Writing a read only register (Device ID)
 ERROR: Writing a read only register (Device ID)
 ERROR: Inalid SPI Clock frequency (0Hz)
 ERROR: Inalid SPI Clock frequency (0Hz)
 ERROR: Inalid SPI Clock frequency (0Hz)
 ERROR: Inalid SPI Clock frequency (0Hz)
 ERROR: Inalid SPI Clock frequency (0Hz)
 ERROR: Writing a read only register (Device ID)
 ERROR: Writing a read only register (Device ID)
 ERROR: Writing a read only register (Device ID)
 ERROR: Writing a read only register (Device ID)
 ERROR: Writing a read only register (Device ID)
 ERROR: Inalid SPI Clock frequency (0Hz)
 ERROR: Inalid SPI Clock frequency (0Hz)
 ERROR: Inalid SPI Clock frequency (0Hz)
 ERROR: Inalid SPI Clock frequency (0Hz)
 ERROR: Inalid SPI Clock frequency (0Hz)
 ERROR: Writing a read only register (Device ID)
 ERROR: Writing a read only register (Device ID)
 ERROR: Writing a read only register (Device ID)
 ERROR: Writing a read only register (Device ID)
 ERROR: Writing a read only register (Device ID)
 ERROR: Inalid SPI Clock frequency (0Hz)
 ERROR: Inalid SPI Clock frequency (0Hz)
 ERROR: Inalid SPI Clock frequency (0Hz)
 ERROR: Inalid SPI Clock frequency (0Hz)
 ERROR: Inalid SPI Clock frequency (0Hz)
 ERROR: Inalid SPI Clock frequency (0Hz)
 ERROR: Inalid SPI Clock frequency (0Hz)
 ERROR: Inalid SPI Clock frequency (0Hz)
 ERROR: Inalid SPI Clock frequency (0Hz)
 ERROR: Inalid SPI Clock frequency (0Hz)
 ERROR: Inalid SPI Clock frequency (0Hz)
 ERROR: Inalid SPI Clock frequency (0Hz)
 ERROR: Inalid SPI Clock frequency (0Hz)
 ERROR: Inalid SPI Clock frequency (0Hz)
 ERROR: Inalid SPI Clock frequency (0Hz)
 ERROR: Inalid SPI Clock frequency (0Hz)
 ERROR: Inalid SPI Clock frequency (0Hz)
 ERROR: Inalid SPI Clock frequency (0Hz)
 ERROR: Inalid SPI Clock frequency (0Hz)
 ERROR: Inalid SPI Clock frequency (0Hz)
 ERROR: Inalid SPI Clock frequency (0Hz)
 ERROR: Inalid SPI Clock frequency (0Hz)
 ERROR: Inalid SPI Clock frequency (0Hz)
 ERROR: Inalid SPI Clock frequency (0Hz)
 ERROR: Inalid SPI Clock frequency (0Hz)
 ERROR: Inalid SPI Clock frequency (0Hz)
 ERROR: Inalid SPI Clock frequency (0Hz)
 ERROR: Inalid SPI Clock frequency (0Hz)
 ERROR: Inalid SPI Clock frequency (0Hz)
 ERROR: Inalid SPI Clock frequency (0Hz)
 ERROR: Inalid SPI Clock frequency (0Hz)
 ERROR: Inalid SPI Clock frequency (0Hz)
 ERROR: Inalid SPI Clock frequency (0Hz)
 ERROR: Inalid SPI Clock frequency (0Hz)
 ERROR: Inalid SPI Clock frequency (0Hz)
 ERROR: Inalid SPI Clock frequency (0Hz)
 ERROR: Inalid SPI Clock frequency (0Hz)
 ERROR: Inalid SPI Clock frequency (0Hz)
 ERROR: Inalid SPI Clock frequency (0Hz)
 ERROR: Inalid SPI Clock frequency (0Hz)
 ERROR: Inalid SPI Clock frequency (0Hz)
 ERROR: Inalid SPI Clock frequency (0Hz)
 ERROR: Inalid SPI Clock frequency (0Hz)
 ERROR: Inalid SPI Clock frequency (0Hz)
 ERROR: Inalid SPI Clock frequency (0Hz)
 ERROR: Inalid SPI Clock frequency (0Hz)
 ERROR: Inalid SPI Clock frequency (0Hz)
 ERROR: Inalid SPI Clock frequency (0Hz)
 ERROR: Inalid SPI Clock frequency (0Hz)
 ERROR: Inalid SPI Clock frequency (0Hz)
 ERROR: Inalid SPI Clock frequency (0Hz)
 ERROR: Inalid SPI Clock frequency (0Hz)
 ERROR: Inalid SPI Clock frequency (0Hz)
 ERROR: Inalid SPI Clock frequency (0Hz)
 ERROR: Inalid SPI Clock frequency (0Hz)
 ERROR: Inalid SPI Clock frequency (0Hz)
 ERROR: Inalid SPI Clock frequency (0Hz)
 ERROR: Inalid SPI Clock frequency (0Hz)
 ERROR: Inalid SPI Clock frequency (0Hz)
 ERROR: Inalid SPI Clock frequency (0Hz)
 ERROR: Inalid SPI Clock frequency (0Hz)
 ERROR: Inalid SPI Clock frequency (0Hz)
 ERROR: Inalid SPI Clock frequency (0Hz)
 ERROR: Inalid SPI Clock frequency (0Hz)
 ERROR: Inalid SPI Clock frequency (0Hz)
 ERROR: Inalid SPI Clock frequency (0Hz)
 ERROR: Inalid SPI Clock frequency (0Hz)
 ERROR: Inalid SPI Clock frequency (0Hz)
 ERROR: Inalid SPI Clock frequency (0Hz)
 ERROR: Inalid SPI Clock frequency (0Hz)
 ERROR: Inalid SPI Clock frequency (0Hz)
 ERROR: Inalid SPI Clock frequency (0Hz)
 ERROR: Inalid SPI Clock frequency (0Hz)
 ERROR: Inalid SPI Clock frequency (0Hz)
 ERROR: Inalid SPI Clock frequency (0Hz)
 ERROR: Inalid SPI Clock frequency (0Hz)
 ERROR: Inalid SPI Clock frequency (0Hz)
 ERROR: Inalid SPI Clock frequency (0Hz)
 ERROR: Inalid SPI Clock frequency (0Hz)
 ERROR: Inalid SPI Clock frequency (0Hz)
 ERROR: Inalid SPI Clock frequency (0Hz)
 ERROR: Inalid SPI Clock frequency (0Hz)
 ERROR: Inalid SPI Clock frequency (0Hz)
 ERROR: Inalid SPI Clock frequency (0Hz)
 ERROR: Inalid SPI Clock frequency (0Hz)
 ERROR: Inalid SPI Clock frequency (0Hz)
 ERROR: Inalid SPI Clock frequency (0Hz)
 ERROR: Inalid SPI Clock frequency (0Hz)
 ERROR: Inalid SPI Clock frequency (0Hz)
 ERROR: Inalid SPI Clock frequency (0Hz)
 ERROR: Inalid SPI Clock frequency (0Hz)
 ERROR: Inalid SPI Clock frequency (0Hz)
 ERROR: Inalid SPI Clock frequency (0Hz)
 ERROR: Inalid SPI Clock frequency (0Hz)
 ERROR: Inalid SPI Clock frequency (0Hz)
 ERROR: Inalid SPI Clock frequency (0Hz)
 ERROR: Inalid SPI Clock frequency (0Hz)
 ERROR: Inalid SPI Clock frequency (0Hz)
 ERROR: Inalid SPI Clock frequency (0Hz)
 ERROR: Inalid SPI Clock frequency (0Hz)
 ERROR: Inalid SPI Clock frequency (0Hz)
 ERROR: Inalid SPI Clock frequency (0Hz)
 ERROR: Inalid SPI Clock frequency (0Hz)
 ERROR: Inalid SPI Clock frequency (0Hz)
 ERROR: Inalid SPI Clock frequency (0Hz)
 ERROR: Inalid SPI Clock frequency (0Hz)
 ERROR: Inalid SPI Clock frequency (0Hz)
 ERROR: Inalid SPI Clock frequency (0Hz)
 ERROR: Inalid SPI Clock frequency (0Hz)
 ERROR: Inalid SPI Clock frequency (0Hz)
 ERROR: Inalid SPI Clock frequency (0Hz)
 ERROR: Inalid SPI Clock frequency (0Hz)
 ERROR: Inalid SPI Clock frequency (0Hz)
 ERROR: Inalid SPI Clock frequency (0Hz)
 ERROR: Inalid SPI Clock frequency (0Hz)
 ERROR: Inalid SPI Clock frequency (0Hz)
 ERROR: Inalid SPI Clock frequency (0Hz)
 ERROR: Inalid SPI Clock frequency (0Hz)
 ERROR: Inalid SPI Clock frequency (0Hz)
 ERROR: Inalid SPI Clock frequency (0Hz)
 ERROR: Inalid SPI Clock frequency (0Hz)
 ERROR: Inalid SPI Clock frequency (0Hz)
 ERROR: Inalid SPI Clock frequency (0Hz)
 ERROR: Inalid SPI Clock frequency (0Hz)
 ERROR: Inalid SPI Clock frequency (0Hz)
 ERROR: Invalid Slave Address (04)
 ERROR: Invalid Slave Address (04)
 ERROR: Invalid Slave Address (04)
 ERROR: Invalid Slave Address (04)
 ERROR: Invalid Slave Address (04)
 ERROR: Invalid Slave Address (04)
 ERROR: Invalid Slave Address (04)
 ERROR: Invalid Slave Address (04)
 ERROR: Invalid Slave Address (04)
 ERROR: Invalid Slave Address (04)
 ERROR: Invalid Slave Address (04)
 ERROR: Invalid Slave Address (04)
 ERROR: Invalid Slave Address (04)
 ERROR: Invalid Slave Address (04)
 ERROR: Invalid Slave Address (04)
 ERROR: Invalid Slave Address (04)
 ERROR: Invalid Slave Address (04)
 ERROR: Invalid Slave Address (04)
 ERROR: Invalid Slave Address (04)
 ERROR: Invalid Slave Address (04)
 ERROR: Invalid Slave Address (04)
 ERROR: Invalid Slave Address (04)
 ERROR: Invalid Slave Address (04)
 ERROR: Invalid Slave Address (04)
 ERROR: Invalid Slave Address (04)
 ERROR: Invalid Slave Address (04)
 ERROR: Invalid Slave Address (04)
 ERROR: Invalid Slave Address (04)
 ERROR: Invalid Slave Address (04)
 ERROR: Invalid Slave Address (04)
 ERROR: Invalid Slave Address (04)
 ERROR: Invalid Slave Address (04)
 ERROR: Invalid Slave Address (04)
 ERROR: Invalid Slave Address (04)
 ERROR: Invalid Slave Address (04)
 ERROR: Invalid Slave Address (04)
 ERROR: Invalid Slave Address (04)
 ERROR: Invalid Slave Address (04)
 ERROR: Invalid Slave Address (04)
 ERROR: Invalid Slave Address (04)
 ERROR: Invalid Slave Address (05)
 ERROR: Invalid Slave Address (05)
 ERROR: Invalid Slave Address (05)
 ERROR: Invalid Slave Address (05)
 ERROR: Invalid Slave Address (05)
 ERROR: Invalid Slave Address (05)
 ERROR: Invalid Slave Address (05)
 ERROR: Invalid Slave Address (05)
 ERROR: Invalid Slave Address (05)
 ERROR: Invalid Slave Address (05)
 ERROR: Invalid Slave Address (05)
 ERROR: Invalid Slave Address (05)
 ERROR: Invalid Slave Address (05)
 ERROR: Invalid Slave Address (05)
 ERROR: Invalid Slave Address (05)
 ERROR: Invalid Slave Address (05)
 ERROR: Invalid Slave Address (05)
 ERROR: Invalid Slave Address (05)
 ERROR: Invalid Slave Address (05)
 ERROR: Invalid Slave Address (05)
 ERROR: Invalid Slave Address (05)
 ERROR: Invalid Slave Address (05)
 ERROR: Invalid Slave Address (05)
 ERROR: Invalid Slave Address (05)
 ERROR: Invalid Slave Address (05)
 ERROR: Invalid Slave Address (05)
 ERROR: Invalid Slave Address (05)
 ERROR: Invalid Slave Address (05)
 ERROR: Invalid Slave Address (05)
 ERROR: Invalid Slave Address (05)
 ERROR: Invalid Slave Address (05)
 ERROR: Invalid Slave Address (05)
 ERROR: Invalid Slave Address (05)
 ERROR: Invalid Slave Address (05)
 ERROR: Invalid Slave Address (05)
 ERROR: Invalid Slave Address (05)
 ERROR: Invalid Slave Address (05)
 ERROR: Invalid Slave Address (05)
 ERROR: Invalid Slave Address (05)
 ERROR: Invalid Slave Address (05)
 ERROR: Writing a read only register (Device ID)
 ERROR: Writing a read only register (Device ID)
 ERROR: Writing a read only register (Device ID)
 ERROR: Writing a read only register (Device ID)
 ERROR: Writing a read only register (Device ID)
Time=5196430.000 ns 		 SPI_clock_frequency=3000Hz 		 SPI_MODE=0 		 Operation=Read  		 Data_Size=8 bits 		 Slave_address=0x00 		 Selected_Register=Device ID          		  Data_to_Write=0x0 		 Status=Pass
Time=10363830.000 ns 		 SPI_clock_frequency=3000Hz 		 SPI_MODE=0 		 Operation=Read  		 Data_Size=8 bits 		 Slave_address=0x00 		 Selected_Register=Device ID          		  Data_to_Write=0x55 		 Status=Pass
Time=15531230.000 ns 		 SPI_clock_frequency=3000Hz 		 SPI_MODE=0 		 Operation=Read  		 Data_Size=8 bits 		 Slave_address=0x00 		 Selected_Register=Device ID          		  Data_to_Write=0xaa 		 Status=Pass
Time=20698630.000 ns 		 SPI_clock_frequency=3000Hz 		 SPI_MODE=0 		 Operation=Read  		 Data_Size=8 bits 		 Slave_address=0x00 		 Selected_Register=Device ID          		  Data_to_Write=0xbe 		 Status=Pass
Time=25866030.000 ns 		 SPI_clock_frequency=3000Hz 		 SPI_MODE=0 		 Operation=Read  		 Data_Size=8 bits 		 Slave_address=0x00 		 Selected_Register=Device ID          		  Data_to_Write=0xff 		 Status=Pass
 ERROR: Writing a read only register (Device ID)
 ERROR: Writing a read only register (Device ID)
 ERROR: Writing a read only register (Device ID)
 ERROR: Writing a read only register (Device ID)
 ERROR: Writing a read only register (Device ID)
Time=31033730.000 ns 		 SPI_clock_frequency=3000Hz 		 SPI_MODE=1 		 Operation=Read  		 Data_Size=8 bits 		 Slave_address=0x00 		 Selected_Register=Device ID          		  Data_to_Write=0x0 		 Status=Pass
Time=36201130.000 ns 		 SPI_clock_frequency=3000Hz 		 SPI_MODE=1 		 Operation=Read  		 Data_Size=8 bits 		 Slave_address=0x00 		 Selected_Register=Device ID          		  Data_to_Write=0x55 		 Status=Pass
Time=41368530.000 ns 		 SPI_clock_frequency=3000Hz 		 SPI_MODE=1 		 Operation=Read  		 Data_Size=8 bits 		 Slave_address=0x00 		 Selected_Register=Device ID          		  Data_to_Write=0xaa 		 Status=Pass
Time=46535930.000 ns 		 SPI_clock_frequency=3000Hz 		 SPI_MODE=1 		 Operation=Read  		 Data_Size=8 bits 		 Slave_address=0x00 		 Selected_Register=Device ID          		  Data_to_Write=0xbe 		 Status=Pass
Time=51703330.000 ns 		 SPI_clock_frequency=3000Hz 		 SPI_MODE=1 		 Operation=Read  		 Data_Size=8 bits 		 Slave_address=0x00 		 Selected_Register=Device ID          		  Data_to_Write=0xff 		 Status=Pass
 ERROR: Writing a read only register (Device ID)
 ERROR: Writing a read only register (Device ID)
 ERROR: Writing a read only register (Device ID)
 ERROR: Writing a read only register (Device ID)
 ERROR: Writing a read only register (Device ID)
Time=57204350.000 ns 		 SPI_clock_frequency=3000Hz 		 SPI_MODE=2 		 Operation=Read  		 Data_Size=8 bits 		 Slave_address=0x00 		 Selected_Register=Device ID          		  Data_to_Write=0x0 		 Status=Pass
Time=62705070.000 ns 		 SPI_clock_frequency=3000Hz 		 SPI_MODE=2 		 Operation=Read  		 Data_Size=8 bits 		 Slave_address=0x00 		 Selected_Register=Device ID          		  Data_to_Write=0x55 		 Status=Pass
Time=68205790.000 ns 		 SPI_clock_frequency=3000Hz 		 SPI_MODE=2 		 Operation=Read  		 Data_Size=8 bits 		 Slave_address=0x00 		 Selected_Register=Device ID          		  Data_to_Write=0xaa 		 Status=Pass
Time=73706510.000 ns 		 SPI_clock_frequency=3000Hz 		 SPI_MODE=2 		 Operation=Read  		 Data_Size=8 bits 		 Slave_address=0x00 		 Selected_Register=Device ID          		  Data_to_Write=0xbe 		 Status=Pass
Time=79207230.000 ns 		 SPI_clock_frequency=3000Hz 		 SPI_MODE=2 		 Operation=Read  		 Data_Size=8 bits 		 Slave_address=0x00 		 Selected_Register=Device ID          		  Data_to_Write=0xff 		 Status=Pass
 ERROR: Writing a read only register (Device ID)
 ERROR: Writing a read only register (Device ID)
 ERROR: Writing a read only register (Device ID)
 ERROR: Writing a read only register (Device ID)
 ERROR: Writing a read only register (Device ID)
Time=84708250.000 ns 		 SPI_clock_frequency=3000Hz 		 SPI_MODE=3 		 Operation=Read  		 Data_Size=8 bits 		 Slave_address=0x00 		 Selected_Register=Device ID          		  Data_to_Write=0x0 		 Status=Pass
Time=90208970.000 ns 		 SPI_clock_frequency=3000Hz 		 SPI_MODE=3 		 Operation=Read  		 Data_Size=8 bits 		 Slave_address=0x00 		 Selected_Register=Device ID          		  Data_to_Write=0x55 		 Status=Pass
Time=95709690.000 ns 		 SPI_clock_frequency=3000Hz 		 SPI_MODE=3 		 Operation=Read  		 Data_Size=8 bits 		 Slave_address=0x00 		 Selected_Register=Device ID          		  Data_to_Write=0xaa 		 Status=Pass
Time=101210410.000 ns 		 SPI_clock_frequency=3000Hz 		 SPI_MODE=3 		 Operation=Read  		 Data_Size=8 bits 		 Slave_address=0x00 		 Selected_Register=Device ID          		  Data_to_Write=0xbe 		 Status=Pass
Time=106711130.000 ns 		 SPI_clock_frequency=3000Hz 		 SPI_MODE=3 		 Operation=Read  		 Data_Size=8 bits 		 Slave_address=0x00 		 Selected_Register=Device ID          		  Data_to_Write=0xff 		 Status=Pass
Time=111878530.000 ns 		 SPI_clock_frequency=3000Hz 		 SPI_MODE=0 		 Operation=Write 		 Data_Size=8 bits 		 Slave_address=0x01 		 Selected_Register=Control Register 		  Data_to_Write=0x0 		 Status=Pass
Time=117045930.000 ns 		 SPI_clock_frequency=3000Hz 		 SPI_MODE=0 		 Operation=Write 		 Data_Size=8 bits 		 Slave_address=0x01 		 Selected_Register=Control Register 		  Data_to_Write=0x55 		 Status=Pass
Time=122213330.000 ns 		 SPI_clock_frequency=3000Hz 		 SPI_MODE=0 		 Operation=Write 		 Data_Size=8 bits 		 Slave_address=0x01 		 Selected_Register=Control Register 		  Data_to_Write=0xaa 		 Status=Pass
Time=127380730.000 ns 		 SPI_clock_frequency=3000Hz 		 SPI_MODE=0 		 Operation=Write 		 Data_Size=8 bits 		 Slave_address=0x01 		 Selected_Register=Control Register 		  Data_to_Write=0xbe 		 Status=Pass
Time=132548130.000 ns 		 SPI_clock_frequency=3000Hz 		 SPI_MODE=0 		 Operation=Write 		 Data_Size=8 bits 		 Slave_address=0x01 		 Selected_Register=Control Register 		  Data_to_Write=0xff 		 Status=Pass
Time=137715530.000 ns 		 SPI_clock_frequency=3000Hz 		 SPI_MODE=0 		 Operation=Read  		 Data_Size=8 bits 		 Slave_address=0x01 		 Selected_Register=Control Register 		  Data_to_Write=0x0 		 Status=Pass
Time=142882930.000 ns 		 SPI_clock_frequency=3000Hz 		 SPI_MODE=0 		 Operation=Read  		 Data_Size=8 bits 		 Slave_address=0x01 		 Selected_Register=Control Register 		  Data_to_Write=0x55 		 Status=Pass
Time=148050330.000 ns 		 SPI_clock_frequency=3000Hz 		 SPI_MODE=0 		 Operation=Read  		 Data_Size=8 bits 		 Slave_address=0x01 		 Selected_Register=Control Register 		  Data_to_Write=0xaa 		 Status=Pass
Time=153217730.000 ns 		 SPI_clock_frequency=3000Hz 		 SPI_MODE=0 		 Operation=Read  		 Data_Size=8 bits 		 Slave_address=0x01 		 Selected_Register=Control Register 		  Data_to_Write=0xbe 		 Status=Pass
Time=158385130.000 ns 		 SPI_clock_frequency=3000Hz 		 SPI_MODE=0 		 Operation=Read  		 Data_Size=8 bits 		 Slave_address=0x01 		 Selected_Register=Control Register 		  Data_to_Write=0xff 		 Status=Pass
Time=163552530.000 ns 		 SPI_clock_frequency=3000Hz 		 SPI_MODE=1 		 Operation=Write 		 Data_Size=8 bits 		 Slave_address=0x01 		 Selected_Register=Control Register 		  Data_to_Write=0x0 		 Status=Pass
Time=168719930.000 ns 		 SPI_clock_frequency=3000Hz 		 SPI_MODE=1 		 Operation=Write 		 Data_Size=8 bits 		 Slave_address=0x01 		 Selected_Register=Control Register 		  Data_to_Write=0x55 		 Status=Pass
Time=173887330.000 ns 		 SPI_clock_frequency=3000Hz 		 SPI_MODE=1 		 Operation=Write 		 Data_Size=8 bits 		 Slave_address=0x01 		 Selected_Register=Control Register 		  Data_to_Write=0xaa 		 Status=Pass
Time=179054730.000 ns 		 SPI_clock_frequency=3000Hz 		 SPI_MODE=1 		 Operation=Write 		 Data_Size=8 bits 		 Slave_address=0x01 		 Selected_Register=Control Register 		  Data_to_Write=0xbe 		 Status=Pass
Time=184222130.000 ns 		 SPI_clock_frequency=3000Hz 		 SPI_MODE=1 		 Operation=Write 		 Data_Size=8 bits 		 Slave_address=0x01 		 Selected_Register=Control Register 		  Data_to_Write=0xff 		 Status=Pass
Time=189389530.000 ns 		 SPI_clock_frequency=3000Hz 		 SPI_MODE=1 		 Operation=Read  		 Data_Size=8 bits 		 Slave_address=0x01 		 Selected_Register=Control Register 		  Data_to_Write=0x0 		 Status=Pass
Time=194556930.000 ns 		 SPI_clock_frequency=3000Hz 		 SPI_MODE=1 		 Operation=Read  		 Data_Size=8 bits 		 Slave_address=0x01 		 Selected_Register=Control Register 		  Data_to_Write=0x55 		 Status=Pass
Time=199724330.000 ns 		 SPI_clock_frequency=3000Hz 		 SPI_MODE=1 		 Operation=Read  		 Data_Size=8 bits 		 Slave_address=0x01 		 Selected_Register=Control Register 		  Data_to_Write=0xaa 		 Status=Pass
Time=204891730.000 ns 		 SPI_clock_frequency=3000Hz 		 SPI_MODE=1 		 Operation=Read  		 Data_Size=8 bits 		 Slave_address=0x01 		 Selected_Register=Control Register 		  Data_to_Write=0xbe 		 Status=Pass
Time=210059130.000 ns 		 SPI_clock_frequency=3000Hz 		 SPI_MODE=1 		 Operation=Read  		 Data_Size=8 bits 		 Slave_address=0x01 		 Selected_Register=Control Register 		  Data_to_Write=0xff 		 Status=Pass
Time=215559850.000 ns 		 SPI_clock_frequency=3000Hz 		 SPI_MODE=2 		 Operation=Write 		 Data_Size=8 bits 		 Slave_address=0x01 		 Selected_Register=Control Register 		  Data_to_Write=0x0 		 Status=Pass
Time=221060570.000 ns 		 SPI_clock_frequency=3000Hz 		 SPI_MODE=2 		 Operation=Write 		 Data_Size=8 bits 		 Slave_address=0x01 		 Selected_Register=Control Register 		  Data_to_Write=0x55 		 Status=Pass
Time=226561290.000 ns 		 SPI_clock_frequency=3000Hz 		 SPI_MODE=2 		 Operation=Write 		 Data_Size=8 bits 		 Slave_address=0x01 		 Selected_Register=Control Register 		  Data_to_Write=0xaa 		 Status=Pass
Time=232062010.000 ns 		 SPI_clock_frequency=3000Hz 		 SPI_MODE=2 		 Operation=Write 		 Data_Size=8 bits 		 Slave_address=0x01 		 Selected_Register=Control Register 		  Data_to_Write=0xbe 		 Status=Pass
Time=237562730.000 ns 		 SPI_clock_frequency=3000Hz 		 SPI_MODE=2 		 Operation=Write 		 Data_Size=8 bits 		 Slave_address=0x01 		 Selected_Register=Control Register 		  Data_to_Write=0xff 		 Status=Pass
Time=243063450.000 ns 		 SPI_clock_frequency=3000Hz 		 SPI_MODE=2 		 Operation=Read  		 Data_Size=8 bits 		 Slave_address=0x01 		 Selected_Register=Control Register 		  Data_to_Write=0x0 		 Status=Pass
Time=248564170.000 ns 		 SPI_clock_frequency=3000Hz 		 SPI_MODE=2 		 Operation=Read  		 Data_Size=8 bits 		 Slave_address=0x01 		 Selected_Register=Control Register 		  Data_to_Write=0x55 		 Status=Pass
Time=254064890.000 ns 		 SPI_clock_frequency=3000Hz 		 SPI_MODE=2 		 Operation=Read  		 Data_Size=8 bits 		 Slave_address=0x01 		 Selected_Register=Control Register 		  Data_to_Write=0xaa 		 Status=Pass
Time=259565610.000 ns 		 SPI_clock_frequency=3000Hz 		 SPI_MODE=2 		 Operation=Read  		 Data_Size=8 bits 		 Slave_address=0x01 		 Selected_Register=Control Register 		  Data_to_Write=0xbe 		 Status=Pass
Time=265066330.000 ns 		 SPI_clock_frequency=3000Hz 		 SPI_MODE=2 		 Operation=Read  		 Data_Size=8 bits 		 Slave_address=0x01 		 Selected_Register=Control Register 		  Data_to_Write=0xff 		 Status=Pass
Time=270567050.000 ns 		 SPI_clock_frequency=3000Hz 		 SPI_MODE=3 		 Operation=Write 		 Data_Size=8 bits 		 Slave_address=0x01 		 Selected_Register=Control Register 		  Data_to_Write=0x0 		 Status=Pass
Time=276067770.000 ns 		 SPI_clock_frequency=3000Hz 		 SPI_MODE=3 		 Operation=Write 		 Data_Size=8 bits 		 Slave_address=0x01 		 Selected_Register=Control Register 		  Data_to_Write=0x55 		 Status=Pass
Time=281568490.000 ns 		 SPI_clock_frequency=3000Hz 		 SPI_MODE=3 		 Operation=Write 		 Data_Size=8 bits 		 Slave_address=0x01 		 Selected_Register=Control Register 		  Data_to_Write=0xaa 		 Status=Pass
Time=287069210.000 ns 		 SPI_clock_frequency=3000Hz 		 SPI_MODE=3 		 Operation=Write 		 Data_Size=8 bits 		 Slave_address=0x01 		 Selected_Register=Control Register 		  Data_to_Write=0xbe 		 Status=Pass
Time=292569930.000 ns 		 SPI_clock_frequency=3000Hz 		 SPI_MODE=3 		 Operation=Write 		 Data_Size=8 bits 		 Slave_address=0x01 		 Selected_Register=Control Register 		  Data_to_Write=0xff 		 Status=Pass
Time=298070650.000 ns 		 SPI_clock_frequency=3000Hz 		 SPI_MODE=3 		 Operation=Read  		 Data_Size=8 bits 		 Slave_address=0x01 		 Selected_Register=Control Register 		  Data_to_Write=0x0 		 Status=Pass
Time=303571370.000 ns 		 SPI_clock_frequency=3000Hz 		 SPI_MODE=3 		 Operation=Read  		 Data_Size=8 bits 		 Slave_address=0x01 		 Selected_Register=Control Register 		  Data_to_Write=0x55 		 Status=Pass
Time=309072090.000 ns 		 SPI_clock_frequency=3000Hz 		 SPI_MODE=3 		 Operation=Read  		 Data_Size=8 bits 		 Slave_address=0x01 		 Selected_Register=Control Register 		  Data_to_Write=0xaa 		 Status=Pass
Time=314572810.000 ns 		 SPI_clock_frequency=3000Hz 		 SPI_MODE=3 		 Operation=Read  		 Data_Size=8 bits 		 Slave_address=0x01 		 Selected_Register=Control Register 		  Data_to_Write=0xbe 		 Status=Pass
Time=320073530.000 ns 		 SPI_clock_frequency=3000Hz 		 SPI_MODE=3 		 Operation=Read  		 Data_Size=8 bits 		 Slave_address=0x01 		 Selected_Register=Control Register 		  Data_to_Write=0xff 		 Status=Pass
Time=325240930.000 ns 		 SPI_clock_frequency=3000Hz 		 SPI_MODE=0 		 Operation=Write 		 Data_Size=8 bits 		 Slave_address=0x02 		 Selected_Register=Status Register    		  Data_to_Write=0x0 		 Status=Pass
Time=330408330.000 ns 		 SPI_clock_frequency=3000Hz 		 SPI_MODE=0 		 Operation=Write 		 Data_Size=8 bits 		 Slave_address=0x02 		 Selected_Register=Status Register    		  Data_to_Write=0x55 		 Status=Pass
Time=335575730.000 ns 		 SPI_clock_frequency=3000Hz 		 SPI_MODE=0 		 Operation=Write 		 Data_Size=8 bits 		 Slave_address=0x02 		 Selected_Register=Status Register    		  Data_to_Write=0xaa 		 Status=Pass
Time=340743130.000 ns 		 SPI_clock_frequency=3000Hz 		 SPI_MODE=0 		 Operation=Write 		 Data_Size=8 bits 		 Slave_address=0x02 		 Selected_Register=Status Register    		  Data_to_Write=0xbe 		 Status=Pass
Time=345910530.000 ns 		 SPI_clock_frequency=3000Hz 		 SPI_MODE=0 		 Operation=Write 		 Data_Size=8 bits 		 Slave_address=0x02 		 Selected_Register=Status Register    		  Data_to_Write=0xff 		 Status=Pass
Time=351077930.000 ns 		 SPI_clock_frequency=3000Hz 		 SPI_MODE=0 		 Operation=Read  		 Data_Size=8 bits 		 Slave_address=0x02 		 Selected_Register=Status Register     		  Data_to_Write=0x0 		 Status=Pass
Time=356245330.000 ns 		 SPI_clock_frequency=3000Hz 		 SPI_MODE=0 		 Operation=Read  		 Data_Size=8 bits 		 Slave_address=0x02 		 Selected_Register=Status Register     		  Data_to_Write=0x55 		 Status=Pass
Time=361412730.000 ns 		 SPI_clock_frequency=3000Hz 		 SPI_MODE=0 		 Operation=Read  		 Data_Size=8 bits 		 Slave_address=0x02 		 Selected_Register=Status Register     		  Data_to_Write=0xaa 		 Status=Pass
Time=366580130.000 ns 		 SPI_clock_frequency=3000Hz 		 SPI_MODE=0 		 Operation=Read  		 Data_Size=8 bits 		 Slave_address=0x02 		 Selected_Register=Status Register     		  Data_to_Write=0xbe 		 Status=Pass
Time=371747530.000 ns 		 SPI_clock_frequency=3000Hz 		 SPI_MODE=0 		 Operation=Read  		 Data_Size=8 bits 		 Slave_address=0x02 		 Selected_Register=Status Register     		  Data_to_Write=0xff 		 Status=Pass
Time=376914930.000 ns 		 SPI_clock_frequency=3000Hz 		 SPI_MODE=1 		 Operation=Write 		 Data_Size=8 bits 		 Slave_address=0x02 		 Selected_Register=Status Register    		  Data_to_Write=0x0 		 Status=Pass
Time=382082330.000 ns 		 SPI_clock_frequency=3000Hz 		 SPI_MODE=1 		 Operation=Write 		 Data_Size=8 bits 		 Slave_address=0x02 		 Selected_Register=Status Register    		  Data_to_Write=0x55 		 Status=Pass
Time=387249730.000 ns 		 SPI_clock_frequency=3000Hz 		 SPI_MODE=1 		 Operation=Write 		 Data_Size=8 bits 		 Slave_address=0x02 		 Selected_Register=Status Register    		  Data_to_Write=0xaa 		 Status=Pass
Time=392417130.000 ns 		 SPI_clock_frequency=3000Hz 		 SPI_MODE=1 		 Operation=Write 		 Data_Size=8 bits 		 Slave_address=0x02 		 Selected_Register=Status Register    		  Data_to_Write=0xbe 		 Status=Pass
Time=397584530.000 ns 		 SPI_clock_frequency=3000Hz 		 SPI_MODE=1 		 Operation=Write 		 Data_Size=8 bits 		 Slave_address=0x02 		 Selected_Register=Status Register    		  Data_to_Write=0xff 		 Status=Pass
Time=402751930.000 ns 		 SPI_clock_frequency=3000Hz 		 SPI_MODE=1 		 Operation=Read  		 Data_Size=8 bits 		 Slave_address=0x02 		 Selected_Register=Status Register     		  Data_to_Write=0x0 		 Status=Pass
Time=407919330.000 ns 		 SPI_clock_frequency=3000Hz 		 SPI_MODE=1 		 Operation=Read  		 Data_Size=8 bits 		 Slave_address=0x02 		 Selected_Register=Status Register     		  Data_to_Write=0x55 		 Status=Pass
Time=413086730.000 ns 		 SPI_clock_frequency=3000Hz 		 SPI_MODE=1 		 Operation=Read  		 Data_Size=8 bits 		 Slave_address=0x02 		 Selected_Register=Status Register     		  Data_to_Write=0xaa 		 Status=Pass
Time=418254130.000 ns 		 SPI_clock_frequency=3000Hz 		 SPI_MODE=1 		 Operation=Read  		 Data_Size=8 bits 		 Slave_address=0x02 		 Selected_Register=Status Register     		  Data_to_Write=0xbe 		 Status=Pass
Time=423421530.000 ns 		 SPI_clock_frequency=3000Hz 		 SPI_MODE=1 		 Operation=Read  		 Data_Size=8 bits 		 Slave_address=0x02 		 Selected_Register=Status Register     		  Data_to_Write=0xff 		 Status=Pass
Time=428922250.000 ns 		 SPI_clock_frequency=3000Hz 		 SPI_MODE=2 		 Operation=Write 		 Data_Size=8 bits 		 Slave_address=0x02 		 Selected_Register=Status Register    		  Data_to_Write=0x0 		 Status=Pass
Time=434422970.000 ns 		 SPI_clock_frequency=3000Hz 		 SPI_MODE=2 		 Operation=Write 		 Data_Size=8 bits 		 Slave_address=0x02 		 Selected_Register=Status Register    		  Data_to_Write=0x55 		 Status=Pass
Time=439923690.000 ns 		 SPI_clock_frequency=3000Hz 		 SPI_MODE=2 		 Operation=Write 		 Data_Size=8 bits 		 Slave_address=0x02 		 Selected_Register=Status Register    		  Data_to_Write=0xaa 		 Status=Pass
Time=445424410.000 ns 		 SPI_clock_frequency=3000Hz 		 SPI_MODE=2 		 Operation=Write 		 Data_Size=8 bits 		 Slave_address=0x02 		 Selected_Register=Status Register    		  Data_to_Write=0xbe 		 Status=Pass
Time=450925130.000 ns 		 SPI_clock_frequency=3000Hz 		 SPI_MODE=2 		 Operation=Write 		 Data_Size=8 bits 		 Slave_address=0x02 		 Selected_Register=Status Register    		  Data_to_Write=0xff 		 Status=Pass
Time=456425850.000 ns 		 SPI_clock_frequency=3000Hz 		 SPI_MODE=2 		 Operation=Read  		 Data_Size=8 bits 		 Slave_address=0x02 		 Selected_Register=Status Register     		  Data_to_Write=0x0 		 Status=Pass
Time=461926570.000 ns 		 SPI_clock_frequency=3000Hz 		 SPI_MODE=2 		 Operation=Read  		 Data_Size=8 bits 		 Slave_address=0x02 		 Selected_Register=Status Register     		  Data_to_Write=0x55 		 Status=Pass
Time=467427290.000 ns 		 SPI_clock_frequency=3000Hz 		 SPI_MODE=2 		 Operation=Read  		 Data_Size=8 bits 		 Slave_address=0x02 		 Selected_Register=Status Register     		  Data_to_Write=0xaa 		 Status=Pass
Time=472928010.000 ns 		 SPI_clock_frequency=3000Hz 		 SPI_MODE=2 		 Operation=Read  		 Data_Size=8 bits 		 Slave_address=0x02 		 Selected_Register=Status Register     		  Data_to_Write=0xbe 		 Status=Pass
Time=478428730.000 ns 		 SPI_clock_frequency=3000Hz 		 SPI_MODE=2 		 Operation=Read  		 Data_Size=8 bits 		 Slave_address=0x02 		 Selected_Register=Status Register     		  Data_to_Write=0xff 		 Status=Pass
Time=483929450.000 ns 		 SPI_clock_frequency=3000Hz 		 SPI_MODE=3 		 Operation=Write 		 Data_Size=8 bits 		 Slave_address=0x02 		 Selected_Register=Status Register    		  Data_to_Write=0x0 		 Status=Pass
Time=489430170.000 ns 		 SPI_clock_frequency=3000Hz 		 SPI_MODE=3 		 Operation=Write 		 Data_Size=8 bits 		 Slave_address=0x02 		 Selected_Register=Status Register    		  Data_to_Write=0x55 		 Status=Pass
Time=494930890.000 ns 		 SPI_clock_frequency=3000Hz 		 SPI_MODE=3 		 Operation=Write 		 Data_Size=8 bits 		 Slave_address=0x02 		 Selected_Register=Status Register    		  Data_to_Write=0xaa 		 Status=Pass
Time=500431610.000 ns 		 SPI_clock_frequency=3000Hz 		 SPI_MODE=3 		 Operation=Write 		 Data_Size=8 bits 		 Slave_address=0x02 		 Selected_Register=Status Register    		  Data_to_Write=0xbe 		 Status=Pass
Time=505932330.000 ns 		 SPI_clock_frequency=3000Hz 		 SPI_MODE=3 		 Operation=Write 		 Data_Size=8 bits 		 Slave_address=0x02 		 Selected_Register=Status Register    		  Data_to_Write=0xff 		 Status=Pass
Time=511433050.000 ns 		 SPI_clock_frequency=3000Hz 		 SPI_MODE=3 		 Operation=Read  		 Data_Size=8 bits 		 Slave_address=0x02 		 Selected_Register=Status Register     		  Data_to_Write=0x0 		 Status=Pass
Time=516933770.000 ns 		 SPI_clock_frequency=3000Hz 		 SPI_MODE=3 		 Operation=Read  		 Data_Size=8 bits 		 Slave_address=0x02 		 Selected_Register=Status Register     		  Data_to_Write=0x55 		 Status=Pass
Time=522434490.000 ns 		 SPI_clock_frequency=3000Hz 		 SPI_MODE=3 		 Operation=Read  		 Data_Size=8 bits 		 Slave_address=0x02 		 Selected_Register=Status Register     		  Data_to_Write=0xaa 		 Status=Pass
Time=527935210.000 ns 		 SPI_clock_frequency=3000Hz 		 SPI_MODE=3 		 Operation=Read  		 Data_Size=8 bits 		 Slave_address=0x02 		 Selected_Register=Status Register     		  Data_to_Write=0xbe 		 Status=Pass
Time=533435930.000 ns 		 SPI_clock_frequency=3000Hz 		 SPI_MODE=3 		 Operation=Read  		 Data_Size=8 bits 		 Slave_address=0x02 		 Selected_Register=Status Register     		  Data_to_Write=0xff 		 Status=Pass
Time=538603330.000 ns 		 SPI_clock_frequency=3000Hz 		 SPI_MODE=0 		 Operation=Write 		 Data_Size=8 bits 		 Slave_address=0x03 		 Selected_Register=Data Register      		  Data_to_Write=0x0 		 Status=Pass
Time=543770730.000 ns 		 SPI_clock_frequency=3000Hz 		 SPI_MODE=0 		 Operation=Write 		 Data_Size=8 bits 		 Slave_address=0x03 		 Selected_Register=Data Register      		  Data_to_Write=0x55 		 Status=Pass
Time=548938130.000 ns 		 SPI_clock_frequency=3000Hz 		 SPI_MODE=0 		 Operation=Write 		 Data_Size=8 bits 		 Slave_address=0x03 		 Selected_Register=Data Register      		  Data_to_Write=0xaa 		 Status=Pass
Time=554105530.000 ns 		 SPI_clock_frequency=3000Hz 		 SPI_MODE=0 		 Operation=Write 		 Data_Size=8 bits 		 Slave_address=0x03 		 Selected_Register=Data Register      		  Data_to_Write=0xbe 		 Status=Pass
Time=559272930.000 ns 		 SPI_clock_frequency=3000Hz 		 SPI_MODE=0 		 Operation=Write 		 Data_Size=8 bits 		 Slave_address=0x03 		 Selected_Register=Data Register      		  Data_to_Write=0xff 		 Status=Pass
Time=564440330.000 ns 		 SPI_clock_frequency=3000Hz 		 SPI_MODE=0 		 Operation=Read  		 Data_Size=8 bits 		 Slave_address=0x03 		 Selected_Register=Data Register       		  Data_to_Write=0x0 		 Status=Pass
Time=569607730.000 ns 		 SPI_clock_frequency=3000Hz 		 SPI_MODE=0 		 Operation=Read  		 Data_Size=8 bits 		 Slave_address=0x03 		 Selected_Register=Data Register       		  Data_to_Write=0x55 		 Status=Pass
Time=574775130.000 ns 		 SPI_clock_frequency=3000Hz 		 SPI_MODE=0 		 Operation=Read  		 Data_Size=8 bits 		 Slave_address=0x03 		 Selected_Register=Data Register       		  Data_to_Write=0xaa 		 Status=Pass
Time=579942530.000 ns 		 SPI_clock_frequency=3000Hz 		 SPI_MODE=0 		 Operation=Read  		 Data_Size=8 bits 		 Slave_address=0x03 		 Selected_Register=Data Register       		  Data_to_Write=0xbe 		 Status=Pass
Time=585109930.000 ns 		 SPI_clock_frequency=3000Hz 		 SPI_MODE=0 		 Operation=Read  		 Data_Size=8 bits 		 Slave_address=0x03 		 Selected_Register=Data Register       		  Data_to_Write=0xff 		 Status=Pass
Time=590277330.000 ns 		 SPI_clock_frequency=3000Hz 		 SPI_MODE=1 		 Operation=Write 		 Data_Size=8 bits 		 Slave_address=0x03 		 Selected_Register=Data Register      		  Data_to_Write=0x0 		 Status=Pass
Time=595444730.000 ns 		 SPI_clock_frequency=3000Hz 		 SPI_MODE=1 		 Operation=Write 		 Data_Size=8 bits 		 Slave_address=0x03 		 Selected_Register=Data Register      		  Data_to_Write=0x55 		 Status=Pass
Time=600612130.000 ns 		 SPI_clock_frequency=3000Hz 		 SPI_MODE=1 		 Operation=Write 		 Data_Size=8 bits 		 Slave_address=0x03 		 Selected_Register=Data Register      		  Data_to_Write=0xaa 		 Status=Pass
Time=605779530.000 ns 		 SPI_clock_frequency=3000Hz 		 SPI_MODE=1 		 Operation=Write 		 Data_Size=8 bits 		 Slave_address=0x03 		 Selected_Register=Data Register      		  Data_to_Write=0xbe 		 Status=Pass
Time=610946930.000 ns 		 SPI_clock_frequency=3000Hz 		 SPI_MODE=1 		 Operation=Write 		 Data_Size=8 bits 		 Slave_address=0x03 		 Selected_Register=Data Register      		  Data_to_Write=0xff 		 Status=Pass
Time=616114330.000 ns 		 SPI_clock_frequency=3000Hz 		 SPI_MODE=1 		 Operation=Read  		 Data_Size=8 bits 		 Slave_address=0x03 		 Selected_Register=Data Register       		  Data_to_Write=0x0 		 Status=Pass
Time=621281730.000 ns 		 SPI_clock_frequency=3000Hz 		 SPI_MODE=1 		 Operation=Read  		 Data_Size=8 bits 		 Slave_address=0x03 		 Selected_Register=Data Register       		  Data_to_Write=0x55 		 Status=Pass
Time=626449130.000 ns 		 SPI_clock_frequency=3000Hz 		 SPI_MODE=1 		 Operation=Read  		 Data_Size=8 bits 		 Slave_address=0x03 		 Selected_Register=Data Register       		  Data_to_Write=0xaa 		 Status=Pass
Time=631616530.000 ns 		 SPI_clock_frequency=3000Hz 		 SPI_MODE=1 		 Operation=Read  		 Data_Size=8 bits 		 Slave_address=0x03 		 Selected_Register=Data Register       		  Data_to_Write=0xbe 		 Status=Pass
Time=636783930.000 ns 		 SPI_clock_frequency=3000Hz 		 SPI_MODE=1 		 Operation=Read  		 Data_Size=8 bits 		 Slave_address=0x03 		 Selected_Register=Data Register       		  Data_to_Write=0xff 		 Status=Pass
Time=642284650.000 ns 		 SPI_clock_frequency=3000Hz 		 SPI_MODE=2 		 Operation=Write 		 Data_Size=8 bits 		 Slave_address=0x03 		 Selected_Register=Data Register      		  Data_to_Write=0x0 		 Status=Pass
Time=647785370.000 ns 		 SPI_clock_frequency=3000Hz 		 SPI_MODE=2 		 Operation=Write 		 Data_Size=8 bits 		 Slave_address=0x03 		 Selected_Register=Data Register      		  Data_to_Write=0x55 		 Status=Pass
Time=653286090.000 ns 		 SPI_clock_frequency=3000Hz 		 SPI_MODE=2 		 Operation=Write 		 Data_Size=8 bits 		 Slave_address=0x03 		 Selected_Register=Data Register      		  Data_to_Write=0xaa 		 Status=Pass
Time=658786810.000 ns 		 SPI_clock_frequency=3000Hz 		 SPI_MODE=2 		 Operation=Write 		 Data_Size=8 bits 		 Slave_address=0x03 		 Selected_Register=Data Register      		  Data_to_Write=0xbe 		 Status=Pass
Time=664287530.000 ns 		 SPI_clock_frequency=3000Hz 		 SPI_MODE=2 		 Operation=Write 		 Data_Size=8 bits 		 Slave_address=0x03 		 Selected_Register=Data Register      		  Data_to_Write=0xff 		 Status=Pass
Time=669788250.000 ns 		 SPI_clock_frequency=3000Hz 		 SPI_MODE=2 		 Operation=Read  		 Data_Size=8 bits 		 Slave_address=0x03 		 Selected_Register=Data Register       		  Data_to_Write=0x0 		 Status=Pass
Time=675288970.000 ns 		 SPI_clock_frequency=3000Hz 		 SPI_MODE=2 		 Operation=Read  		 Data_Size=8 bits 		 Slave_address=0x03 		 Selected_Register=Data Register       		  Data_to_Write=0x55 		 Status=Pass
Time=680789690.000 ns 		 SPI_clock_frequency=3000Hz 		 SPI_MODE=2 		 Operation=Read  		 Data_Size=8 bits 		 Slave_address=0x03 		 Selected_Register=Data Register       		  Data_to_Write=0xaa 		 Status=Pass
Time=686290410.000 ns 		 SPI_clock_frequency=3000Hz 		 SPI_MODE=2 		 Operation=Read  		 Data_Size=8 bits 		 Slave_address=0x03 		 Selected_Register=Data Register       		  Data_to_Write=0xbe 		 Status=Pass
Time=691791130.000 ns 		 SPI_clock_frequency=3000Hz 		 SPI_MODE=2 		 Operation=Read  		 Data_Size=8 bits 		 Slave_address=0x03 		 Selected_Register=Data Register       		  Data_to_Write=0xff 		 Status=Pass
Time=697291850.000 ns 		 SPI_clock_frequency=3000Hz 		 SPI_MODE=3 		 Operation=Write 		 Data_Size=8 bits 		 Slave_address=0x03 		 Selected_Register=Data Register      		  Data_to_Write=0x0 		 Status=Pass
Time=702792570.000 ns 		 SPI_clock_frequency=3000Hz 		 SPI_MODE=3 		 Operation=Write 		 Data_Size=8 bits 		 Slave_address=0x03 		 Selected_Register=Data Register      		  Data_to_Write=0x55 		 Status=Pass
Time=708293290.000 ns 		 SPI_clock_frequency=3000Hz 		 SPI_MODE=3 		 Operation=Write 		 Data_Size=8 bits 		 Slave_address=0x03 		 Selected_Register=Data Register      		  Data_to_Write=0xaa 		 Status=Pass
Time=713794010.000 ns 		 SPI_clock_frequency=3000Hz 		 SPI_MODE=3 		 Operation=Write 		 Data_Size=8 bits 		 Slave_address=0x03 		 Selected_Register=Data Register      		  Data_to_Write=0xbe 		 Status=Pass
Time=719294730.000 ns 		 SPI_clock_frequency=3000Hz 		 SPI_MODE=3 		 Operation=Write 		 Data_Size=8 bits 		 Slave_address=0x03 		 Selected_Register=Data Register      		  Data_to_Write=0xff 		 Status=Pass
Time=724795450.000 ns 		 SPI_clock_frequency=3000Hz 		 SPI_MODE=3 		 Operation=Read  		 Data_Size=8 bits 		 Slave_address=0x03 		 Selected_Register=Data Register       		  Data_to_Write=0x0 		 Status=Pass
Time=730296170.000 ns 		 SPI_clock_frequency=3000Hz 		 SPI_MODE=3 		 Operation=Read  		 Data_Size=8 bits 		 Slave_address=0x03 		 Selected_Register=Data Register       		  Data_to_Write=0x55 		 Status=Pass
Time=735796890.000 ns 		 SPI_clock_frequency=3000Hz 		 SPI_MODE=3 		 Operation=Read  		 Data_Size=8 bits 		 Slave_address=0x03 		 Selected_Register=Data Register       		  Data_to_Write=0xaa 		 Status=Pass
Time=741297610.000 ns 		 SPI_clock_frequency=3000Hz 		 SPI_MODE=3 		 Operation=Read  		 Data_Size=8 bits 		 Slave_address=0x03 		 Selected_Register=Data Register       		  Data_to_Write=0xbe 		 Status=Pass
Time=746798330.000 ns 		 SPI_clock_frequency=3000Hz 		 SPI_MODE=3 		 Operation=Read  		 Data_Size=8 bits 		 Slave_address=0x03 		 Selected_Register=Data Register       		  Data_to_Write=0xff 		 Status=Pass
 ERROR: Invalid Slave Address (04)
 ERROR: Invalid Slave Address (04)
 ERROR: Invalid Slave Address (04)
 ERROR: Invalid Slave Address (04)
 ERROR: Invalid Slave Address (04)
 ERROR: Invalid Slave Address (04)
 ERROR: Invalid Slave Address (04)
 ERROR: Invalid Slave Address (04)
 ERROR: Invalid Slave Address (04)
 ERROR: Invalid Slave Address (04)
 ERROR: Invalid Slave Address (04)
 ERROR: Invalid Slave Address (04)
 ERROR: Invalid Slave Address (04)
 ERROR: Invalid Slave Address (04)
 ERROR: Invalid Slave Address (04)
 ERROR: Invalid Slave Address (04)
 ERROR: Invalid Slave Address (04)
 ERROR: Invalid Slave Address (04)
 ERROR: Invalid Slave Address (04)
 ERROR: Invalid Slave Address (04)
 ERROR: Invalid Slave Address (04)
 ERROR: Invalid Slave Address (04)
 ERROR: Invalid Slave Address (04)
 ERROR: Invalid Slave Address (04)
 ERROR: Invalid Slave Address (04)
 ERROR: Invalid Slave Address (04)
 ERROR: Invalid Slave Address (04)
 ERROR: Invalid Slave Address (04)
 ERROR: Invalid Slave Address (04)
 ERROR: Invalid Slave Address (04)
 ERROR: Invalid Slave Address (04)
 ERROR: Invalid Slave Address (04)
 ERROR: Invalid Slave Address (04)
 ERROR: Invalid Slave Address (04)
 ERROR: Invalid Slave Address (04)
 ERROR: Invalid Slave Address (04)
 ERROR: Invalid Slave Address (04)
 ERROR: Invalid Slave Address (04)
 ERROR: Invalid Slave Address (04)
 ERROR: Invalid Slave Address (04)
 ERROR: Invalid Slave Address (05)
 ERROR: Invalid Slave Address (05)
 ERROR: Invalid Slave Address (05)
 ERROR: Invalid Slave Address (05)
 ERROR: Invalid Slave Address (05)
 ERROR: Invalid Slave Address (05)
 ERROR: Invalid Slave Address (05)
 ERROR: Invalid Slave Address (05)
 ERROR: Invalid Slave Address (05)
 ERROR: Invalid Slave Address (05)
 ERROR: Invalid Slave Address (05)
 ERROR: Invalid Slave Address (05)
 ERROR: Invalid Slave Address (05)
 ERROR: Invalid Slave Address (05)
 ERROR: Invalid Slave Address (05)
 ERROR: Invalid Slave Address (05)
 ERROR: Invalid Slave Address (05)
 ERROR: Invalid Slave Address (05)
 ERROR: Invalid Slave Address (05)
 ERROR: Invalid Slave Address (05)
 ERROR: Invalid Slave Address (05)
 ERROR: Invalid Slave Address (05)
 ERROR: Invalid Slave Address (05)
 ERROR: Invalid Slave Address (05)
 ERROR: Invalid Slave Address (05)
 ERROR: Invalid Slave Address (05)
 ERROR: Invalid Slave Address (05)
 ERROR: Invalid Slave Address (05)
 ERROR: Invalid Slave Address (05)
 ERROR: Invalid Slave Address (05)
 ERROR: Invalid Slave Address (05)
 ERROR: Invalid Slave Address (05)
 ERROR: Invalid Slave Address (05)
 ERROR: Invalid Slave Address (05)
 ERROR: Invalid Slave Address (05)
 ERROR: Invalid Slave Address (05)
 ERROR: Invalid Slave Address (05)
 ERROR: Invalid Slave Address (05)
 ERROR: Invalid Slave Address (05)
 ERROR: Invalid Slave Address (05)
 ERROR: Writing a read only register (Device ID)
 ERROR: Writing a read only register (Device ID)
 ERROR: Writing a read only register (Device ID)
 ERROR: Writing a read only register (Device ID)
 ERROR: Writing a read only register (Device ID)
Time=754637390.000 ns 		 SPI_clock_frequency=3000Hz 		 SPI_MODE=0 		 Operation=Read  		 Data_Size=16 bits 		 Slave_address=0x00 		 Selected_Register=Device ID          		  Data_to_Write=0x0 		 Status=Pass
Time=762471350.000 ns 		 SPI_clock_frequency=3000Hz 		 SPI_MODE=0 		 Operation=Read  		 Data_Size=16 bits 		 Slave_address=0x00 		 Selected_Register=Device ID          		  Data_to_Write=0x5555 		 Status=Pass
Time=770305310.000 ns 		 SPI_clock_frequency=3000Hz 		 SPI_MODE=0 		 Operation=Read  		 Data_Size=16 bits 		 Slave_address=0x00 		 Selected_Register=Device ID          		  Data_to_Write=0xaaaa 		 Status=Pass
Time=778139270.000 ns 		 SPI_clock_frequency=3000Hz 		 SPI_MODE=0 		 Operation=Read  		 Data_Size=16 bits 		 Slave_address=0x00 		 Selected_Register=Device ID          		  Data_to_Write=0x3478 		 Status=Pass
Time=785973230.000 ns 		 SPI_clock_frequency=3000Hz 		 SPI_MODE=0 		 Operation=Read  		 Data_Size=16 bits 		 Slave_address=0x00 		 Selected_Register=Device ID          		  Data_to_Write=0xffff 		 Status=Pass
 ERROR: Writing a read only register (Device ID)
 ERROR: Writing a read only register (Device ID)
 ERROR: Writing a read only register (Device ID)
 ERROR: Writing a read only register (Device ID)
 ERROR: Writing a read only register (Device ID)
Time=793807490.000 ns 		 SPI_clock_frequency=3000Hz 		 SPI_MODE=1 		 Operation=Read  		 Data_Size=16 bits 		 Slave_address=0x00 		 Selected_Register=Device ID          		  Data_to_Write=0x0 		 Status=Pass
Time=801641450.000 ns 		 SPI_clock_frequency=3000Hz 		 SPI_MODE=1 		 Operation=Read  		 Data_Size=16 bits 		 Slave_address=0x00 		 Selected_Register=Device ID          		  Data_to_Write=0x5555 		 Status=Pass
Time=809475410.000 ns 		 SPI_clock_frequency=3000Hz 		 SPI_MODE=1 		 Operation=Read  		 Data_Size=16 bits 		 Slave_address=0x00 		 Selected_Register=Device ID          		  Data_to_Write=0xaaaa 		 Status=Pass
Time=817309370.000 ns 		 SPI_clock_frequency=3000Hz 		 SPI_MODE=1 		 Operation=Read  		 Data_Size=16 bits 		 Slave_address=0x00 		 Selected_Register=Device ID          		  Data_to_Write=0x3478 		 Status=Pass
Time=825143330.000 ns 		 SPI_clock_frequency=3000Hz 		 SPI_MODE=1 		 Operation=Read  		 Data_Size=16 bits 		 Slave_address=0x00 		 Selected_Register=Device ID          		  Data_to_Write=0xffff 		 Status=Pass
 ERROR: Writing a read only register (Device ID)
 ERROR: Writing a read only register (Device ID)
 ERROR: Writing a read only register (Device ID)
 ERROR: Writing a read only register (Device ID)
 ERROR: Writing a read only register (Device ID)
Time=833310910.000 ns 		 SPI_clock_frequency=3000Hz 		 SPI_MODE=2 		 Operation=Read  		 Data_Size=16 bits 		 Slave_address=0x00 		 Selected_Register=Device ID          		  Data_to_Write=0x0 		 Status=Pass
Time=841478190.000 ns 		 SPI_clock_frequency=3000Hz 		 SPI_MODE=2 		 Operation=Read  		 Data_Size=16 bits 		 Slave_address=0x00 		 Selected_Register=Device ID          		  Data_to_Write=0x5555 		 Status=Pass
Time=849645470.000 ns 		 SPI_clock_frequency=3000Hz 		 SPI_MODE=2 		 Operation=Read  		 Data_Size=16 bits 		 Slave_address=0x00 		 Selected_Register=Device ID          		  Data_to_Write=0xaaaa 		 Status=Pass
Time=857812750.000 ns 		 SPI_clock_frequency=3000Hz 		 SPI_MODE=2 		 Operation=Read  		 Data_Size=16 bits 		 Slave_address=0x00 		 Selected_Register=Device ID          		  Data_to_Write=0x3478 		 Status=Pass
Time=865980030.000 ns 		 SPI_clock_frequency=3000Hz 		 SPI_MODE=2 		 Operation=Read  		 Data_Size=16 bits 		 Slave_address=0x00 		 Selected_Register=Device ID          		  Data_to_Write=0xffff 		 Status=Pass
 ERROR: Writing a read only register (Device ID)
 ERROR: Writing a read only register (Device ID)
 ERROR: Writing a read only register (Device ID)
 ERROR: Writing a read only register (Device ID)
 ERROR: Writing a read only register (Device ID)
Time=874147610.000 ns 		 SPI_clock_frequency=3000Hz 		 SPI_MODE=3 		 Operation=Read  		 Data_Size=16 bits 		 Slave_address=0x00 		 Selected_Register=Device ID          		  Data_to_Write=0x0 		 Status=Pass
Time=882314890.000 ns 		 SPI_clock_frequency=3000Hz 		 SPI_MODE=3 		 Operation=Read  		 Data_Size=16 bits 		 Slave_address=0x00 		 Selected_Register=Device ID          		  Data_to_Write=0x5555 		 Status=Pass
Time=890482170.000 ns 		 SPI_clock_frequency=3000Hz 		 SPI_MODE=3 		 Operation=Read  		 Data_Size=16 bits 		 Slave_address=0x00 		 Selected_Register=Device ID          		  Data_to_Write=0xaaaa 		 Status=Pass
Time=898649450.000 ns 		 SPI_clock_frequency=3000Hz 		 SPI_MODE=3 		 Operation=Read  		 Data_Size=16 bits 		 Slave_address=0x00 		 Selected_Register=Device ID          		  Data_to_Write=0x3478 		 Status=Pass
Time=906816730.000 ns 		 SPI_clock_frequency=3000Hz 		 SPI_MODE=3 		 Operation=Read  		 Data_Size=16 bits 		 Slave_address=0x00 		 Selected_Register=Device ID          		  Data_to_Write=0xffff 		 Status=Pass
Time=914650690.000 ns 		 SPI_clock_frequency=3000Hz 		 SPI_MODE=0 		 Operation=Write 		 Data_Size=16 bits 		 Slave_address=0x01 		 Selected_Register=Control Register 		  Data_to_Write=0x0 		 Status=Pass
Time=922484650.000 ns 		 SPI_clock_frequency=3000Hz 		 SPI_MODE=0 		 Operation=Write 		 Data_Size=16 bits 		 Slave_address=0x01 		 Selected_Register=Control Register 		  Data_to_Write=0x5555 		 Status=Pass
Time=930318610.000 ns 		 SPI_clock_frequency=3000Hz 		 SPI_MODE=0 		 Operation=Write 		 Data_Size=16 bits 		 Slave_address=0x01 		 Selected_Register=Control Register 		  Data_to_Write=0xaaaa 		 Status=Pass
Time=938152570.000 ns 		 SPI_clock_frequency=3000Hz 		 SPI_MODE=0 		 Operation=Write 		 Data_Size=16 bits 		 Slave_address=0x01 		 Selected_Register=Control Register 		  Data_to_Write=0x3478 		 Status=Pass
Time=945986530.000 ns 		 SPI_clock_frequency=3000Hz 		 SPI_MODE=0 		 Operation=Write 		 Data_Size=16 bits 		 Slave_address=0x01 		 Selected_Register=Control Register 		  Data_to_Write=0xffff 		 Status=Pass
Time=953820490.000 ns 		 SPI_clock_frequency=3000Hz 		 SPI_MODE=0 		 Operation=Read  		 Data_Size=16 bits 		 Slave_address=0x01 		 Selected_Register=Control Register 		  Data_to_Write=0x0 		 Status=Pass
Time=961654450.000 ns 		 SPI_clock_frequency=3000Hz 		 SPI_MODE=0 		 Operation=Read  		 Data_Size=16 bits 		 Slave_address=0x01 		 Selected_Register=Control Register 		  Data_to_Write=0x5555 		 Status=Pass
Time=969488410.000 ns 		 SPI_clock_frequency=3000Hz 		 SPI_MODE=0 		 Operation=Read  		 Data_Size=16 bits 		 Slave_address=0x01 		 Selected_Register=Control Register 		  Data_to_Write=0xaaaa 		 Status=Pass
Time=977322370.000 ns 		 SPI_clock_frequency=3000Hz 		 SPI_MODE=0 		 Operation=Read  		 Data_Size=16 bits 		 Slave_address=0x01 		 Selected_Register=Control Register 		  Data_to_Write=0x3478 		 Status=Pass
Time=985156330.000 ns 		 SPI_clock_frequency=3000Hz 		 SPI_MODE=0 		 Operation=Read  		 Data_Size=16 bits 		 Slave_address=0x01 		 Selected_Register=Control Register 		  Data_to_Write=0xffff 		 Status=Pass
Time=992990290.000 ns 		 SPI_clock_frequency=3000Hz 		 SPI_MODE=1 		 Operation=Write 		 Data_Size=16 bits 		 Slave_address=0x01 		 Selected_Register=Control Register 		  Data_to_Write=0x0 		 Status=Pass
Time=1000824250.000 ns 		 SPI_clock_frequency=3000Hz 		 SPI_MODE=1 		 Operation=Write 		 Data_Size=16 bits 		 Slave_address=0x01 		 Selected_Register=Control Register 		  Data_to_Write=0x5555 		 Status=Pass
Time=1008658210.000 ns 		 SPI_clock_frequency=3000Hz 		 SPI_MODE=1 		 Operation=Write 		 Data_Size=16 bits 		 Slave_address=0x01 		 Selected_Register=Control Register 		  Data_to_Write=0xaaaa 		 Status=Pass
Time=1016492170.000 ns 		 SPI_clock_frequency=3000Hz 		 SPI_MODE=1 		 Operation=Write 		 Data_Size=16 bits 		 Slave_address=0x01 		 Selected_Register=Control Register 		  Data_to_Write=0x3478 		 Status=Pass
Time=1024326130.000 ns 		 SPI_clock_frequency=3000Hz 		 SPI_MODE=1 		 Operation=Write 		 Data_Size=16 bits 		 Slave_address=0x01 		 Selected_Register=Control Register 		  Data_to_Write=0xffff 		 Status=Pass
Time=1032160090.000 ns 		 SPI_clock_frequency=3000Hz 		 SPI_MODE=1 		 Operation=Read  		 Data_Size=16 bits 		 Slave_address=0x01 		 Selected_Register=Control Register 		  Data_to_Write=0x0 		 Status=Pass
Time=1039994050.000 ns 		 SPI_clock_frequency=3000Hz 		 SPI_MODE=1 		 Operation=Read  		 Data_Size=16 bits 		 Slave_address=0x01 		 Selected_Register=Control Register 		  Data_to_Write=0x5555 		 Status=Pass
Time=1047828010.000 ns 		 SPI_clock_frequency=3000Hz 		 SPI_MODE=1 		 Operation=Read  		 Data_Size=16 bits 		 Slave_address=0x01 		 Selected_Register=Control Register 		  Data_to_Write=0xaaaa 		 Status=Pass
Time=1055661970.000 ns 		 SPI_clock_frequency=3000Hz 		 SPI_MODE=1 		 Operation=Read  		 Data_Size=16 bits 		 Slave_address=0x01 		 Selected_Register=Control Register 		  Data_to_Write=0x3478 		 Status=Pass
Time=1063495930.000 ns 		 SPI_clock_frequency=3000Hz 		 SPI_MODE=1 		 Operation=Read  		 Data_Size=16 bits 		 Slave_address=0x01 		 Selected_Register=Control Register 		  Data_to_Write=0xffff 		 Status=Pass
Time=1071663210.000 ns 		 SPI_clock_frequency=3000Hz 		 SPI_MODE=2 		 Operation=Write 		 Data_Size=16 bits 		 Slave_address=0x01 		 Selected_Register=Control Register 		  Data_to_Write=0x0 		 Status=Pass
Time=1079830490.000 ns 		 SPI_clock_frequency=3000Hz 		 SPI_MODE=2 		 Operation=Write 		 Data_Size=16 bits 		 Slave_address=0x01 		 Selected_Register=Control Register 		  Data_to_Write=0x5555 		 Status=Pass
Time=1087997770.000 ns 		 SPI_clock_frequency=3000Hz 		 SPI_MODE=2 		 Operation=Write 		 Data_Size=16 bits 		 Slave_address=0x01 		 Selected_Register=Control Register 		  Data_to_Write=0xaaaa 		 Status=Pass
Time=1096165050.000 ns 		 SPI_clock_frequency=3000Hz 		 SPI_MODE=2 		 Operation=Write 		 Data_Size=16 bits 		 Slave_address=0x01 		 Selected_Register=Control Register 		  Data_to_Write=0x3478 		 Status=Pass
Time=1104332330.000 ns 		 SPI_clock_frequency=3000Hz 		 SPI_MODE=2 		 Operation=Write 		 Data_Size=16 bits 		 Slave_address=0x01 		 Selected_Register=Control Register 		  Data_to_Write=0xffff 		 Status=Pass
Time=1112499610.000 ns 		 SPI_clock_frequency=3000Hz 		 SPI_MODE=2 		 Operation=Read  		 Data_Size=16 bits 		 Slave_address=0x01 		 Selected_Register=Control Register 		  Data_to_Write=0x0 		 Status=Pass
Time=1120666890.000 ns 		 SPI_clock_frequency=3000Hz 		 SPI_MODE=2 		 Operation=Read  		 Data_Size=16 bits 		 Slave_address=0x01 		 Selected_Register=Control Register 		  Data_to_Write=0x5555 		 Status=Pass
Time=1128834170.000 ns 		 SPI_clock_frequency=3000Hz 		 SPI_MODE=2 		 Operation=Read  		 Data_Size=16 bits 		 Slave_address=0x01 		 Selected_Register=Control Register 		  Data_to_Write=0xaaaa 		 Status=Pass
Time=1137001450.000 ns 		 SPI_clock_frequency=3000Hz 		 SPI_MODE=2 		 Operation=Read  		 Data_Size=16 bits 		 Slave_address=0x01 		 Selected_Register=Control Register 		  Data_to_Write=0x3478 		 Status=Pass
Time=1145168730.000 ns 		 SPI_clock_frequency=3000Hz 		 SPI_MODE=2 		 Operation=Read  		 Data_Size=16 bits 		 Slave_address=0x01 		 Selected_Register=Control Register 		  Data_to_Write=0xffff 		 Status=Pass
Time=1153336010.000 ns 		 SPI_clock_frequency=3000Hz 		 SPI_MODE=3 		 Operation=Write 		 Data_Size=16 bits 		 Slave_address=0x01 		 Selected_Register=Control Register 		  Data_to_Write=0x0 		 Status=Pass
Time=1161503290.000 ns 		 SPI_clock_frequency=3000Hz 		 SPI_MODE=3 		 Operation=Write 		 Data_Size=16 bits 		 Slave_address=0x01 		 Selected_Register=Control Register 		  Data_to_Write=0x5555 		 Status=Pass
Time=1169670570.000 ns 		 SPI_clock_frequency=3000Hz 		 SPI_MODE=3 		 Operation=Write 		 Data_Size=16 bits 		 Slave_address=0x01 		 Selected_Register=Control Register 		  Data_to_Write=0xaaaa 		 Status=Pass
Time=1177837850.000 ns 		 SPI_clock_frequency=3000Hz 		 SPI_MODE=3 		 Operation=Write 		 Data_Size=16 bits 		 Slave_address=0x01 		 Selected_Register=Control Register 		  Data_to_Write=0x3478 		 Status=Pass
Time=1186005130.000 ns 		 SPI_clock_frequency=3000Hz 		 SPI_MODE=3 		 Operation=Write 		 Data_Size=16 bits 		 Slave_address=0x01 		 Selected_Register=Control Register 		  Data_to_Write=0xffff 		 Status=Pass
Time=1194172410.000 ns 		 SPI_clock_frequency=3000Hz 		 SPI_MODE=3 		 Operation=Read  		 Data_Size=16 bits 		 Slave_address=0x01 		 Selected_Register=Control Register 		  Data_to_Write=0x0 		 Status=Pass
Time=1202339690.000 ns 		 SPI_clock_frequency=3000Hz 		 SPI_MODE=3 		 Operation=Read  		 Data_Size=16 bits 		 Slave_address=0x01 		 Selected_Register=Control Register 		  Data_to_Write=0x5555 		 Status=Pass
Time=1210506970.000 ns 		 SPI_clock_frequency=3000Hz 		 SPI_MODE=3 		 Operation=Read  		 Data_Size=16 bits 		 Slave_address=0x01 		 Selected_Register=Control Register 		  Data_to_Write=0xaaaa 		 Status=Pass
Time=1218674250.000 ns 		 SPI_clock_frequency=3000Hz 		 SPI_MODE=3 		 Operation=Read  		 Data_Size=16 bits 		 Slave_address=0x01 		 Selected_Register=Control Register 		  Data_to_Write=0x3478 		 Status=Pass
Time=1226841530.000 ns 		 SPI_clock_frequency=3000Hz 		 SPI_MODE=3 		 Operation=Read  		 Data_Size=16 bits 		 Slave_address=0x01 		 Selected_Register=Control Register 		  Data_to_Write=0xffff 		 Status=Pass
Time=1234675490.000 ns 		 SPI_clock_frequency=3000Hz 		 SPI_MODE=0 		 Operation=Write 		 Data_Size=16 bits 		 Slave_address=0x02 		 Selected_Register=Status Register    		  Data_to_Write=0x0 		 Status=Pass
Time=1242509450.000 ns 		 SPI_clock_frequency=3000Hz 		 SPI_MODE=0 		 Operation=Write 		 Data_Size=16 bits 		 Slave_address=0x02 		 Selected_Register=Status Register    		  Data_to_Write=0x5555 		 Status=Pass
Time=1250343410.000 ns 		 SPI_clock_frequency=3000Hz 		 SPI_MODE=0 		 Operation=Write 		 Data_Size=16 bits 		 Slave_address=0x02 		 Selected_Register=Status Register    		  Data_to_Write=0xaaaa 		 Status=Pass
Time=1258177370.000 ns 		 SPI_clock_frequency=3000Hz 		 SPI_MODE=0 		 Operation=Write 		 Data_Size=16 bits 		 Slave_address=0x02 		 Selected_Register=Status Register    		  Data_to_Write=0x3478 		 Status=Pass
Time=1266011330.000 ns 		 SPI_clock_frequency=3000Hz 		 SPI_MODE=0 		 Operation=Write 		 Data_Size=16 bits 		 Slave_address=0x02 		 Selected_Register=Status Register    		  Data_to_Write=0xffff 		 Status=Pass
Time=1273845290.000 ns 		 SPI_clock_frequency=3000Hz 		 SPI_MODE=0 		 Operation=Read  		 Data_Size=16 bits 		 Slave_address=0x02 		 Selected_Register=Status Register     		  Data_to_Write=0x0 		 Status=Pass
Time=1281679250.000 ns 		 SPI_clock_frequency=3000Hz 		 SPI_MODE=0 		 Operation=Read  		 Data_Size=16 bits 		 Slave_address=0x02 		 Selected_Register=Status Register     		  Data_to_Write=0x5555 		 Status=Pass
Time=1289513210.000 ns 		 SPI_clock_frequency=3000Hz 		 SPI_MODE=0 		 Operation=Read  		 Data_Size=16 bits 		 Slave_address=0x02 		 Selected_Register=Status Register     		  Data_to_Write=0xaaaa 		 Status=Pass
Time=1297347170.000 ns 		 SPI_clock_frequency=3000Hz 		 SPI_MODE=0 		 Operation=Read  		 Data_Size=16 bits 		 Slave_address=0x02 		 Selected_Register=Status Register     		  Data_to_Write=0x3478 		 Status=Pass
Time=1305181130.000 ns 		 SPI_clock_frequency=3000Hz 		 SPI_MODE=0 		 Operation=Read  		 Data_Size=16 bits 		 Slave_address=0x02 		 Selected_Register=Status Register     		  Data_to_Write=0xffff 		 Status=Pass
Time=1313015090.000 ns 		 SPI_clock_frequency=3000Hz 		 SPI_MODE=1 		 Operation=Write 		 Data_Size=16 bits 		 Slave_address=0x02 		 Selected_Register=Status Register    		  Data_to_Write=0x0 		 Status=Pass
Time=1320849050.000 ns 		 SPI_clock_frequency=3000Hz 		 SPI_MODE=1 		 Operation=Write 		 Data_Size=16 bits 		 Slave_address=0x02 		 Selected_Register=Status Register    		  Data_to_Write=0x5555 		 Status=Pass
Time=1328683010.000 ns 		 SPI_clock_frequency=3000Hz 		 SPI_MODE=1 		 Operation=Write 		 Data_Size=16 bits 		 Slave_address=0x02 		 Selected_Register=Status Register    		  Data_to_Write=0xaaaa 		 Status=Pass
Time=1336516970.000 ns 		 SPI_clock_frequency=3000Hz 		 SPI_MODE=1 		 Operation=Write 		 Data_Size=16 bits 		 Slave_address=0x02 		 Selected_Register=Status Register    		  Data_to_Write=0x3478 		 Status=Pass
Time=1344350930.000 ns 		 SPI_clock_frequency=3000Hz 		 SPI_MODE=1 		 Operation=Write 		 Data_Size=16 bits 		 Slave_address=0x02 		 Selected_Register=Status Register    		  Data_to_Write=0xffff 		 Status=Pass
Time=1352184890.000 ns 		 SPI_clock_frequency=3000Hz 		 SPI_MODE=1 		 Operation=Read  		 Data_Size=16 bits 		 Slave_address=0x02 		 Selected_Register=Status Register     		  Data_to_Write=0x0 		 Status=Pass
Time=1360018850.000 ns 		 SPI_clock_frequency=3000Hz 		 SPI_MODE=1 		 Operation=Read  		 Data_Size=16 bits 		 Slave_address=0x02 		 Selected_Register=Status Register     		  Data_to_Write=0x5555 		 Status=Pass
Time=1367852810.000 ns 		 SPI_clock_frequency=3000Hz 		 SPI_MODE=1 		 Operation=Read  		 Data_Size=16 bits 		 Slave_address=0x02 		 Selected_Register=Status Register     		  Data_to_Write=0xaaaa 		 Status=Pass
Time=1375686770.000 ns 		 SPI_clock_frequency=3000Hz 		 SPI_MODE=1 		 Operation=Read  		 Data_Size=16 bits 		 Slave_address=0x02 		 Selected_Register=Status Register     		  Data_to_Write=0x3478 		 Status=Pass
Time=1383520730.000 ns 		 SPI_clock_frequency=3000Hz 		 SPI_MODE=1 		 Operation=Read  		 Data_Size=16 bits 		 Slave_address=0x02 		 Selected_Register=Status Register     		  Data_to_Write=0xffff 		 Status=Pass
Time=1391688010.000 ns 		 SPI_clock_frequency=3000Hz 		 SPI_MODE=2 		 Operation=Write 		 Data_Size=16 bits 		 Slave_address=0x02 		 Selected_Register=Status Register    		  Data_to_Write=0x0 		 Status=Pass
Time=1399855290.000 ns 		 SPI_clock_frequency=3000Hz 		 SPI_MODE=2 		 Operation=Write 		 Data_Size=16 bits 		 Slave_address=0x02 		 Selected_Register=Status Register    		  Data_to_Write=0x5555 		 Status=Pass
Time=1408022570.000 ns 		 SPI_clock_frequency=3000Hz 		 SPI_MODE=2 		 Operation=Write 		 Data_Size=16 bits 		 Slave_address=0x02 		 Selected_Register=Status Register    		  Data_to_Write=0xaaaa 		 Status=Pass
Time=1416189850.000 ns 		 SPI_clock_frequency=3000Hz 		 SPI_MODE=2 		 Operation=Write 		 Data_Size=16 bits 		 Slave_address=0x02 		 Selected_Register=Status Register    		  Data_to_Write=0x3478 		 Status=Pass
Time=1424357130.000 ns 		 SPI_clock_frequency=3000Hz 		 SPI_MODE=2 		 Operation=Write 		 Data_Size=16 bits 		 Slave_address=0x02 		 Selected_Register=Status Register    		  Data_to_Write=0xffff 		 Status=Pass
Time=1432524410.000 ns 		 SPI_clock_frequency=3000Hz 		 SPI_MODE=2 		 Operation=Read  		 Data_Size=16 bits 		 Slave_address=0x02 		 Selected_Register=Status Register     		  Data_to_Write=0x0 		 Status=Pass
Time=1440691690.000 ns 		 SPI_clock_frequency=3000Hz 		 SPI_MODE=2 		 Operation=Read  		 Data_Size=16 bits 		 Slave_address=0x02 		 Selected_Register=Status Register     		  Data_to_Write=0x5555 		 Status=Pass
Time=1448858970.000 ns 		 SPI_clock_frequency=3000Hz 		 SPI_MODE=2 		 Operation=Read  		 Data_Size=16 bits 		 Slave_address=0x02 		 Selected_Register=Status Register     		  Data_to_Write=0xaaaa 		 Status=Pass
Time=1457026250.000 ns 		 SPI_clock_frequency=3000Hz 		 SPI_MODE=2 		 Operation=Read  		 Data_Size=16 bits 		 Slave_address=0x02 		 Selected_Register=Status Register     		  Data_to_Write=0x3478 		 Status=Pass
Time=1465193530.000 ns 		 SPI_clock_frequency=3000Hz 		 SPI_MODE=2 		 Operation=Read  		 Data_Size=16 bits 		 Slave_address=0x02 		 Selected_Register=Status Register     		  Data_to_Write=0xffff 		 Status=Pass
Time=1473360810.000 ns 		 SPI_clock_frequency=3000Hz 		 SPI_MODE=3 		 Operation=Write 		 Data_Size=16 bits 		 Slave_address=0x02 		 Selected_Register=Status Register    		  Data_to_Write=0x0 		 Status=Pass
Time=1481528090.000 ns 		 SPI_clock_frequency=3000Hz 		 SPI_MODE=3 		 Operation=Write 		 Data_Size=16 bits 		 Slave_address=0x02 		 Selected_Register=Status Register    		  Data_to_Write=0x5555 		 Status=Pass
Time=1489695370.000 ns 		 SPI_clock_frequency=3000Hz 		 SPI_MODE=3 		 Operation=Write 		 Data_Size=16 bits 		 Slave_address=0x02 		 Selected_Register=Status Register    		  Data_to_Write=0xaaaa 		 Status=Pass
Time=1497862650.000 ns 		 SPI_clock_frequency=3000Hz 		 SPI_MODE=3 		 Operation=Write 		 Data_Size=16 bits 		 Slave_address=0x02 		 Selected_Register=Status Register    		  Data_to_Write=0x3478 		 Status=Pass
Time=1506029930.000 ns 		 SPI_clock_frequency=3000Hz 		 SPI_MODE=3 		 Operation=Write 		 Data_Size=16 bits 		 Slave_address=0x02 		 Selected_Register=Status Register    		  Data_to_Write=0xffff 		 Status=Pass
Time=1514197210.000 ns 		 SPI_clock_frequency=3000Hz 		 SPI_MODE=3 		 Operation=Read  		 Data_Size=16 bits 		 Slave_address=0x02 		 Selected_Register=Status Register     		  Data_to_Write=0x0 		 Status=Pass
Time=1522364490.000 ns 		 SPI_clock_frequency=3000Hz 		 SPI_MODE=3 		 Operation=Read  		 Data_Size=16 bits 		 Slave_address=0x02 		 Selected_Register=Status Register     		  Data_to_Write=0x5555 		 Status=Pass
Time=1530531770.000 ns 		 SPI_clock_frequency=3000Hz 		 SPI_MODE=3 		 Operation=Read  		 Data_Size=16 bits 		 Slave_address=0x02 		 Selected_Register=Status Register     		  Data_to_Write=0xaaaa 		 Status=Pass
Time=1538699050.000 ns 		 SPI_clock_frequency=3000Hz 		 SPI_MODE=3 		 Operation=Read  		 Data_Size=16 bits 		 Slave_address=0x02 		 Selected_Register=Status Register     		  Data_to_Write=0x3478 		 Status=Pass
Time=1546866330.000 ns 		 SPI_clock_frequency=3000Hz 		 SPI_MODE=3 		 Operation=Read  		 Data_Size=16 bits 		 Slave_address=0x02 		 Selected_Register=Status Register     		  Data_to_Write=0xffff 		 Status=Pass
Time=1554700290.000 ns 		 SPI_clock_frequency=3000Hz 		 SPI_MODE=0 		 Operation=Write 		 Data_Size=16 bits 		 Slave_address=0x03 		 Selected_Register=Data Register      		  Data_to_Write=0x0 		 Status=Pass
Time=1562534250.000 ns 		 SPI_clock_frequency=3000Hz 		 SPI_MODE=0 		 Operation=Write 		 Data_Size=16 bits 		 Slave_address=0x03 		 Selected_Register=Data Register      		  Data_to_Write=0x5555 		 Status=Pass
Time=1570368210.000 ns 		 SPI_clock_frequency=3000Hz 		 SPI_MODE=0 		 Operation=Write 		 Data_Size=16 bits 		 Slave_address=0x03 		 Selected_Register=Data Register      		  Data_to_Write=0xaaaa 		 Status=Pass
Time=1578202170.000 ns 		 SPI_clock_frequency=3000Hz 		 SPI_MODE=0 		 Operation=Write 		 Data_Size=16 bits 		 Slave_address=0x03 		 Selected_Register=Data Register      		  Data_to_Write=0x3478 		 Status=Pass
Time=1586036130.000 ns 		 SPI_clock_frequency=3000Hz 		 SPI_MODE=0 		 Operation=Write 		 Data_Size=16 bits 		 Slave_address=0x03 		 Selected_Register=Data Register      		  Data_to_Write=0xffff 		 Status=Pass
Time=1593870090.000 ns 		 SPI_clock_frequency=3000Hz 		 SPI_MODE=0 		 Operation=Read  		 Data_Size=16 bits 		 Slave_address=0x03 		 Selected_Register=Data Register       		  Data_to_Write=0x0 		 Status=Pass
Time=1601704050.000 ns 		 SPI_clock_frequency=3000Hz 		 SPI_MODE=0 		 Operation=Read  		 Data_Size=16 bits 		 Slave_address=0x03 		 Selected_Register=Data Register       		  Data_to_Write=0x5555 		 Status=Pass
Time=1609538010.000 ns 		 SPI_clock_frequency=3000Hz 		 SPI_MODE=0 		 Operation=Read  		 Data_Size=16 bits 		 Slave_address=0x03 		 Selected_Register=Data Register       		  Data_to_Write=0xaaaa 		 Status=Pass
Time=1617371970.000 ns 		 SPI_clock_frequency=3000Hz 		 SPI_MODE=0 		 Operation=Read  		 Data_Size=16 bits 		 Slave_address=0x03 		 Selected_Register=Data Register       		  Data_to_Write=0x3478 		 Status=Pass
Time=1625205930.000 ns 		 SPI_clock_frequency=3000Hz 		 SPI_MODE=0 		 Operation=Read  		 Data_Size=16 bits 		 Slave_address=0x03 		 Selected_Register=Data Register       		  Data_to_Write=0xffff 		 Status=Pass
Time=1633039890.000 ns 		 SPI_clock_frequency=3000Hz 		 SPI_MODE=1 		 Operation=Write 		 Data_Size=16 bits 		 Slave_address=0x03 		 Selected_Register=Data Register      		  Data_to_Write=0x0 		 Status=Pass
Time=1640873850.000 ns 		 SPI_clock_frequency=3000Hz 		 SPI_MODE=1 		 Operation=Write 		 Data_Size=16 bits 		 Slave_address=0x03 		 Selected_Register=Data Register      		  Data_to_Write=0x5555 		 Status=Pass
Time=1648707810.000 ns 		 SPI_clock_frequency=3000Hz 		 SPI_MODE=1 		 Operation=Write 		 Data_Size=16 bits 		 Slave_address=0x03 		 Selected_Register=Data Register      		  Data_to_Write=0xaaaa 		 Status=Pass
Time=1656541770.000 ns 		 SPI_clock_frequency=3000Hz 		 SPI_MODE=1 		 Operation=Write 		 Data_Size=16 bits 		 Slave_address=0x03 		 Selected_Register=Data Register      		  Data_to_Write=0x3478 		 Status=Pass
Time=1664375730.000 ns 		 SPI_clock_frequency=3000Hz 		 SPI_MODE=1 		 Operation=Write 		 Data_Size=16 bits 		 Slave_address=0x03 		 Selected_Register=Data Register      		  Data_to_Write=0xffff 		 Status=Pass
Time=1672209690.000 ns 		 SPI_clock_frequency=3000Hz 		 SPI_MODE=1 		 Operation=Read  		 Data_Size=16 bits 		 Slave_address=0x03 		 Selected_Register=Data Register       		  Data_to_Write=0x0 		 Status=Pass
Time=1680043650.000 ns 		 SPI_clock_frequency=3000Hz 		 SPI_MODE=1 		 Operation=Read  		 Data_Size=16 bits 		 Slave_address=0x03 		 Selected_Register=Data Register       		  Data_to_Write=0x5555 		 Status=Pass
Time=1687877610.000 ns 		 SPI_clock_frequency=3000Hz 		 SPI_MODE=1 		 Operation=Read  		 Data_Size=16 bits 		 Slave_address=0x03 		 Selected_Register=Data Register       		  Data_to_Write=0xaaaa 		 Status=Pass
Time=1695711570.000 ns 		 SPI_clock_frequency=3000Hz 		 SPI_MODE=1 		 Operation=Read  		 Data_Size=16 bits 		 Slave_address=0x03 		 Selected_Register=Data Register       		  Data_to_Write=0x3478 		 Status=Pass
Time=1703545530.000 ns 		 SPI_clock_frequency=3000Hz 		 SPI_MODE=1 		 Operation=Read  		 Data_Size=16 bits 		 Slave_address=0x03 		 Selected_Register=Data Register       		  Data_to_Write=0xffff 		 Status=Pass
Time=1711712810.000 ns 		 SPI_clock_frequency=3000Hz 		 SPI_MODE=2 		 Operation=Write 		 Data_Size=16 bits 		 Slave_address=0x03 		 Selected_Register=Data Register      		  Data_to_Write=0x0 		 Status=Pass
Time=1719880090.000 ns 		 SPI_clock_frequency=3000Hz 		 SPI_MODE=2 		 Operation=Write 		 Data_Size=16 bits 		 Slave_address=0x03 		 Selected_Register=Data Register      		  Data_to_Write=0x5555 		 Status=Pass
Time=1728047370.000 ns 		 SPI_clock_frequency=3000Hz 		 SPI_MODE=2 		 Operation=Write 		 Data_Size=16 bits 		 Slave_address=0x03 		 Selected_Register=Data Register      		  Data_to_Write=0xaaaa 		 Status=Pass
Time=1736214650.000 ns 		 SPI_clock_frequency=3000Hz 		 SPI_MODE=2 		 Operation=Write 		 Data_Size=16 bits 		 Slave_address=0x03 		 Selected_Register=Data Register      		  Data_to_Write=0x3478 		 Status=Pass
Time=1744381930.000 ns 		 SPI_clock_frequency=3000Hz 		 SPI_MODE=2 		 Operation=Write 		 Data_Size=16 bits 		 Slave_address=0x03 		 Selected_Register=Data Register      		  Data_to_Write=0xffff 		 Status=Pass
Time=1752549210.000 ns 		 SPI_clock_frequency=3000Hz 		 SPI_MODE=2 		 Operation=Read  		 Data_Size=16 bits 		 Slave_address=0x03 		 Selected_Register=Data Register       		  Data_to_Write=0x0 		 Status=Pass
Time=1760716490.000 ns 		 SPI_clock_frequency=3000Hz 		 SPI_MODE=2 		 Operation=Read  		 Data_Size=16 bits 		 Slave_address=0x03 		 Selected_Register=Data Register       		  Data_to_Write=0x5555 		 Status=Pass
Time=1768883770.000 ns 		 SPI_clock_frequency=3000Hz 		 SPI_MODE=2 		 Operation=Read  		 Data_Size=16 bits 		 Slave_address=0x03 		 Selected_Register=Data Register       		  Data_to_Write=0xaaaa 		 Status=Pass
Time=1777051050.000 ns 		 SPI_clock_frequency=3000Hz 		 SPI_MODE=2 		 Operation=Read  		 Data_Size=16 bits 		 Slave_address=0x03 		 Selected_Register=Data Register       		  Data_to_Write=0x3478 		 Status=Pass
Time=1785218330.000 ns 		 SPI_clock_frequency=3000Hz 		 SPI_MODE=2 		 Operation=Read  		 Data_Size=16 bits 		 Slave_address=0x03 		 Selected_Register=Data Register       		  Data_to_Write=0xffff 		 Status=Pass
Time=1793385610.000 ns 		 SPI_clock_frequency=3000Hz 		 SPI_MODE=3 		 Operation=Write 		 Data_Size=16 bits 		 Slave_address=0x03 		 Selected_Register=Data Register      		  Data_to_Write=0x0 		 Status=Pass
Time=1801552890.000 ns 		 SPI_clock_frequency=3000Hz 		 SPI_MODE=3 		 Operation=Write 		 Data_Size=16 bits 		 Slave_address=0x03 		 Selected_Register=Data Register      		  Data_to_Write=0x5555 		 Status=Pass
Time=1809720170.000 ns 		 SPI_clock_frequency=3000Hz 		 SPI_MODE=3 		 Operation=Write 		 Data_Size=16 bits 		 Slave_address=0x03 		 Selected_Register=Data Register      		  Data_to_Write=0xaaaa 		 Status=Pass
Time=1817887450.000 ns 		 SPI_clock_frequency=3000Hz 		 SPI_MODE=3 		 Operation=Write 		 Data_Size=16 bits 		 Slave_address=0x03 		 Selected_Register=Data Register      		  Data_to_Write=0x3478 		 Status=Pass
Time=1826054730.000 ns 		 SPI_clock_frequency=3000Hz 		 SPI_MODE=3 		 Operation=Write 		 Data_Size=16 bits 		 Slave_address=0x03 		 Selected_Register=Data Register      		  Data_to_Write=0xffff 		 Status=Pass
Time=1834222010.000 ns 		 SPI_clock_frequency=3000Hz 		 SPI_MODE=3 		 Operation=Read  		 Data_Size=16 bits 		 Slave_address=0x03 		 Selected_Register=Data Register       		  Data_to_Write=0x0 		 Status=Pass
Time=1842389290.000 ns 		 SPI_clock_frequency=3000Hz 		 SPI_MODE=3 		 Operation=Read  		 Data_Size=16 bits 		 Slave_address=0x03 		 Selected_Register=Data Register       		  Data_to_Write=0x5555 		 Status=Pass
Time=1850556570.000 ns 		 SPI_clock_frequency=3000Hz 		 SPI_MODE=3 		 Operation=Read  		 Data_Size=16 bits 		 Slave_address=0x03 		 Selected_Register=Data Register       		  Data_to_Write=0xaaaa 		 Status=Pass
Time=1858723850.000 ns 		 SPI_clock_frequency=3000Hz 		 SPI_MODE=3 		 Operation=Read  		 Data_Size=16 bits 		 Slave_address=0x03 		 Selected_Register=Data Register       		  Data_to_Write=0x3478 		 Status=Pass
Time=1866891130.000 ns 		 SPI_clock_frequency=3000Hz 		 SPI_MODE=3 		 Operation=Read  		 Data_Size=16 bits 		 Slave_address=0x03 		 Selected_Register=Data Register       		  Data_to_Write=0xffff 		 Status=Pass
 ERROR: Invalid Slave Address (04)
 ERROR: Invalid Slave Address (04)
 ERROR: Invalid Slave Address (04)
 ERROR: Invalid Slave Address (04)
 ERROR: Invalid Slave Address (04)
 ERROR: Invalid Slave Address (04)
 ERROR: Invalid Slave Address (04)
 ERROR: Invalid Slave Address (04)
 ERROR: Invalid Slave Address (04)
 ERROR: Invalid Slave Address (04)
 ERROR: Invalid Slave Address (04)
 ERROR: Invalid Slave Address (04)
 ERROR: Invalid Slave Address (04)
 ERROR: Invalid Slave Address (04)
 ERROR: Invalid Slave Address (04)
 ERROR: Invalid Slave Address (04)
 ERROR: Invalid Slave Address (04)
 ERROR: Invalid Slave Address (04)
 ERROR: Invalid Slave Address (04)
 ERROR: Invalid Slave Address (04)
 ERROR: Invalid Slave Address (04)
 ERROR: Invalid Slave Address (04)
 ERROR: Invalid Slave Address (04)
 ERROR: Invalid Slave Address (04)
 ERROR: Invalid Slave Address (04)
 ERROR: Invalid Slave Address (04)
 ERROR: Invalid Slave Address (04)
 ERROR: Invalid Slave Address (04)
 ERROR: Invalid Slave Address (04)
 ERROR: Invalid Slave Address (04)
 ERROR: Invalid Slave Address (04)
 ERROR: Invalid Slave Address (04)
 ERROR: Invalid Slave Address (04)
 ERROR: Invalid Slave Address (04)
 ERROR: Invalid Slave Address (04)
 ERROR: Invalid Slave Address (04)
 ERROR: Invalid Slave Address (04)
 ERROR: Invalid Slave Address (04)
 ERROR: Invalid Slave Address (04)
 ERROR: Invalid Slave Address (04)
 ERROR: Invalid Slave Address (05)
 ERROR: Invalid Slave Address (05)
 ERROR: Invalid Slave Address (05)
 ERROR: Invalid Slave Address (05)
 ERROR: Invalid Slave Address (05)
 ERROR: Invalid Slave Address (05)
 ERROR: Invalid Slave Address (05)
 ERROR: Invalid Slave Address (05)
 ERROR: Invalid Slave Address (05)
 ERROR: Invalid Slave Address (05)
 ERROR: Invalid Slave Address (05)
 ERROR: Invalid Slave Address (05)
 ERROR: Invalid Slave Address (05)
 ERROR: Invalid Slave Address (05)
 ERROR: Invalid Slave Address (05)
 ERROR: Invalid Slave Address (05)
 ERROR: Invalid Slave Address (05)
 ERROR: Invalid Slave Address (05)
 ERROR: Invalid Slave Address (05)
 ERROR: Invalid Slave Address (05)
 ERROR: Invalid Slave Address (05)
 ERROR: Invalid Slave Address (05)
 ERROR: Invalid Slave Address (05)
 ERROR: Invalid Slave Address (05)
 ERROR: Invalid Slave Address (05)
 ERROR: Invalid Slave Address (05)
 ERROR: Invalid Slave Address (05)
 ERROR: Invalid Slave Address (05)
 ERROR: Invalid Slave Address (05)
 ERROR: Invalid Slave Address (05)
 ERROR: Invalid Slave Address (05)
 ERROR: Invalid Slave Address (05)
 ERROR: Invalid Slave Address (05)
 ERROR: Invalid Slave Address (05)
 ERROR: Invalid Slave Address (05)
 ERROR: Invalid Slave Address (05)
 ERROR: Invalid Slave Address (05)
 ERROR: Invalid Slave Address (05)
 ERROR: Invalid Slave Address (05)
 ERROR: Invalid Slave Address (05)
 ERROR: Writing a read only register (Device ID)
 ERROR: Writing a read only register (Device ID)
 ERROR: Writing a read only register (Device ID)
 ERROR: Writing a read only register (Device ID)
 ERROR: Writing a read only register (Device ID)
Time=1866912670.000 ns 		 SPI_clock_frequency=1000000Hz 		 SPI_MODE=0 		 Operation=Read  		 Data_Size=8 bits 		 Slave_address=0x00 		 Selected_Register=Device ID          		  Data_to_Write=0x0 		 Status=Pass
Time=1866929110.000 ns 		 SPI_clock_frequency=1000000Hz 		 SPI_MODE=0 		 Operation=Read  		 Data_Size=8 bits 		 Slave_address=0x00 		 Selected_Register=Device ID          		  Data_to_Write=0x55 		 Status=Pass
Time=1866945550.000 ns 		 SPI_clock_frequency=1000000Hz 		 SPI_MODE=0 		 Operation=Read  		 Data_Size=8 bits 		 Slave_address=0x00 		 Selected_Register=Device ID          		  Data_to_Write=0xaa 		 Status=Pass
Time=1866961990.000 ns 		 SPI_clock_frequency=1000000Hz 		 SPI_MODE=0 		 Operation=Read  		 Data_Size=8 bits 		 Slave_address=0x00 		 Selected_Register=Device ID          		  Data_to_Write=0xbe 		 Status=Pass
Time=1866978430.000 ns 		 SPI_clock_frequency=1000000Hz 		 SPI_MODE=0 		 Operation=Read  		 Data_Size=8 bits 		 Slave_address=0x00 		 Selected_Register=Device ID          		  Data_to_Write=0xff 		 Status=Pass
 ERROR: Writing a read only register (Device ID)
 ERROR: Writing a read only register (Device ID)
 ERROR: Writing a read only register (Device ID)
 ERROR: Writing a read only register (Device ID)
 ERROR: Writing a read only register (Device ID)
Time=1866995170.000 ns 		 SPI_clock_frequency=1000000Hz 		 SPI_MODE=1 		 Operation=Read  		 Data_Size=8 bits 		 Slave_address=0x00 		 Selected_Register=Device ID          		  Data_to_Write=0x0 		 Status=Pass
Time=1867011610.000 ns 		 SPI_clock_frequency=1000000Hz 		 SPI_MODE=1 		 Operation=Read  		 Data_Size=8 bits 		 Slave_address=0x00 		 Selected_Register=Device ID          		  Data_to_Write=0x55 		 Status=Pass
Time=1867028050.000 ns 		 SPI_clock_frequency=1000000Hz 		 SPI_MODE=1 		 Operation=Read  		 Data_Size=8 bits 		 Slave_address=0x00 		 Selected_Register=Device ID          		  Data_to_Write=0xaa 		 Status=Pass
Time=1867044490.000 ns 		 SPI_clock_frequency=1000000Hz 		 SPI_MODE=1 		 Operation=Read  		 Data_Size=8 bits 		 Slave_address=0x00 		 Selected_Register=Device ID          		  Data_to_Write=0xbe 		 Status=Pass
Time=1867060930.000 ns 		 SPI_clock_frequency=1000000Hz 		 SPI_MODE=1 		 Operation=Read  		 Data_Size=8 bits 		 Slave_address=0x00 		 Selected_Register=Device ID          		  Data_to_Write=0xff 		 Status=Pass
 ERROR: Writing a read only register (Device ID)
 ERROR: Writing a read only register (Device ID)
 ERROR: Writing a read only register (Device ID)
 ERROR: Writing a read only register (Device ID)
 ERROR: Writing a read only register (Device ID)
Time=1867078670.000 ns 		 SPI_clock_frequency=1000000Hz 		 SPI_MODE=2 		 Operation=Read  		 Data_Size=8 bits 		 Slave_address=0x00 		 Selected_Register=Device ID          		  Data_to_Write=0x0 		 Status=Pass
Time=1867096110.000 ns 		 SPI_clock_frequency=1000000Hz 		 SPI_MODE=2 		 Operation=Read  		 Data_Size=8 bits 		 Slave_address=0x00 		 Selected_Register=Device ID          		  Data_to_Write=0x55 		 Status=Pass
Time=1867113550.000 ns 		 SPI_clock_frequency=1000000Hz 		 SPI_MODE=2 		 Operation=Read  		 Data_Size=8 bits 		 Slave_address=0x00 		 Selected_Register=Device ID          		  Data_to_Write=0xaa 		 Status=Pass
Time=1867130990.000 ns 		 SPI_clock_frequency=1000000Hz 		 SPI_MODE=2 		 Operation=Read  		 Data_Size=8 bits 		 Slave_address=0x00 		 Selected_Register=Device ID          		  Data_to_Write=0xbe 		 Status=Pass
Time=1867148430.000 ns 		 SPI_clock_frequency=1000000Hz 		 SPI_MODE=2 		 Operation=Read  		 Data_Size=8 bits 		 Slave_address=0x00 		 Selected_Register=Device ID          		  Data_to_Write=0xff 		 Status=Pass
 ERROR: Writing a read only register (Device ID)
 ERROR: Writing a read only register (Device ID)
 ERROR: Writing a read only register (Device ID)
 ERROR: Writing a read only register (Device ID)
 ERROR: Writing a read only register (Device ID)
Time=1867166170.000 ns 		 SPI_clock_frequency=1000000Hz 		 SPI_MODE=3 		 Operation=Read  		 Data_Size=8 bits 		 Slave_address=0x00 		 Selected_Register=Device ID          		  Data_to_Write=0x0 		 Status=Pass
Time=1867183610.000 ns 		 SPI_clock_frequency=1000000Hz 		 SPI_MODE=3 		 Operation=Read  		 Data_Size=8 bits 		 Slave_address=0x00 		 Selected_Register=Device ID          		  Data_to_Write=0x55 		 Status=Pass
Time=1867201050.000 ns 		 SPI_clock_frequency=1000000Hz 		 SPI_MODE=3 		 Operation=Read  		 Data_Size=8 bits 		 Slave_address=0x00 		 Selected_Register=Device ID          		  Data_to_Write=0xaa 		 Status=Pass
Time=1867218490.000 ns 		 SPI_clock_frequency=1000000Hz 		 SPI_MODE=3 		 Operation=Read  		 Data_Size=8 bits 		 Slave_address=0x00 		 Selected_Register=Device ID          		  Data_to_Write=0xbe 		 Status=Pass
Time=1867235930.000 ns 		 SPI_clock_frequency=1000000Hz 		 SPI_MODE=3 		 Operation=Read  		 Data_Size=8 bits 		 Slave_address=0x00 		 Selected_Register=Device ID          		  Data_to_Write=0xff 		 Status=Pass
Time=1867252370.000 ns 		 SPI_clock_frequency=1000000Hz 		 SPI_MODE=0 		 Operation=Write 		 Data_Size=8 bits 		 Slave_address=0x01 		 Selected_Register=Control Register 		  Data_to_Write=0x0 		 Status=Pass
Time=1867268810.000 ns 		 SPI_clock_frequency=1000000Hz 		 SPI_MODE=0 		 Operation=Write 		 Data_Size=8 bits 		 Slave_address=0x01 		 Selected_Register=Control Register 		  Data_to_Write=0x55 		 Status=Pass
Time=1867285250.000 ns 		 SPI_clock_frequency=1000000Hz 		 SPI_MODE=0 		 Operation=Write 		 Data_Size=8 bits 		 Slave_address=0x01 		 Selected_Register=Control Register 		  Data_to_Write=0xaa 		 Status=Pass
Time=1867301690.000 ns 		 SPI_clock_frequency=1000000Hz 		 SPI_MODE=0 		 Operation=Write 		 Data_Size=8 bits 		 Slave_address=0x01 		 Selected_Register=Control Register 		  Data_to_Write=0xbe 		 Status=Pass
Time=1867318130.000 ns 		 SPI_clock_frequency=1000000Hz 		 SPI_MODE=0 		 Operation=Write 		 Data_Size=8 bits 		 Slave_address=0x01 		 Selected_Register=Control Register 		  Data_to_Write=0xff 		 Status=Pass
Time=1867334570.000 ns 		 SPI_clock_frequency=1000000Hz 		 SPI_MODE=0 		 Operation=Read  		 Data_Size=8 bits 		 Slave_address=0x01 		 Selected_Register=Control Register 		  Data_to_Write=0x0 		 Status=Pass
Time=1867351010.000 ns 		 SPI_clock_frequency=1000000Hz 		 SPI_MODE=0 		 Operation=Read  		 Data_Size=8 bits 		 Slave_address=0x01 		 Selected_Register=Control Register 		  Data_to_Write=0x55 		 Status=Pass
Time=1867367450.000 ns 		 SPI_clock_frequency=1000000Hz 		 SPI_MODE=0 		 Operation=Read  		 Data_Size=8 bits 		 Slave_address=0x01 		 Selected_Register=Control Register 		  Data_to_Write=0xaa 		 Status=Pass
Time=1867383890.000 ns 		 SPI_clock_frequency=1000000Hz 		 SPI_MODE=0 		 Operation=Read  		 Data_Size=8 bits 		 Slave_address=0x01 		 Selected_Register=Control Register 		  Data_to_Write=0xbe 		 Status=Pass
Time=1867400330.000 ns 		 SPI_clock_frequency=1000000Hz 		 SPI_MODE=0 		 Operation=Read  		 Data_Size=8 bits 		 Slave_address=0x01 		 Selected_Register=Control Register 		  Data_to_Write=0xff 		 Status=Pass
Time=1867416770.000 ns 		 SPI_clock_frequency=1000000Hz 		 SPI_MODE=1 		 Operation=Write 		 Data_Size=8 bits 		 Slave_address=0x01 		 Selected_Register=Control Register 		  Data_to_Write=0x0 		 Status=Pass
Time=1867433210.000 ns 		 SPI_clock_frequency=1000000Hz 		 SPI_MODE=1 		 Operation=Write 		 Data_Size=8 bits 		 Slave_address=0x01 		 Selected_Register=Control Register 		  Data_to_Write=0x55 		 Status=Pass
Time=1867449650.000 ns 		 SPI_clock_frequency=1000000Hz 		 SPI_MODE=1 		 Operation=Write 		 Data_Size=8 bits 		 Slave_address=0x01 		 Selected_Register=Control Register 		  Data_to_Write=0xaa 		 Status=Pass
Time=1867466090.000 ns 		 SPI_clock_frequency=1000000Hz 		 SPI_MODE=1 		 Operation=Write 		 Data_Size=8 bits 		 Slave_address=0x01 		 Selected_Register=Control Register 		  Data_to_Write=0xbe 		 Status=Pass
Time=1867482530.000 ns 		 SPI_clock_frequency=1000000Hz 		 SPI_MODE=1 		 Operation=Write 		 Data_Size=8 bits 		 Slave_address=0x01 		 Selected_Register=Control Register 		  Data_to_Write=0xff 		 Status=Pass
Time=1867498970.000 ns 		 SPI_clock_frequency=1000000Hz 		 SPI_MODE=1 		 Operation=Read  		 Data_Size=8 bits 		 Slave_address=0x01 		 Selected_Register=Control Register 		  Data_to_Write=0x0 		 Status=Pass
Time=1867515410.000 ns 		 SPI_clock_frequency=1000000Hz 		 SPI_MODE=1 		 Operation=Read  		 Data_Size=8 bits 		 Slave_address=0x01 		 Selected_Register=Control Register 		  Data_to_Write=0x55 		 Status=Pass
Time=1867531850.000 ns 		 SPI_clock_frequency=1000000Hz 		 SPI_MODE=1 		 Operation=Read  		 Data_Size=8 bits 		 Slave_address=0x01 		 Selected_Register=Control Register 		  Data_to_Write=0xaa 		 Status=Pass
Time=1867548290.000 ns 		 SPI_clock_frequency=1000000Hz 		 SPI_MODE=1 		 Operation=Read  		 Data_Size=8 bits 		 Slave_address=0x01 		 Selected_Register=Control Register 		  Data_to_Write=0xbe 		 Status=Pass
Time=1867564730.000 ns 		 SPI_clock_frequency=1000000Hz 		 SPI_MODE=1 		 Operation=Read  		 Data_Size=8 bits 		 Slave_address=0x01 		 Selected_Register=Control Register 		  Data_to_Write=0xff 		 Status=Pass
Time=1867582170.000 ns 		 SPI_clock_frequency=1000000Hz 		 SPI_MODE=2 		 Operation=Write 		 Data_Size=8 bits 		 Slave_address=0x01 		 Selected_Register=Control Register 		  Data_to_Write=0x0 		 Status=Pass
Time=1867599610.000 ns 		 SPI_clock_frequency=1000000Hz 		 SPI_MODE=2 		 Operation=Write 		 Data_Size=8 bits 		 Slave_address=0x01 		 Selected_Register=Control Register 		  Data_to_Write=0x55 		 Status=Pass
Time=1867617050.000 ns 		 SPI_clock_frequency=1000000Hz 		 SPI_MODE=2 		 Operation=Write 		 Data_Size=8 bits 		 Slave_address=0x01 		 Selected_Register=Control Register 		  Data_to_Write=0xaa 		 Status=Pass
Time=1867634490.000 ns 		 SPI_clock_frequency=1000000Hz 		 SPI_MODE=2 		 Operation=Write 		 Data_Size=8 bits 		 Slave_address=0x01 		 Selected_Register=Control Register 		  Data_to_Write=0xbe 		 Status=Pass
Time=1867651930.000 ns 		 SPI_clock_frequency=1000000Hz 		 SPI_MODE=2 		 Operation=Write 		 Data_Size=8 bits 		 Slave_address=0x01 		 Selected_Register=Control Register 		  Data_to_Write=0xff 		 Status=Pass
Time=1867669370.000 ns 		 SPI_clock_frequency=1000000Hz 		 SPI_MODE=2 		 Operation=Read  		 Data_Size=8 bits 		 Slave_address=0x01 		 Selected_Register=Control Register 		  Data_to_Write=0x0 		 Status=Pass
Time=1867686810.000 ns 		 SPI_clock_frequency=1000000Hz 		 SPI_MODE=2 		 Operation=Read  		 Data_Size=8 bits 		 Slave_address=0x01 		 Selected_Register=Control Register 		  Data_to_Write=0x55 		 Status=Pass
Time=1867704250.000 ns 		 SPI_clock_frequency=1000000Hz 		 SPI_MODE=2 		 Operation=Read  		 Data_Size=8 bits 		 Slave_address=0x01 		 Selected_Register=Control Register 		  Data_to_Write=0xaa 		 Status=Pass
Time=1867721690.000 ns 		 SPI_clock_frequency=1000000Hz 		 SPI_MODE=2 		 Operation=Read  		 Data_Size=8 bits 		 Slave_address=0x01 		 Selected_Register=Control Register 		  Data_to_Write=0xbe 		 Status=Pass
Time=1867739130.000 ns 		 SPI_clock_frequency=1000000Hz 		 SPI_MODE=2 		 Operation=Read  		 Data_Size=8 bits 		 Slave_address=0x01 		 Selected_Register=Control Register 		  Data_to_Write=0xff 		 Status=Pass
Time=1867756570.000 ns 		 SPI_clock_frequency=1000000Hz 		 SPI_MODE=3 		 Operation=Write 		 Data_Size=8 bits 		 Slave_address=0x01 		 Selected_Register=Control Register 		  Data_to_Write=0x0 		 Status=Pass
Time=1867774010.000 ns 		 SPI_clock_frequency=1000000Hz 		 SPI_MODE=3 		 Operation=Write 		 Data_Size=8 bits 		 Slave_address=0x01 		 Selected_Register=Control Register 		  Data_to_Write=0x55 		 Status=Pass
Time=1867791450.000 ns 		 SPI_clock_frequency=1000000Hz 		 SPI_MODE=3 		 Operation=Write 		 Data_Size=8 bits 		 Slave_address=0x01 		 Selected_Register=Control Register 		  Data_to_Write=0xaa 		 Status=Pass
Time=1867808890.000 ns 		 SPI_clock_frequency=1000000Hz 		 SPI_MODE=3 		 Operation=Write 		 Data_Size=8 bits 		 Slave_address=0x01 		 Selected_Register=Control Register 		  Data_to_Write=0xbe 		 Status=Pass
Time=1867826330.000 ns 		 SPI_clock_frequency=1000000Hz 		 SPI_MODE=3 		 Operation=Write 		 Data_Size=8 bits 		 Slave_address=0x01 		 Selected_Register=Control Register 		  Data_to_Write=0xff 		 Status=Pass
Time=1867843770.000 ns 		 SPI_clock_frequency=1000000Hz 		 SPI_MODE=3 		 Operation=Read  		 Data_Size=8 bits 		 Slave_address=0x01 		 Selected_Register=Control Register 		  Data_to_Write=0x0 		 Status=Pass
Time=1867861210.000 ns 		 SPI_clock_frequency=1000000Hz 		 SPI_MODE=3 		 Operation=Read  		 Data_Size=8 bits 		 Slave_address=0x01 		 Selected_Register=Control Register 		  Data_to_Write=0x55 		 Status=Pass
Time=1867878650.000 ns 		 SPI_clock_frequency=1000000Hz 		 SPI_MODE=3 		 Operation=Read  		 Data_Size=8 bits 		 Slave_address=0x01 		 Selected_Register=Control Register 		  Data_to_Write=0xaa 		 Status=Pass
Time=1867896090.000 ns 		 SPI_clock_frequency=1000000Hz 		 SPI_MODE=3 		 Operation=Read  		 Data_Size=8 bits 		 Slave_address=0x01 		 Selected_Register=Control Register 		  Data_to_Write=0xbe 		 Status=Pass
Time=1867913530.000 ns 		 SPI_clock_frequency=1000000Hz 		 SPI_MODE=3 		 Operation=Read  		 Data_Size=8 bits 		 Slave_address=0x01 		 Selected_Register=Control Register 		  Data_to_Write=0xff 		 Status=Pass
Time=1867929970.000 ns 		 SPI_clock_frequency=1000000Hz 		 SPI_MODE=0 		 Operation=Write 		 Data_Size=8 bits 		 Slave_address=0x02 		 Selected_Register=Status Register    		  Data_to_Write=0x0 		 Status=Pass
Time=1867946410.000 ns 		 SPI_clock_frequency=1000000Hz 		 SPI_MODE=0 		 Operation=Write 		 Data_Size=8 bits 		 Slave_address=0x02 		 Selected_Register=Status Register    		  Data_to_Write=0x55 		 Status=Pass
Time=1867962850.000 ns 		 SPI_clock_frequency=1000000Hz 		 SPI_MODE=0 		 Operation=Write 		 Data_Size=8 bits 		 Slave_address=0x02 		 Selected_Register=Status Register    		  Data_to_Write=0xaa 		 Status=Pass
Time=1867979290.000 ns 		 SPI_clock_frequency=1000000Hz 		 SPI_MODE=0 		 Operation=Write 		 Data_Size=8 bits 		 Slave_address=0x02 		 Selected_Register=Status Register    		  Data_to_Write=0xbe 		 Status=Pass
Time=1867995730.000 ns 		 SPI_clock_frequency=1000000Hz 		 SPI_MODE=0 		 Operation=Write 		 Data_Size=8 bits 		 Slave_address=0x02 		 Selected_Register=Status Register    		  Data_to_Write=0xff 		 Status=Pass
Time=1868012170.000 ns 		 SPI_clock_frequency=1000000Hz 		 SPI_MODE=0 		 Operation=Read  		 Data_Size=8 bits 		 Slave_address=0x02 		 Selected_Register=Status Register     		  Data_to_Write=0x0 		 Status=Pass
Time=1868028610.000 ns 		 SPI_clock_frequency=1000000Hz 		 SPI_MODE=0 		 Operation=Read  		 Data_Size=8 bits 		 Slave_address=0x02 		 Selected_Register=Status Register     		  Data_to_Write=0x55 		 Status=Pass
Time=1868045050.000 ns 		 SPI_clock_frequency=1000000Hz 		 SPI_MODE=0 		 Operation=Read  		 Data_Size=8 bits 		 Slave_address=0x02 		 Selected_Register=Status Register     		  Data_to_Write=0xaa 		 Status=Pass
Time=1868061490.000 ns 		 SPI_clock_frequency=1000000Hz 		 SPI_MODE=0 		 Operation=Read  		 Data_Size=8 bits 		 Slave_address=0x02 		 Selected_Register=Status Register     		  Data_to_Write=0xbe 		 Status=Pass
Time=1868077930.000 ns 		 SPI_clock_frequency=1000000Hz 		 SPI_MODE=0 		 Operation=Read  		 Data_Size=8 bits 		 Slave_address=0x02 		 Selected_Register=Status Register     		  Data_to_Write=0xff 		 Status=Pass
Time=1868094370.000 ns 		 SPI_clock_frequency=1000000Hz 		 SPI_MODE=1 		 Operation=Write 		 Data_Size=8 bits 		 Slave_address=0x02 		 Selected_Register=Status Register    		  Data_to_Write=0x0 		 Status=Pass
Time=1868110810.000 ns 		 SPI_clock_frequency=1000000Hz 		 SPI_MODE=1 		 Operation=Write 		 Data_Size=8 bits 		 Slave_address=0x02 		 Selected_Register=Status Register    		  Data_to_Write=0x55 		 Status=Pass
Time=1868127250.000 ns 		 SPI_clock_frequency=1000000Hz 		 SPI_MODE=1 		 Operation=Write 		 Data_Size=8 bits 		 Slave_address=0x02 		 Selected_Register=Status Register    		  Data_to_Write=0xaa 		 Status=Pass
Time=1868143690.000 ns 		 SPI_clock_frequency=1000000Hz 		 SPI_MODE=1 		 Operation=Write 		 Data_Size=8 bits 		 Slave_address=0x02 		 Selected_Register=Status Register    		  Data_to_Write=0xbe 		 Status=Pass
Time=1868160130.000 ns 		 SPI_clock_frequency=1000000Hz 		 SPI_MODE=1 		 Operation=Write 		 Data_Size=8 bits 		 Slave_address=0x02 		 Selected_Register=Status Register    		  Data_to_Write=0xff 		 Status=Pass
Time=1868176570.000 ns 		 SPI_clock_frequency=1000000Hz 		 SPI_MODE=1 		 Operation=Read  		 Data_Size=8 bits 		 Slave_address=0x02 		 Selected_Register=Status Register     		  Data_to_Write=0x0 		 Status=Pass
Time=1868193010.000 ns 		 SPI_clock_frequency=1000000Hz 		 SPI_MODE=1 		 Operation=Read  		 Data_Size=8 bits 		 Slave_address=0x02 		 Selected_Register=Status Register     		  Data_to_Write=0x55 		 Status=Pass
Time=1868209450.000 ns 		 SPI_clock_frequency=1000000Hz 		 SPI_MODE=1 		 Operation=Read  		 Data_Size=8 bits 		 Slave_address=0x02 		 Selected_Register=Status Register     		  Data_to_Write=0xaa 		 Status=Pass
Time=1868225890.000 ns 		 SPI_clock_frequency=1000000Hz 		 SPI_MODE=1 		 Operation=Read  		 Data_Size=8 bits 		 Slave_address=0x02 		 Selected_Register=Status Register     		  Data_to_Write=0xbe 		 Status=Pass
Time=1868242330.000 ns 		 SPI_clock_frequency=1000000Hz 		 SPI_MODE=1 		 Operation=Read  		 Data_Size=8 bits 		 Slave_address=0x02 		 Selected_Register=Status Register     		  Data_to_Write=0xff 		 Status=Pass
Time=1868259770.000 ns 		 SPI_clock_frequency=1000000Hz 		 SPI_MODE=2 		 Operation=Write 		 Data_Size=8 bits 		 Slave_address=0x02 		 Selected_Register=Status Register    		  Data_to_Write=0x0 		 Status=Pass
Time=1868277210.000 ns 		 SPI_clock_frequency=1000000Hz 		 SPI_MODE=2 		 Operation=Write 		 Data_Size=8 bits 		 Slave_address=0x02 		 Selected_Register=Status Register    		  Data_to_Write=0x55 		 Status=Pass
Time=1868294650.000 ns 		 SPI_clock_frequency=1000000Hz 		 SPI_MODE=2 		 Operation=Write 		 Data_Size=8 bits 		 Slave_address=0x02 		 Selected_Register=Status Register    		  Data_to_Write=0xaa 		 Status=Pass
Time=1868312090.000 ns 		 SPI_clock_frequency=1000000Hz 		 SPI_MODE=2 		 Operation=Write 		 Data_Size=8 bits 		 Slave_address=0x02 		 Selected_Register=Status Register    		  Data_to_Write=0xbe 		 Status=Pass
Time=1868329530.000 ns 		 SPI_clock_frequency=1000000Hz 		 SPI_MODE=2 		 Operation=Write 		 Data_Size=8 bits 		 Slave_address=0x02 		 Selected_Register=Status Register    		  Data_to_Write=0xff 		 Status=Pass
Time=1868346970.000 ns 		 SPI_clock_frequency=1000000Hz 		 SPI_MODE=2 		 Operation=Read  		 Data_Size=8 bits 		 Slave_address=0x02 		 Selected_Register=Status Register     		  Data_to_Write=0x0 		 Status=Pass
Time=1868364410.000 ns 		 SPI_clock_frequency=1000000Hz 		 SPI_MODE=2 		 Operation=Read  		 Data_Size=8 bits 		 Slave_address=0x02 		 Selected_Register=Status Register     		  Data_to_Write=0x55 		 Status=Pass
Time=1868381850.000 ns 		 SPI_clock_frequency=1000000Hz 		 SPI_MODE=2 		 Operation=Read  		 Data_Size=8 bits 		 Slave_address=0x02 		 Selected_Register=Status Register     		  Data_to_Write=0xaa 		 Status=Pass
Time=1868399290.000 ns 		 SPI_clock_frequency=1000000Hz 		 SPI_MODE=2 		 Operation=Read  		 Data_Size=8 bits 		 Slave_address=0x02 		 Selected_Register=Status Register     		  Data_to_Write=0xbe 		 Status=Pass
Time=1868416730.000 ns 		 SPI_clock_frequency=1000000Hz 		 SPI_MODE=2 		 Operation=Read  		 Data_Size=8 bits 		 Slave_address=0x02 		 Selected_Register=Status Register     		  Data_to_Write=0xff 		 Status=Pass
Time=1868434170.000 ns 		 SPI_clock_frequency=1000000Hz 		 SPI_MODE=3 		 Operation=Write 		 Data_Size=8 bits 		 Slave_address=0x02 		 Selected_Register=Status Register    		  Data_to_Write=0x0 		 Status=Pass
Time=1868451610.000 ns 		 SPI_clock_frequency=1000000Hz 		 SPI_MODE=3 		 Operation=Write 		 Data_Size=8 bits 		 Slave_address=0x02 		 Selected_Register=Status Register    		  Data_to_Write=0x55 		 Status=Pass
Time=1868469050.000 ns 		 SPI_clock_frequency=1000000Hz 		 SPI_MODE=3 		 Operation=Write 		 Data_Size=8 bits 		 Slave_address=0x02 		 Selected_Register=Status Register    		  Data_to_Write=0xaa 		 Status=Pass
Time=1868486490.000 ns 		 SPI_clock_frequency=1000000Hz 		 SPI_MODE=3 		 Operation=Write 		 Data_Size=8 bits 		 Slave_address=0x02 		 Selected_Register=Status Register    		  Data_to_Write=0xbe 		 Status=Pass
Time=1868503930.000 ns 		 SPI_clock_frequency=1000000Hz 		 SPI_MODE=3 		 Operation=Write 		 Data_Size=8 bits 		 Slave_address=0x02 		 Selected_Register=Status Register    		  Data_to_Write=0xff 		 Status=Pass
Time=1868521370.000 ns 		 SPI_clock_frequency=1000000Hz 		 SPI_MODE=3 		 Operation=Read  		 Data_Size=8 bits 		 Slave_address=0x02 		 Selected_Register=Status Register     		  Data_to_Write=0x0 		 Status=Pass
Time=1868538810.000 ns 		 SPI_clock_frequency=1000000Hz 		 SPI_MODE=3 		 Operation=Read  		 Data_Size=8 bits 		 Slave_address=0x02 		 Selected_Register=Status Register     		  Data_to_Write=0x55 		 Status=Pass
Time=1868556250.000 ns 		 SPI_clock_frequency=1000000Hz 		 SPI_MODE=3 		 Operation=Read  		 Data_Size=8 bits 		 Slave_address=0x02 		 Selected_Register=Status Register     		  Data_to_Write=0xaa 		 Status=Pass
Time=1868573690.000 ns 		 SPI_clock_frequency=1000000Hz 		 SPI_MODE=3 		 Operation=Read  		 Data_Size=8 bits 		 Slave_address=0x02 		 Selected_Register=Status Register     		  Data_to_Write=0xbe 		 Status=Pass
Time=1868591130.000 ns 		 SPI_clock_frequency=1000000Hz 		 SPI_MODE=3 		 Operation=Read  		 Data_Size=8 bits 		 Slave_address=0x02 		 Selected_Register=Status Register     		  Data_to_Write=0xff 		 Status=Pass
Time=1868607570.000 ns 		 SPI_clock_frequency=1000000Hz 		 SPI_MODE=0 		 Operation=Write 		 Data_Size=8 bits 		 Slave_address=0x03 		 Selected_Register=Data Register      		  Data_to_Write=0x0 		 Status=Pass
Time=1868624010.000 ns 		 SPI_clock_frequency=1000000Hz 		 SPI_MODE=0 		 Operation=Write 		 Data_Size=8 bits 		 Slave_address=0x03 		 Selected_Register=Data Register      		  Data_to_Write=0x55 		 Status=Pass
Time=1868640450.000 ns 		 SPI_clock_frequency=1000000Hz 		 SPI_MODE=0 		 Operation=Write 		 Data_Size=8 bits 		 Slave_address=0x03 		 Selected_Register=Data Register      		  Data_to_Write=0xaa 		 Status=Pass
Time=1868656890.000 ns 		 SPI_clock_frequency=1000000Hz 		 SPI_MODE=0 		 Operation=Write 		 Data_Size=8 bits 		 Slave_address=0x03 		 Selected_Register=Data Register      		  Data_to_Write=0xbe 		 Status=Pass
Time=1868673330.000 ns 		 SPI_clock_frequency=1000000Hz 		 SPI_MODE=0 		 Operation=Write 		 Data_Size=8 bits 		 Slave_address=0x03 		 Selected_Register=Data Register      		  Data_to_Write=0xff 		 Status=Pass
Time=1868689770.000 ns 		 SPI_clock_frequency=1000000Hz 		 SPI_MODE=0 		 Operation=Read  		 Data_Size=8 bits 		 Slave_address=0x03 		 Selected_Register=Data Register       		  Data_to_Write=0x0 		 Status=Pass
Time=1868706210.000 ns 		 SPI_clock_frequency=1000000Hz 		 SPI_MODE=0 		 Operation=Read  		 Data_Size=8 bits 		 Slave_address=0x03 		 Selected_Register=Data Register       		  Data_to_Write=0x55 		 Status=Pass
Time=1868722650.000 ns 		 SPI_clock_frequency=1000000Hz 		 SPI_MODE=0 		 Operation=Read  		 Data_Size=8 bits 		 Slave_address=0x03 		 Selected_Register=Data Register       		  Data_to_Write=0xaa 		 Status=Pass
Time=1868739090.000 ns 		 SPI_clock_frequency=1000000Hz 		 SPI_MODE=0 		 Operation=Read  		 Data_Size=8 bits 		 Slave_address=0x03 		 Selected_Register=Data Register       		  Data_to_Write=0xbe 		 Status=Pass
Time=1868755530.000 ns 		 SPI_clock_frequency=1000000Hz 		 SPI_MODE=0 		 Operation=Read  		 Data_Size=8 bits 		 Slave_address=0x03 		 Selected_Register=Data Register       		  Data_to_Write=0xff 		 Status=Pass
Time=1868771970.000 ns 		 SPI_clock_frequency=1000000Hz 		 SPI_MODE=1 		 Operation=Write 		 Data_Size=8 bits 		 Slave_address=0x03 		 Selected_Register=Data Register      		  Data_to_Write=0x0 		 Status=Pass
Time=1868788410.000 ns 		 SPI_clock_frequency=1000000Hz 		 SPI_MODE=1 		 Operation=Write 		 Data_Size=8 bits 		 Slave_address=0x03 		 Selected_Register=Data Register      		  Data_to_Write=0x55 		 Status=Pass
Time=1868804850.000 ns 		 SPI_clock_frequency=1000000Hz 		 SPI_MODE=1 		 Operation=Write 		 Data_Size=8 bits 		 Slave_address=0x03 		 Selected_Register=Data Register      		  Data_to_Write=0xaa 		 Status=Pass
Time=1868821290.000 ns 		 SPI_clock_frequency=1000000Hz 		 SPI_MODE=1 		 Operation=Write 		 Data_Size=8 bits 		 Slave_address=0x03 		 Selected_Register=Data Register      		  Data_to_Write=0xbe 		 Status=Pass
Time=1868837730.000 ns 		 SPI_clock_frequency=1000000Hz 		 SPI_MODE=1 		 Operation=Write 		 Data_Size=8 bits 		 Slave_address=0x03 		 Selected_Register=Data Register      		  Data_to_Write=0xff 		 Status=Pass
Time=1868854170.000 ns 		 SPI_clock_frequency=1000000Hz 		 SPI_MODE=1 		 Operation=Read  		 Data_Size=8 bits 		 Slave_address=0x03 		 Selected_Register=Data Register       		  Data_to_Write=0x0 		 Status=Pass
Time=1868870610.000 ns 		 SPI_clock_frequency=1000000Hz 		 SPI_MODE=1 		 Operation=Read  		 Data_Size=8 bits 		 Slave_address=0x03 		 Selected_Register=Data Register       		  Data_to_Write=0x55 		 Status=Pass
Time=1868887050.000 ns 		 SPI_clock_frequency=1000000Hz 		 SPI_MODE=1 		 Operation=Read  		 Data_Size=8 bits 		 Slave_address=0x03 		 Selected_Register=Data Register       		  Data_to_Write=0xaa 		 Status=Pass
Time=1868903490.000 ns 		 SPI_clock_frequency=1000000Hz 		 SPI_MODE=1 		 Operation=Read  		 Data_Size=8 bits 		 Slave_address=0x03 		 Selected_Register=Data Register       		  Data_to_Write=0xbe 		 Status=Pass
Time=1868919930.000 ns 		 SPI_clock_frequency=1000000Hz 		 SPI_MODE=1 		 Operation=Read  		 Data_Size=8 bits 		 Slave_address=0x03 		 Selected_Register=Data Register       		  Data_to_Write=0xff 		 Status=Pass
Time=1868937370.000 ns 		 SPI_clock_frequency=1000000Hz 		 SPI_MODE=2 		 Operation=Write 		 Data_Size=8 bits 		 Slave_address=0x03 		 Selected_Register=Data Register      		  Data_to_Write=0x0 		 Status=Pass
Time=1868954810.000 ns 		 SPI_clock_frequency=1000000Hz 		 SPI_MODE=2 		 Operation=Write 		 Data_Size=8 bits 		 Slave_address=0x03 		 Selected_Register=Data Register      		  Data_to_Write=0x55 		 Status=Pass
Time=1868972250.000 ns 		 SPI_clock_frequency=1000000Hz 		 SPI_MODE=2 		 Operation=Write 		 Data_Size=8 bits 		 Slave_address=0x03 		 Selected_Register=Data Register      		  Data_to_Write=0xaa 		 Status=Pass
Time=1868989690.000 ns 		 SPI_clock_frequency=1000000Hz 		 SPI_MODE=2 		 Operation=Write 		 Data_Size=8 bits 		 Slave_address=0x03 		 Selected_Register=Data Register      		  Data_to_Write=0xbe 		 Status=Pass
Time=1869007130.000 ns 		 SPI_clock_frequency=1000000Hz 		 SPI_MODE=2 		 Operation=Write 		 Data_Size=8 bits 		 Slave_address=0x03 		 Selected_Register=Data Register      		  Data_to_Write=0xff 		 Status=Pass
Time=1869024570.000 ns 		 SPI_clock_frequency=1000000Hz 		 SPI_MODE=2 		 Operation=Read  		 Data_Size=8 bits 		 Slave_address=0x03 		 Selected_Register=Data Register       		  Data_to_Write=0x0 		 Status=Pass
Time=1869042010.000 ns 		 SPI_clock_frequency=1000000Hz 		 SPI_MODE=2 		 Operation=Read  		 Data_Size=8 bits 		 Slave_address=0x03 		 Selected_Register=Data Register       		  Data_to_Write=0x55 		 Status=Pass
Time=1869059450.000 ns 		 SPI_clock_frequency=1000000Hz 		 SPI_MODE=2 		 Operation=Read  		 Data_Size=8 bits 		 Slave_address=0x03 		 Selected_Register=Data Register       		  Data_to_Write=0xaa 		 Status=Pass
Time=1869076890.000 ns 		 SPI_clock_frequency=1000000Hz 		 SPI_MODE=2 		 Operation=Read  		 Data_Size=8 bits 		 Slave_address=0x03 		 Selected_Register=Data Register       		  Data_to_Write=0xbe 		 Status=Pass
Time=1869094330.000 ns 		 SPI_clock_frequency=1000000Hz 		 SPI_MODE=2 		 Operation=Read  		 Data_Size=8 bits 		 Slave_address=0x03 		 Selected_Register=Data Register       		  Data_to_Write=0xff 		 Status=Pass
Time=1869111770.000 ns 		 SPI_clock_frequency=1000000Hz 		 SPI_MODE=3 		 Operation=Write 		 Data_Size=8 bits 		 Slave_address=0x03 		 Selected_Register=Data Register      		  Data_to_Write=0x0 		 Status=Pass
Time=1869129210.000 ns 		 SPI_clock_frequency=1000000Hz 		 SPI_MODE=3 		 Operation=Write 		 Data_Size=8 bits 		 Slave_address=0x03 		 Selected_Register=Data Register      		  Data_to_Write=0x55 		 Status=Pass
Time=1869146650.000 ns 		 SPI_clock_frequency=1000000Hz 		 SPI_MODE=3 		 Operation=Write 		 Data_Size=8 bits 		 Slave_address=0x03 		 Selected_Register=Data Register      		  Data_to_Write=0xaa 		 Status=Pass
Time=1869164090.000 ns 		 SPI_clock_frequency=1000000Hz 		 SPI_MODE=3 		 Operation=Write 		 Data_Size=8 bits 		 Slave_address=0x03 		 Selected_Register=Data Register      		  Data_to_Write=0xbe 		 Status=Pass
Time=1869181530.000 ns 		 SPI_clock_frequency=1000000Hz 		 SPI_MODE=3 		 Operation=Write 		 Data_Size=8 bits 		 Slave_address=0x03 		 Selected_Register=Data Register      		  Data_to_Write=0xff 		 Status=Pass
Time=1869198970.000 ns 		 SPI_clock_frequency=1000000Hz 		 SPI_MODE=3 		 Operation=Read  		 Data_Size=8 bits 		 Slave_address=0x03 		 Selected_Register=Data Register       		  Data_to_Write=0x0 		 Status=Pass
Time=1869216410.000 ns 		 SPI_clock_frequency=1000000Hz 		 SPI_MODE=3 		 Operation=Read  		 Data_Size=8 bits 		 Slave_address=0x03 		 Selected_Register=Data Register       		  Data_to_Write=0x55 		 Status=Pass
Time=1869233850.000 ns 		 SPI_clock_frequency=1000000Hz 		 SPI_MODE=3 		 Operation=Read  		 Data_Size=8 bits 		 Slave_address=0x03 		 Selected_Register=Data Register       		  Data_to_Write=0xaa 		 Status=Pass
Time=1869251290.000 ns 		 SPI_clock_frequency=1000000Hz 		 SPI_MODE=3 		 Operation=Read  		 Data_Size=8 bits 		 Slave_address=0x03 		 Selected_Register=Data Register       		  Data_to_Write=0xbe 		 Status=Pass
Time=1869268730.000 ns 		 SPI_clock_frequency=1000000Hz 		 SPI_MODE=3 		 Operation=Read  		 Data_Size=8 bits 		 Slave_address=0x03 		 Selected_Register=Data Register       		  Data_to_Write=0xff 		 Status=Pass
 ERROR: Invalid Slave Address (04)
 ERROR: Invalid Slave Address (04)
 ERROR: Invalid Slave Address (04)
 ERROR: Invalid Slave Address (04)
 ERROR: Invalid Slave Address (04)
 ERROR: Invalid Slave Address (04)
 ERROR: Invalid Slave Address (04)
 ERROR: Invalid Slave Address (04)
 ERROR: Invalid Slave Address (04)
 ERROR: Invalid Slave Address (04)
 ERROR: Invalid Slave Address (04)
 ERROR: Invalid Slave Address (04)
 ERROR: Invalid Slave Address (04)
 ERROR: Invalid Slave Address (04)
 ERROR: Invalid Slave Address (04)
 ERROR: Invalid Slave Address (04)
 ERROR: Invalid Slave Address (04)
 ERROR: Invalid Slave Address (04)
 ERROR: Invalid Slave Address (04)
 ERROR: Invalid Slave Address (04)
 ERROR: Invalid Slave Address (04)
 ERROR: Invalid Slave Address (04)
 ERROR: Invalid Slave Address (04)
 ERROR: Invalid Slave Address (04)
 ERROR: Invalid Slave Address (04)
 ERROR: Invalid Slave Address (04)
 ERROR: Invalid Slave Address (04)
 ERROR: Invalid Slave Address (04)
 ERROR: Invalid Slave Address (04)
 ERROR: Invalid Slave Address (04)
 ERROR: Invalid Slave Address (04)
 ERROR: Invalid Slave Address (04)
 ERROR: Invalid Slave Address (04)
 ERROR: Invalid Slave Address (04)
 ERROR: Invalid Slave Address (04)
 ERROR: Invalid Slave Address (04)
 ERROR: Invalid Slave Address (04)
 ERROR: Invalid Slave Address (04)
 ERROR: Invalid Slave Address (04)
 ERROR: Invalid Slave Address (04)
 ERROR: Invalid Slave Address (05)
 ERROR: Invalid Slave Address (05)
 ERROR: Invalid Slave Address (05)
 ERROR: Invalid Slave Address (05)
 ERROR: Invalid Slave Address (05)
 ERROR: Invalid Slave Address (05)
 ERROR: Invalid Slave Address (05)
 ERROR: Invalid Slave Address (05)
 ERROR: Invalid Slave Address (05)
 ERROR: Invalid Slave Address (05)
 ERROR: Invalid Slave Address (05)
 ERROR: Invalid Slave Address (05)
 ERROR: Invalid Slave Address (05)
 ERROR: Invalid Slave Address (05)
 ERROR: Invalid Slave Address (05)
 ERROR: Invalid Slave Address (05)
 ERROR: Invalid Slave Address (05)
 ERROR: Invalid Slave Address (05)
 ERROR: Invalid Slave Address (05)
 ERROR: Invalid Slave Address (05)
 ERROR: Invalid Slave Address (05)
 ERROR: Invalid Slave Address (05)
 ERROR: Invalid Slave Address (05)
 ERROR: Invalid Slave Address (05)
 ERROR: Invalid Slave Address (05)
 ERROR: Invalid Slave Address (05)
 ERROR: Invalid Slave Address (05)
 ERROR: Invalid Slave Address (05)
 ERROR: Invalid Slave Address (05)
 ERROR: Invalid Slave Address (05)
 ERROR: Invalid Slave Address (05)
 ERROR: Invalid Slave Address (05)
 ERROR: Invalid Slave Address (05)
 ERROR: Invalid Slave Address (05)
 ERROR: Invalid Slave Address (05)
 ERROR: Invalid Slave Address (05)
 ERROR: Invalid Slave Address (05)
 ERROR: Invalid Slave Address (05)
 ERROR: Invalid Slave Address (05)
 ERROR: Invalid Slave Address (05)
 ERROR: Writing a read only register (Device ID)
 ERROR: Writing a read only register (Device ID)
 ERROR: Writing a read only register (Device ID)
 ERROR: Writing a read only register (Device ID)
 ERROR: Writing a read only register (Device ID)
Time=1869298270.000 ns 		 SPI_clock_frequency=1000000Hz 		 SPI_MODE=0 		 Operation=Read  		 Data_Size=16 bits 		 Slave_address=0x00 		 Selected_Register=Device ID          		  Data_to_Write=0x0 		 Status=Pass
Time=1869322710.000 ns 		 SPI_clock_frequency=1000000Hz 		 SPI_MODE=0 		 Operation=Read  		 Data_Size=16 bits 		 Slave_address=0x00 		 Selected_Register=Device ID          		  Data_to_Write=0x5555 		 Status=Pass
Time=1869347150.000 ns 		 SPI_clock_frequency=1000000Hz 		 SPI_MODE=0 		 Operation=Read  		 Data_Size=16 bits 		 Slave_address=0x00 		 Selected_Register=Device ID          		  Data_to_Write=0xaaaa 		 Status=Pass
Time=1869371590.000 ns 		 SPI_clock_frequency=1000000Hz 		 SPI_MODE=0 		 Operation=Read  		 Data_Size=16 bits 		 Slave_address=0x00 		 Selected_Register=Device ID          		  Data_to_Write=0x3478 		 Status=Pass
Time=1869396030.000 ns 		 SPI_clock_frequency=1000000Hz 		 SPI_MODE=0 		 Operation=Read  		 Data_Size=16 bits 		 Slave_address=0x00 		 Selected_Register=Device ID          		  Data_to_Write=0xffff 		 Status=Pass
 ERROR: Writing a read only register (Device ID)
 ERROR: Writing a read only register (Device ID)
 ERROR: Writing a read only register (Device ID)
 ERROR: Writing a read only register (Device ID)
 ERROR: Writing a read only register (Device ID)
Time=1869420770.000 ns 		 SPI_clock_frequency=1000000Hz 		 SPI_MODE=1 		 Operation=Read  		 Data_Size=16 bits 		 Slave_address=0x00 		 Selected_Register=Device ID          		  Data_to_Write=0x0 		 Status=Pass
Time=1869445210.000 ns 		 SPI_clock_frequency=1000000Hz 		 SPI_MODE=1 		 Operation=Read  		 Data_Size=16 bits 		 Slave_address=0x00 		 Selected_Register=Device ID          		  Data_to_Write=0x5555 		 Status=Pass
Time=1869469650.000 ns 		 SPI_clock_frequency=1000000Hz 		 SPI_MODE=1 		 Operation=Read  		 Data_Size=16 bits 		 Slave_address=0x00 		 Selected_Register=Device ID          		  Data_to_Write=0xaaaa 		 Status=Pass
Time=1869494090.000 ns 		 SPI_clock_frequency=1000000Hz 		 SPI_MODE=1 		 Operation=Read  		 Data_Size=16 bits 		 Slave_address=0x00 		 Selected_Register=Device ID          		  Data_to_Write=0x3478 		 Status=Pass
Time=1869518530.000 ns 		 SPI_clock_frequency=1000000Hz 		 SPI_MODE=1 		 Operation=Read  		 Data_Size=16 bits 		 Slave_address=0x00 		 Selected_Register=Device ID          		  Data_to_Write=0xffff 		 Status=Pass
 ERROR: Writing a read only register (Device ID)
 ERROR: Writing a read only register (Device ID)
 ERROR: Writing a read only register (Device ID)
 ERROR: Writing a read only register (Device ID)
 ERROR: Writing a read only register (Device ID)
Time=1869544270.000 ns 		 SPI_clock_frequency=1000000Hz 		 SPI_MODE=2 		 Operation=Read  		 Data_Size=16 bits 		 Slave_address=0x00 		 Selected_Register=Device ID          		  Data_to_Write=0x0 		 Status=Pass
Time=1869569710.000 ns 		 SPI_clock_frequency=1000000Hz 		 SPI_MODE=2 		 Operation=Read  		 Data_Size=16 bits 		 Slave_address=0x00 		 Selected_Register=Device ID          		  Data_to_Write=0x5555 		 Status=Pass
Time=1869595150.000 ns 		 SPI_clock_frequency=1000000Hz 		 SPI_MODE=2 		 Operation=Read  		 Data_Size=16 bits 		 Slave_address=0x00 		 Selected_Register=Device ID          		  Data_to_Write=0xaaaa 		 Status=Pass
Time=1869620590.000 ns 		 SPI_clock_frequency=1000000Hz 		 SPI_MODE=2 		 Operation=Read  		 Data_Size=16 bits 		 Slave_address=0x00 		 Selected_Register=Device ID          		  Data_to_Write=0x3478 		 Status=Pass
Time=1869646030.000 ns 		 SPI_clock_frequency=1000000Hz 		 SPI_MODE=2 		 Operation=Read  		 Data_Size=16 bits 		 Slave_address=0x00 		 Selected_Register=Device ID          		  Data_to_Write=0xffff 		 Status=Pass
 ERROR: Writing a read only register (Device ID)
 ERROR: Writing a read only register (Device ID)
 ERROR: Writing a read only register (Device ID)
 ERROR: Writing a read only register (Device ID)
 ERROR: Writing a read only register (Device ID)
Time=1869671770.000 ns 		 SPI_clock_frequency=1000000Hz 		 SPI_MODE=3 		 Operation=Read  		 Data_Size=16 bits 		 Slave_address=0x00 		 Selected_Register=Device ID          		  Data_to_Write=0x0 		 Status=Pass
Time=1869697210.000 ns 		 SPI_clock_frequency=1000000Hz 		 SPI_MODE=3 		 Operation=Read  		 Data_Size=16 bits 		 Slave_address=0x00 		 Selected_Register=Device ID          		  Data_to_Write=0x5555 		 Status=Pass
Time=1869722650.000 ns 		 SPI_clock_frequency=1000000Hz 		 SPI_MODE=3 		 Operation=Read  		 Data_Size=16 bits 		 Slave_address=0x00 		 Selected_Register=Device ID          		  Data_to_Write=0xaaaa 		 Status=Pass
Time=1869748090.000 ns 		 SPI_clock_frequency=1000000Hz 		 SPI_MODE=3 		 Operation=Read  		 Data_Size=16 bits 		 Slave_address=0x00 		 Selected_Register=Device ID          		  Data_to_Write=0x3478 		 Status=Pass
Time=1869773530.000 ns 		 SPI_clock_frequency=1000000Hz 		 SPI_MODE=3 		 Operation=Read  		 Data_Size=16 bits 		 Slave_address=0x00 		 Selected_Register=Device ID          		  Data_to_Write=0xffff 		 Status=Pass
Time=1869797970.000 ns 		 SPI_clock_frequency=1000000Hz 		 SPI_MODE=0 		 Operation=Write 		 Data_Size=16 bits 		 Slave_address=0x01 		 Selected_Register=Control Register 		  Data_to_Write=0x0 		 Status=Pass
Time=1869822410.000 ns 		 SPI_clock_frequency=1000000Hz 		 SPI_MODE=0 		 Operation=Write 		 Data_Size=16 bits 		 Slave_address=0x01 		 Selected_Register=Control Register 		  Data_to_Write=0x5555 		 Status=Pass
Time=1869846850.000 ns 		 SPI_clock_frequency=1000000Hz 		 SPI_MODE=0 		 Operation=Write 		 Data_Size=16 bits 		 Slave_address=0x01 		 Selected_Register=Control Register 		  Data_to_Write=0xaaaa 		 Status=Pass
Time=1869871290.000 ns 		 SPI_clock_frequency=1000000Hz 		 SPI_MODE=0 		 Operation=Write 		 Data_Size=16 bits 		 Slave_address=0x01 		 Selected_Register=Control Register 		  Data_to_Write=0x3478 		 Status=Pass
Time=1869895730.000 ns 		 SPI_clock_frequency=1000000Hz 		 SPI_MODE=0 		 Operation=Write 		 Data_Size=16 bits 		 Slave_address=0x01 		 Selected_Register=Control Register 		  Data_to_Write=0xffff 		 Status=Pass
Time=1869920170.000 ns 		 SPI_clock_frequency=1000000Hz 		 SPI_MODE=0 		 Operation=Read  		 Data_Size=16 bits 		 Slave_address=0x01 		 Selected_Register=Control Register 		  Data_to_Write=0x0 		 Status=Pass
Time=1869944610.000 ns 		 SPI_clock_frequency=1000000Hz 		 SPI_MODE=0 		 Operation=Read  		 Data_Size=16 bits 		 Slave_address=0x01 		 Selected_Register=Control Register 		  Data_to_Write=0x5555 		 Status=Pass
Time=1869969050.000 ns 		 SPI_clock_frequency=1000000Hz 		 SPI_MODE=0 		 Operation=Read  		 Data_Size=16 bits 		 Slave_address=0x01 		 Selected_Register=Control Register 		  Data_to_Write=0xaaaa 		 Status=Pass
Time=1869993490.000 ns 		 SPI_clock_frequency=1000000Hz 		 SPI_MODE=0 		 Operation=Read  		 Data_Size=16 bits 		 Slave_address=0x01 		 Selected_Register=Control Register 		  Data_to_Write=0x3478 		 Status=Pass
Time=1870017930.000 ns 		 SPI_clock_frequency=1000000Hz 		 SPI_MODE=0 		 Operation=Read  		 Data_Size=16 bits 		 Slave_address=0x01 		 Selected_Register=Control Register 		  Data_to_Write=0xffff 		 Status=Pass
Time=1870042370.000 ns 		 SPI_clock_frequency=1000000Hz 		 SPI_MODE=1 		 Operation=Write 		 Data_Size=16 bits 		 Slave_address=0x01 		 Selected_Register=Control Register 		  Data_to_Write=0x0 		 Status=Pass
Time=1870066810.000 ns 		 SPI_clock_frequency=1000000Hz 		 SPI_MODE=1 		 Operation=Write 		 Data_Size=16 bits 		 Slave_address=0x01 		 Selected_Register=Control Register 		  Data_to_Write=0x5555 		 Status=Pass
Time=1870091250.000 ns 		 SPI_clock_frequency=1000000Hz 		 SPI_MODE=1 		 Operation=Write 		 Data_Size=16 bits 		 Slave_address=0x01 		 Selected_Register=Control Register 		  Data_to_Write=0xaaaa 		 Status=Pass
Time=1870115690.000 ns 		 SPI_clock_frequency=1000000Hz 		 SPI_MODE=1 		 Operation=Write 		 Data_Size=16 bits 		 Slave_address=0x01 		 Selected_Register=Control Register 		  Data_to_Write=0x3478 		 Status=Pass
Time=1870140130.000 ns 		 SPI_clock_frequency=1000000Hz 		 SPI_MODE=1 		 Operation=Write 		 Data_Size=16 bits 		 Slave_address=0x01 		 Selected_Register=Control Register 		  Data_to_Write=0xffff 		 Status=Pass
Time=1870164570.000 ns 		 SPI_clock_frequency=1000000Hz 		 SPI_MODE=1 		 Operation=Read  		 Data_Size=16 bits 		 Slave_address=0x01 		 Selected_Register=Control Register 		  Data_to_Write=0x0 		 Status=Pass
Time=1870189010.000 ns 		 SPI_clock_frequency=1000000Hz 		 SPI_MODE=1 		 Operation=Read  		 Data_Size=16 bits 		 Slave_address=0x01 		 Selected_Register=Control Register 		  Data_to_Write=0x5555 		 Status=Pass
Time=1870213450.000 ns 		 SPI_clock_frequency=1000000Hz 		 SPI_MODE=1 		 Operation=Read  		 Data_Size=16 bits 		 Slave_address=0x01 		 Selected_Register=Control Register 		  Data_to_Write=0xaaaa 		 Status=Pass
Time=1870237890.000 ns 		 SPI_clock_frequency=1000000Hz 		 SPI_MODE=1 		 Operation=Read  		 Data_Size=16 bits 		 Slave_address=0x01 		 Selected_Register=Control Register 		  Data_to_Write=0x3478 		 Status=Pass
Time=1870262330.000 ns 		 SPI_clock_frequency=1000000Hz 		 SPI_MODE=1 		 Operation=Read  		 Data_Size=16 bits 		 Slave_address=0x01 		 Selected_Register=Control Register 		  Data_to_Write=0xffff 		 Status=Pass
Time=1870287770.000 ns 		 SPI_clock_frequency=1000000Hz 		 SPI_MODE=2 		 Operation=Write 		 Data_Size=16 bits 		 Slave_address=0x01 		 Selected_Register=Control Register 		  Data_to_Write=0x0 		 Status=Pass
Time=1870313210.000 ns 		 SPI_clock_frequency=1000000Hz 		 SPI_MODE=2 		 Operation=Write 		 Data_Size=16 bits 		 Slave_address=0x01 		 Selected_Register=Control Register 		  Data_to_Write=0x5555 		 Status=Pass
Time=1870338650.000 ns 		 SPI_clock_frequency=1000000Hz 		 SPI_MODE=2 		 Operation=Write 		 Data_Size=16 bits 		 Slave_address=0x01 		 Selected_Register=Control Register 		  Data_to_Write=0xaaaa 		 Status=Pass
Time=1870364090.000 ns 		 SPI_clock_frequency=1000000Hz 		 SPI_MODE=2 		 Operation=Write 		 Data_Size=16 bits 		 Slave_address=0x01 		 Selected_Register=Control Register 		  Data_to_Write=0x3478 		 Status=Pass
Time=1870389530.000 ns 		 SPI_clock_frequency=1000000Hz 		 SPI_MODE=2 		 Operation=Write 		 Data_Size=16 bits 		 Slave_address=0x01 		 Selected_Register=Control Register 		  Data_to_Write=0xffff 		 Status=Pass
Time=1870414970.000 ns 		 SPI_clock_frequency=1000000Hz 		 SPI_MODE=2 		 Operation=Read  		 Data_Size=16 bits 		 Slave_address=0x01 		 Selected_Register=Control Register 		  Data_to_Write=0x0 		 Status=Pass
Time=1870440410.000 ns 		 SPI_clock_frequency=1000000Hz 		 SPI_MODE=2 		 Operation=Read  		 Data_Size=16 bits 		 Slave_address=0x01 		 Selected_Register=Control Register 		  Data_to_Write=0x5555 		 Status=Pass
Time=1870465850.000 ns 		 SPI_clock_frequency=1000000Hz 		 SPI_MODE=2 		 Operation=Read  		 Data_Size=16 bits 		 Slave_address=0x01 		 Selected_Register=Control Register 		  Data_to_Write=0xaaaa 		 Status=Pass
Time=1870491290.000 ns 		 SPI_clock_frequency=1000000Hz 		 SPI_MODE=2 		 Operation=Read  		 Data_Size=16 bits 		 Slave_address=0x01 		 Selected_Register=Control Register 		  Data_to_Write=0x3478 		 Status=Pass
Time=1870516730.000 ns 		 SPI_clock_frequency=1000000Hz 		 SPI_MODE=2 		 Operation=Read  		 Data_Size=16 bits 		 Slave_address=0x01 		 Selected_Register=Control Register 		  Data_to_Write=0xffff 		 Status=Pass
Time=1870542170.000 ns 		 SPI_clock_frequency=1000000Hz 		 SPI_MODE=3 		 Operation=Write 		 Data_Size=16 bits 		 Slave_address=0x01 		 Selected_Register=Control Register 		  Data_to_Write=0x0 		 Status=Pass
Time=1870567610.000 ns 		 SPI_clock_frequency=1000000Hz 		 SPI_MODE=3 		 Operation=Write 		 Data_Size=16 bits 		 Slave_address=0x01 		 Selected_Register=Control Register 		  Data_to_Write=0x5555 		 Status=Pass
Time=1870593050.000 ns 		 SPI_clock_frequency=1000000Hz 		 SPI_MODE=3 		 Operation=Write 		 Data_Size=16 bits 		 Slave_address=0x01 		 Selected_Register=Control Register 		  Data_to_Write=0xaaaa 		 Status=Pass
Time=1870618490.000 ns 		 SPI_clock_frequency=1000000Hz 		 SPI_MODE=3 		 Operation=Write 		 Data_Size=16 bits 		 Slave_address=0x01 		 Selected_Register=Control Register 		  Data_to_Write=0x3478 		 Status=Pass
Time=1870643930.000 ns 		 SPI_clock_frequency=1000000Hz 		 SPI_MODE=3 		 Operation=Write 		 Data_Size=16 bits 		 Slave_address=0x01 		 Selected_Register=Control Register 		  Data_to_Write=0xffff 		 Status=Pass
Time=1870669370.000 ns 		 SPI_clock_frequency=1000000Hz 		 SPI_MODE=3 		 Operation=Read  		 Data_Size=16 bits 		 Slave_address=0x01 		 Selected_Register=Control Register 		  Data_to_Write=0x0 		 Status=Pass
Time=1870694810.000 ns 		 SPI_clock_frequency=1000000Hz 		 SPI_MODE=3 		 Operation=Read  		 Data_Size=16 bits 		 Slave_address=0x01 		 Selected_Register=Control Register 		  Data_to_Write=0x5555 		 Status=Pass
Time=1870720250.000 ns 		 SPI_clock_frequency=1000000Hz 		 SPI_MODE=3 		 Operation=Read  		 Data_Size=16 bits 		 Slave_address=0x01 		 Selected_Register=Control Register 		  Data_to_Write=0xaaaa 		 Status=Pass
Time=1870745690.000 ns 		 SPI_clock_frequency=1000000Hz 		 SPI_MODE=3 		 Operation=Read  		 Data_Size=16 bits 		 Slave_address=0x01 		 Selected_Register=Control Register 		  Data_to_Write=0x3478 		 Status=Pass
Time=1870771130.000 ns 		 SPI_clock_frequency=1000000Hz 		 SPI_MODE=3 		 Operation=Read  		 Data_Size=16 bits 		 Slave_address=0x01 		 Selected_Register=Control Register 		  Data_to_Write=0xffff 		 Status=Pass
Time=1870795570.000 ns 		 SPI_clock_frequency=1000000Hz 		 SPI_MODE=0 		 Operation=Write 		 Data_Size=16 bits 		 Slave_address=0x02 		 Selected_Register=Status Register    		  Data_to_Write=0x0 		 Status=Pass
Time=1870820010.000 ns 		 SPI_clock_frequency=1000000Hz 		 SPI_MODE=0 		 Operation=Write 		 Data_Size=16 bits 		 Slave_address=0x02 		 Selected_Register=Status Register    		  Data_to_Write=0x5555 		 Status=Pass
Time=1870844450.000 ns 		 SPI_clock_frequency=1000000Hz 		 SPI_MODE=0 		 Operation=Write 		 Data_Size=16 bits 		 Slave_address=0x02 		 Selected_Register=Status Register    		  Data_to_Write=0xaaaa 		 Status=Pass
Time=1870868890.000 ns 		 SPI_clock_frequency=1000000Hz 		 SPI_MODE=0 		 Operation=Write 		 Data_Size=16 bits 		 Slave_address=0x02 		 Selected_Register=Status Register    		  Data_to_Write=0x3478 		 Status=Pass
Time=1870893330.000 ns 		 SPI_clock_frequency=1000000Hz 		 SPI_MODE=0 		 Operation=Write 		 Data_Size=16 bits 		 Slave_address=0x02 		 Selected_Register=Status Register    		  Data_to_Write=0xffff 		 Status=Pass
Time=1870917770.000 ns 		 SPI_clock_frequency=1000000Hz 		 SPI_MODE=0 		 Operation=Read  		 Data_Size=16 bits 		 Slave_address=0x02 		 Selected_Register=Status Register     		  Data_to_Write=0x0 		 Status=Pass
Time=1870942210.000 ns 		 SPI_clock_frequency=1000000Hz 		 SPI_MODE=0 		 Operation=Read  		 Data_Size=16 bits 		 Slave_address=0x02 		 Selected_Register=Status Register     		  Data_to_Write=0x5555 		 Status=Pass
Time=1870966650.000 ns 		 SPI_clock_frequency=1000000Hz 		 SPI_MODE=0 		 Operation=Read  		 Data_Size=16 bits 		 Slave_address=0x02 		 Selected_Register=Status Register     		  Data_to_Write=0xaaaa 		 Status=Pass
Time=1870991090.000 ns 		 SPI_clock_frequency=1000000Hz 		 SPI_MODE=0 		 Operation=Read  		 Data_Size=16 bits 		 Slave_address=0x02 		 Selected_Register=Status Register     		  Data_to_Write=0x3478 		 Status=Pass
Time=1871015530.000 ns 		 SPI_clock_frequency=1000000Hz 		 SPI_MODE=0 		 Operation=Read  		 Data_Size=16 bits 		 Slave_address=0x02 		 Selected_Register=Status Register     		  Data_to_Write=0xffff 		 Status=Pass
Time=1871039970.000 ns 		 SPI_clock_frequency=1000000Hz 		 SPI_MODE=1 		 Operation=Write 		 Data_Size=16 bits 		 Slave_address=0x02 		 Selected_Register=Status Register    		  Data_to_Write=0x0 		 Status=Pass
Time=1871064410.000 ns 		 SPI_clock_frequency=1000000Hz 		 SPI_MODE=1 		 Operation=Write 		 Data_Size=16 bits 		 Slave_address=0x02 		 Selected_Register=Status Register    		  Data_to_Write=0x5555 		 Status=Pass
Time=1871088850.000 ns 		 SPI_clock_frequency=1000000Hz 		 SPI_MODE=1 		 Operation=Write 		 Data_Size=16 bits 		 Slave_address=0x02 		 Selected_Register=Status Register    		  Data_to_Write=0xaaaa 		 Status=Pass
Time=1871113290.000 ns 		 SPI_clock_frequency=1000000Hz 		 SPI_MODE=1 		 Operation=Write 		 Data_Size=16 bits 		 Slave_address=0x02 		 Selected_Register=Status Register    		  Data_to_Write=0x3478 		 Status=Pass
Time=1871137730.000 ns 		 SPI_clock_frequency=1000000Hz 		 SPI_MODE=1 		 Operation=Write 		 Data_Size=16 bits 		 Slave_address=0x02 		 Selected_Register=Status Register    		  Data_to_Write=0xffff 		 Status=Pass
Time=1871162170.000 ns 		 SPI_clock_frequency=1000000Hz 		 SPI_MODE=1 		 Operation=Read  		 Data_Size=16 bits 		 Slave_address=0x02 		 Selected_Register=Status Register     		  Data_to_Write=0x0 		 Status=Pass
Time=1871186610.000 ns 		 SPI_clock_frequency=1000000Hz 		 SPI_MODE=1 		 Operation=Read  		 Data_Size=16 bits 		 Slave_address=0x02 		 Selected_Register=Status Register     		  Data_to_Write=0x5555 		 Status=Pass
Time=1871211050.000 ns 		 SPI_clock_frequency=1000000Hz 		 SPI_MODE=1 		 Operation=Read  		 Data_Size=16 bits 		 Slave_address=0x02 		 Selected_Register=Status Register     		  Data_to_Write=0xaaaa 		 Status=Pass
Time=1871235490.000 ns 		 SPI_clock_frequency=1000000Hz 		 SPI_MODE=1 		 Operation=Read  		 Data_Size=16 bits 		 Slave_address=0x02 		 Selected_Register=Status Register     		  Data_to_Write=0x3478 		 Status=Pass
Time=1871259930.000 ns 		 SPI_clock_frequency=1000000Hz 		 SPI_MODE=1 		 Operation=Read  		 Data_Size=16 bits 		 Slave_address=0x02 		 Selected_Register=Status Register     		  Data_to_Write=0xffff 		 Status=Pass
Time=1871285370.000 ns 		 SPI_clock_frequency=1000000Hz 		 SPI_MODE=2 		 Operation=Write 		 Data_Size=16 bits 		 Slave_address=0x02 		 Selected_Register=Status Register    		  Data_to_Write=0x0 		 Status=Pass
Time=1871310810.000 ns 		 SPI_clock_frequency=1000000Hz 		 SPI_MODE=2 		 Operation=Write 		 Data_Size=16 bits 		 Slave_address=0x02 		 Selected_Register=Status Register    		  Data_to_Write=0x5555 		 Status=Pass
Time=1871336250.000 ns 		 SPI_clock_frequency=1000000Hz 		 SPI_MODE=2 		 Operation=Write 		 Data_Size=16 bits 		 Slave_address=0x02 		 Selected_Register=Status Register    		  Data_to_Write=0xaaaa 		 Status=Pass
Time=1871361690.000 ns 		 SPI_clock_frequency=1000000Hz 		 SPI_MODE=2 		 Operation=Write 		 Data_Size=16 bits 		 Slave_address=0x02 		 Selected_Register=Status Register    		  Data_to_Write=0x3478 		 Status=Pass
Time=1871387130.000 ns 		 SPI_clock_frequency=1000000Hz 		 SPI_MODE=2 		 Operation=Write 		 Data_Size=16 bits 		 Slave_address=0x02 		 Selected_Register=Status Register    		  Data_to_Write=0xffff 		 Status=Pass
Time=1871412570.000 ns 		 SPI_clock_frequency=1000000Hz 		 SPI_MODE=2 		 Operation=Read  		 Data_Size=16 bits 		 Slave_address=0x02 		 Selected_Register=Status Register     		  Data_to_Write=0x0 		 Status=Pass
Time=1871438010.000 ns 		 SPI_clock_frequency=1000000Hz 		 SPI_MODE=2 		 Operation=Read  		 Data_Size=16 bits 		 Slave_address=0x02 		 Selected_Register=Status Register     		  Data_to_Write=0x5555 		 Status=Pass
Time=1871463450.000 ns 		 SPI_clock_frequency=1000000Hz 		 SPI_MODE=2 		 Operation=Read  		 Data_Size=16 bits 		 Slave_address=0x02 		 Selected_Register=Status Register     		  Data_to_Write=0xaaaa 		 Status=Pass
Time=1871488890.000 ns 		 SPI_clock_frequency=1000000Hz 		 SPI_MODE=2 		 Operation=Read  		 Data_Size=16 bits 		 Slave_address=0x02 		 Selected_Register=Status Register     		  Data_to_Write=0x3478 		 Status=Pass
Time=1871514330.000 ns 		 SPI_clock_frequency=1000000Hz 		 SPI_MODE=2 		 Operation=Read  		 Data_Size=16 bits 		 Slave_address=0x02 		 Selected_Register=Status Register     		  Data_to_Write=0xffff 		 Status=Pass
Time=1871539770.000 ns 		 SPI_clock_frequency=1000000Hz 		 SPI_MODE=3 		 Operation=Write 		 Data_Size=16 bits 		 Slave_address=0x02 		 Selected_Register=Status Register    		  Data_to_Write=0x0 		 Status=Pass
Time=1871565210.000 ns 		 SPI_clock_frequency=1000000Hz 		 SPI_MODE=3 		 Operation=Write 		 Data_Size=16 bits 		 Slave_address=0x02 		 Selected_Register=Status Register    		  Data_to_Write=0x5555 		 Status=Pass
Time=1871590650.000 ns 		 SPI_clock_frequency=1000000Hz 		 SPI_MODE=3 		 Operation=Write 		 Data_Size=16 bits 		 Slave_address=0x02 		 Selected_Register=Status Register    		  Data_to_Write=0xaaaa 		 Status=Pass
Time=1871616090.000 ns 		 SPI_clock_frequency=1000000Hz 		 SPI_MODE=3 		 Operation=Write 		 Data_Size=16 bits 		 Slave_address=0x02 		 Selected_Register=Status Register    		  Data_to_Write=0x3478 		 Status=Pass
Time=1871641530.000 ns 		 SPI_clock_frequency=1000000Hz 		 SPI_MODE=3 		 Operation=Write 		 Data_Size=16 bits 		 Slave_address=0x02 		 Selected_Register=Status Register    		  Data_to_Write=0xffff 		 Status=Pass
Time=1871666970.000 ns 		 SPI_clock_frequency=1000000Hz 		 SPI_MODE=3 		 Operation=Read  		 Data_Size=16 bits 		 Slave_address=0x02 		 Selected_Register=Status Register     		  Data_to_Write=0x0 		 Status=Pass
Time=1871692410.000 ns 		 SPI_clock_frequency=1000000Hz 		 SPI_MODE=3 		 Operation=Read  		 Data_Size=16 bits 		 Slave_address=0x02 		 Selected_Register=Status Register     		  Data_to_Write=0x5555 		 Status=Pass
Time=1871717850.000 ns 		 SPI_clock_frequency=1000000Hz 		 SPI_MODE=3 		 Operation=Read  		 Data_Size=16 bits 		 Slave_address=0x02 		 Selected_Register=Status Register     		  Data_to_Write=0xaaaa 		 Status=Pass
Time=1871743290.000 ns 		 SPI_clock_frequency=1000000Hz 		 SPI_MODE=3 		 Operation=Read  		 Data_Size=16 bits 		 Slave_address=0x02 		 Selected_Register=Status Register     		  Data_to_Write=0x3478 		 Status=Pass
Time=1871768730.000 ns 		 SPI_clock_frequency=1000000Hz 		 SPI_MODE=3 		 Operation=Read  		 Data_Size=16 bits 		 Slave_address=0x02 		 Selected_Register=Status Register     		  Data_to_Write=0xffff 		 Status=Pass
Time=1871793170.000 ns 		 SPI_clock_frequency=1000000Hz 		 SPI_MODE=0 		 Operation=Write 		 Data_Size=16 bits 		 Slave_address=0x03 		 Selected_Register=Data Register      		  Data_to_Write=0x0 		 Status=Pass
Time=1871817610.000 ns 		 SPI_clock_frequency=1000000Hz 		 SPI_MODE=0 		 Operation=Write 		 Data_Size=16 bits 		 Slave_address=0x03 		 Selected_Register=Data Register      		  Data_to_Write=0x5555 		 Status=Pass
Time=1871842050.000 ns 		 SPI_clock_frequency=1000000Hz 		 SPI_MODE=0 		 Operation=Write 		 Data_Size=16 bits 		 Slave_address=0x03 		 Selected_Register=Data Register      		  Data_to_Write=0xaaaa 		 Status=Pass
Time=1871866490.000 ns 		 SPI_clock_frequency=1000000Hz 		 SPI_MODE=0 		 Operation=Write 		 Data_Size=16 bits 		 Slave_address=0x03 		 Selected_Register=Data Register      		  Data_to_Write=0x3478 		 Status=Pass
Time=1871890930.000 ns 		 SPI_clock_frequency=1000000Hz 		 SPI_MODE=0 		 Operation=Write 		 Data_Size=16 bits 		 Slave_address=0x03 		 Selected_Register=Data Register      		  Data_to_Write=0xffff 		 Status=Pass
Time=1871915370.000 ns 		 SPI_clock_frequency=1000000Hz 		 SPI_MODE=0 		 Operation=Read  		 Data_Size=16 bits 		 Slave_address=0x03 		 Selected_Register=Data Register       		  Data_to_Write=0x0 		 Status=Pass
Time=1871939810.000 ns 		 SPI_clock_frequency=1000000Hz 		 SPI_MODE=0 		 Operation=Read  		 Data_Size=16 bits 		 Slave_address=0x03 		 Selected_Register=Data Register       		  Data_to_Write=0x5555 		 Status=Pass
Time=1871964250.000 ns 		 SPI_clock_frequency=1000000Hz 		 SPI_MODE=0 		 Operation=Read  		 Data_Size=16 bits 		 Slave_address=0x03 		 Selected_Register=Data Register       		  Data_to_Write=0xaaaa 		 Status=Pass
Time=1871988690.000 ns 		 SPI_clock_frequency=1000000Hz 		 SPI_MODE=0 		 Operation=Read  		 Data_Size=16 bits 		 Slave_address=0x03 		 Selected_Register=Data Register       		  Data_to_Write=0x3478 		 Status=Pass
Time=1872013130.000 ns 		 SPI_clock_frequency=1000000Hz 		 SPI_MODE=0 		 Operation=Read  		 Data_Size=16 bits 		 Slave_address=0x03 		 Selected_Register=Data Register       		  Data_to_Write=0xffff 		 Status=Pass
Time=1872037570.000 ns 		 SPI_clock_frequency=1000000Hz 		 SPI_MODE=1 		 Operation=Write 		 Data_Size=16 bits 		 Slave_address=0x03 		 Selected_Register=Data Register      		  Data_to_Write=0x0 		 Status=Pass
Time=1872062010.000 ns 		 SPI_clock_frequency=1000000Hz 		 SPI_MODE=1 		 Operation=Write 		 Data_Size=16 bits 		 Slave_address=0x03 		 Selected_Register=Data Register      		  Data_to_Write=0x5555 		 Status=Pass
Time=1872086450.000 ns 		 SPI_clock_frequency=1000000Hz 		 SPI_MODE=1 		 Operation=Write 		 Data_Size=16 bits 		 Slave_address=0x03 		 Selected_Register=Data Register      		  Data_to_Write=0xaaaa 		 Status=Pass
Time=1872110890.000 ns 		 SPI_clock_frequency=1000000Hz 		 SPI_MODE=1 		 Operation=Write 		 Data_Size=16 bits 		 Slave_address=0x03 		 Selected_Register=Data Register      		  Data_to_Write=0x3478 		 Status=Pass
Time=1872135330.000 ns 		 SPI_clock_frequency=1000000Hz 		 SPI_MODE=1 		 Operation=Write 		 Data_Size=16 bits 		 Slave_address=0x03 		 Selected_Register=Data Register      		  Data_to_Write=0xffff 		 Status=Pass
Time=1872159770.000 ns 		 SPI_clock_frequency=1000000Hz 		 SPI_MODE=1 		 Operation=Read  		 Data_Size=16 bits 		 Slave_address=0x03 		 Selected_Register=Data Register       		  Data_to_Write=0x0 		 Status=Pass
Time=1872184210.000 ns 		 SPI_clock_frequency=1000000Hz 		 SPI_MODE=1 		 Operation=Read  		 Data_Size=16 bits 		 Slave_address=0x03 		 Selected_Register=Data Register       		  Data_to_Write=0x5555 		 Status=Pass
Time=1872208650.000 ns 		 SPI_clock_frequency=1000000Hz 		 SPI_MODE=1 		 Operation=Read  		 Data_Size=16 bits 		 Slave_address=0x03 		 Selected_Register=Data Register       		  Data_to_Write=0xaaaa 		 Status=Pass
Time=1872233090.000 ns 		 SPI_clock_frequency=1000000Hz 		 SPI_MODE=1 		 Operation=Read  		 Data_Size=16 bits 		 Slave_address=0x03 		 Selected_Register=Data Register       		  Data_to_Write=0x3478 		 Status=Pass
Time=1872257530.000 ns 		 SPI_clock_frequency=1000000Hz 		 SPI_MODE=1 		 Operation=Read  		 Data_Size=16 bits 		 Slave_address=0x03 		 Selected_Register=Data Register       		  Data_to_Write=0xffff 		 Status=Pass
Time=1872282970.000 ns 		 SPI_clock_frequency=1000000Hz 		 SPI_MODE=2 		 Operation=Write 		 Data_Size=16 bits 		 Slave_address=0x03 		 Selected_Register=Data Register      		  Data_to_Write=0x0 		 Status=Pass
Time=1872308410.000 ns 		 SPI_clock_frequency=1000000Hz 		 SPI_MODE=2 		 Operation=Write 		 Data_Size=16 bits 		 Slave_address=0x03 		 Selected_Register=Data Register      		  Data_to_Write=0x5555 		 Status=Pass
Time=1872333850.000 ns 		 SPI_clock_frequency=1000000Hz 		 SPI_MODE=2 		 Operation=Write 		 Data_Size=16 bits 		 Slave_address=0x03 		 Selected_Register=Data Register      		  Data_to_Write=0xaaaa 		 Status=Pass
Time=1872359290.000 ns 		 SPI_clock_frequency=1000000Hz 		 SPI_MODE=2 		 Operation=Write 		 Data_Size=16 bits 		 Slave_address=0x03 		 Selected_Register=Data Register      		  Data_to_Write=0x3478 		 Status=Pass
Time=1872384730.000 ns 		 SPI_clock_frequency=1000000Hz 		 SPI_MODE=2 		 Operation=Write 		 Data_Size=16 bits 		 Slave_address=0x03 		 Selected_Register=Data Register      		  Data_to_Write=0xffff 		 Status=Pass
Time=1872410170.000 ns 		 SPI_clock_frequency=1000000Hz 		 SPI_MODE=2 		 Operation=Read  		 Data_Size=16 bits 		 Slave_address=0x03 		 Selected_Register=Data Register       		  Data_to_Write=0x0 		 Status=Pass
Time=1872435610.000 ns 		 SPI_clock_frequency=1000000Hz 		 SPI_MODE=2 		 Operation=Read  		 Data_Size=16 bits 		 Slave_address=0x03 		 Selected_Register=Data Register       		  Data_to_Write=0x5555 		 Status=Pass
Time=1872461050.000 ns 		 SPI_clock_frequency=1000000Hz 		 SPI_MODE=2 		 Operation=Read  		 Data_Size=16 bits 		 Slave_address=0x03 		 Selected_Register=Data Register       		  Data_to_Write=0xaaaa 		 Status=Pass
Time=1872486490.000 ns 		 SPI_clock_frequency=1000000Hz 		 SPI_MODE=2 		 Operation=Read  		 Data_Size=16 bits 		 Slave_address=0x03 		 Selected_Register=Data Register       		  Data_to_Write=0x3478 		 Status=Pass
Time=1872511930.000 ns 		 SPI_clock_frequency=1000000Hz 		 SPI_MODE=2 		 Operation=Read  		 Data_Size=16 bits 		 Slave_address=0x03 		 Selected_Register=Data Register       		  Data_to_Write=0xffff 		 Status=Pass
Time=1872537370.000 ns 		 SPI_clock_frequency=1000000Hz 		 SPI_MODE=3 		 Operation=Write 		 Data_Size=16 bits 		 Slave_address=0x03 		 Selected_Register=Data Register      		  Data_to_Write=0x0 		 Status=Pass
Time=1872562810.000 ns 		 SPI_clock_frequency=1000000Hz 		 SPI_MODE=3 		 Operation=Write 		 Data_Size=16 bits 		 Slave_address=0x03 		 Selected_Register=Data Register      		  Data_to_Write=0x5555 		 Status=Pass
Time=1872588250.000 ns 		 SPI_clock_frequency=1000000Hz 		 SPI_MODE=3 		 Operation=Write 		 Data_Size=16 bits 		 Slave_address=0x03 		 Selected_Register=Data Register      		  Data_to_Write=0xaaaa 		 Status=Pass
Time=1872613690.000 ns 		 SPI_clock_frequency=1000000Hz 		 SPI_MODE=3 		 Operation=Write 		 Data_Size=16 bits 		 Slave_address=0x03 		 Selected_Register=Data Register      		  Data_to_Write=0x3478 		 Status=Pass
Time=1872639130.000 ns 		 SPI_clock_frequency=1000000Hz 		 SPI_MODE=3 		 Operation=Write 		 Data_Size=16 bits 		 Slave_address=0x03 		 Selected_Register=Data Register      		  Data_to_Write=0xffff 		 Status=Pass
Time=1872664570.000 ns 		 SPI_clock_frequency=1000000Hz 		 SPI_MODE=3 		 Operation=Read  		 Data_Size=16 bits 		 Slave_address=0x03 		 Selected_Register=Data Register       		  Data_to_Write=0x0 		 Status=Pass
Time=1872690010.000 ns 		 SPI_clock_frequency=1000000Hz 		 SPI_MODE=3 		 Operation=Read  		 Data_Size=16 bits 		 Slave_address=0x03 		 Selected_Register=Data Register       		  Data_to_Write=0x5555 		 Status=Pass
Time=1872715450.000 ns 		 SPI_clock_frequency=1000000Hz 		 SPI_MODE=3 		 Operation=Read  		 Data_Size=16 bits 		 Slave_address=0x03 		 Selected_Register=Data Register       		  Data_to_Write=0xaaaa 		 Status=Pass
Time=1872740890.000 ns 		 SPI_clock_frequency=1000000Hz 		 SPI_MODE=3 		 Operation=Read  		 Data_Size=16 bits 		 Slave_address=0x03 		 Selected_Register=Data Register       		  Data_to_Write=0x3478 		 Status=Pass
Time=1872766330.000 ns 		 SPI_clock_frequency=1000000Hz 		 SPI_MODE=3 		 Operation=Read  		 Data_Size=16 bits 		 Slave_address=0x03 		 Selected_Register=Data Register       		  Data_to_Write=0xffff 		 Status=Pass
 ERROR: Invalid Slave Address (04)
 ERROR: Invalid Slave Address (04)
 ERROR: Invalid Slave Address (04)
 ERROR: Invalid Slave Address (04)
 ERROR: Invalid Slave Address (04)
 ERROR: Invalid Slave Address (04)
 ERROR: Invalid Slave Address (04)
 ERROR: Invalid Slave Address (04)
 ERROR: Invalid Slave Address (04)
 ERROR: Invalid Slave Address (04)
 ERROR: Invalid Slave Address (04)
 ERROR: Invalid Slave Address (04)
 ERROR: Invalid Slave Address (04)
 ERROR: Invalid Slave Address (04)
 ERROR: Invalid Slave Address (04)
 ERROR: Invalid Slave Address (04)
 ERROR: Invalid Slave Address (04)
 ERROR: Invalid Slave Address (04)
 ERROR: Invalid Slave Address (04)
 ERROR: Invalid Slave Address (04)
 ERROR: Invalid Slave Address (04)
 ERROR: Invalid Slave Address (04)
 ERROR: Invalid Slave Address (04)
 ERROR: Invalid Slave Address (04)
 ERROR: Invalid Slave Address (04)
 ERROR: Invalid Slave Address (04)
 ERROR: Invalid Slave Address (04)
 ERROR: Invalid Slave Address (04)
 ERROR: Invalid Slave Address (04)
 ERROR: Invalid Slave Address (04)
 ERROR: Invalid Slave Address (04)
 ERROR: Invalid Slave Address (04)
 ERROR: Invalid Slave Address (04)
 ERROR: Invalid Slave Address (04)
 ERROR: Invalid Slave Address (04)
 ERROR: Invalid Slave Address (04)
 ERROR: Invalid Slave Address (04)
 ERROR: Invalid Slave Address (04)
 ERROR: Invalid Slave Address (04)
 ERROR: Invalid Slave Address (04)
 ERROR: Invalid Slave Address (05)
 ERROR: Invalid Slave Address (05)
 ERROR: Invalid Slave Address (05)
 ERROR: Invalid Slave Address (05)
 ERROR: Invalid Slave Address (05)
 ERROR: Invalid Slave Address (05)
 ERROR: Invalid Slave Address (05)
 ERROR: Invalid Slave Address (05)
 ERROR: Invalid Slave Address (05)
 ERROR: Invalid Slave Address (05)
 ERROR: Invalid Slave Address (05)
 ERROR: Invalid Slave Address (05)
 ERROR: Invalid Slave Address (05)
 ERROR: Invalid Slave Address (05)
 ERROR: Invalid Slave Address (05)
 ERROR: Invalid Slave Address (05)
 ERROR: Invalid Slave Address (05)
 ERROR: Invalid Slave Address (05)
 ERROR: Invalid Slave Address (05)
 ERROR: Invalid Slave Address (05)
 ERROR: Invalid Slave Address (05)
 ERROR: Invalid Slave Address (05)
 ERROR: Invalid Slave Address (05)
 ERROR: Invalid Slave Address (05)
 ERROR: Invalid Slave Address (05)
 ERROR: Invalid Slave Address (05)
 ERROR: Invalid Slave Address (05)
 ERROR: Invalid Slave Address (05)
 ERROR: Invalid Slave Address (05)
 ERROR: Invalid Slave Address (05)
 ERROR: Invalid Slave Address (05)
 ERROR: Invalid Slave Address (05)
 ERROR: Invalid Slave Address (05)
 ERROR: Invalid Slave Address (05)
 ERROR: Invalid Slave Address (05)
 ERROR: Invalid Slave Address (05)
 ERROR: Invalid Slave Address (05)
 ERROR: Invalid Slave Address (05)
 ERROR: Invalid Slave Address (05)
 ERROR: Invalid Slave Address (05)
 ERROR: Writing a read only register (Device ID)
 ERROR: Writing a read only register (Device ID)
 ERROR: Writing a read only register (Device ID)
 ERROR: Writing a read only register (Device ID)
 ERROR: Writing a read only register (Device ID)
Time=1872773610.000 ns 		 SPI_clock_frequency=33554431Hz 		 SPI_MODE=0 		 Operation=Read  		 Data_Size=8 bits 		 Slave_address=0x00 		 Selected_Register=Device ID          		  Data_to_Write=0x0 		 Status=Pass
 ERROR: Timed out
 ERROR: Timed out
 ERROR: Timed out
 ERROR: Timed out
 ERROR: Writing a read only register (Device ID)
 ERROR: Writing a read only register (Device ID)
 ERROR: Writing a read only register (Device ID)
 ERROR: Writing a read only register (Device ID)
 ERROR: Writing a read only register (Device ID)
Time=1872784030.000 ns 		 SPI_clock_frequency=33554431Hz 		 SPI_MODE=1 		 Operation=Read  		 Data_Size=8 bits 		 Slave_address=0x00 		 Selected_Register=Device ID          		  Data_to_Write=0x0 		 Status=Pass
 ERROR: Timed out
 ERROR: Timed out
 ERROR: Timed out
 ERROR: Timed out
 ERROR: Writing a read only register (Device ID)
 ERROR: Writing a read only register (Device ID)
 ERROR: Writing a read only register (Device ID)
 ERROR: Writing a read only register (Device ID)
 ERROR: Writing a read only register (Device ID)
Time=1872794530.000 ns 		 SPI_clock_frequency=33554431Hz 		 SPI_MODE=2 		 Operation=Read  		 Data_Size=8 bits 		 Slave_address=0x00 		 Selected_Register=Device ID          		  Data_to_Write=0x0 		 Status=Pass
 ERROR: Timed out
 ERROR: Timed out
 ERROR: Timed out
 ERROR: Timed out
 ERROR: Writing a read only register (Device ID)
 ERROR: Writing a read only register (Device ID)
 ERROR: Writing a read only register (Device ID)
 ERROR: Writing a read only register (Device ID)
 ERROR: Writing a read only register (Device ID)
Time=1872805030.000 ns 		 SPI_clock_frequency=33554431Hz 		 SPI_MODE=3 		 Operation=Read  		 Data_Size=8 bits 		 Slave_address=0x00 		 Selected_Register=Device ID          		  Data_to_Write=0x0 		 Status=Pass
 ERROR: Timed out
 ERROR: Timed out
 ERROR: Timed out
 ERROR: Timed out
 ERROR: Timed out
 ERROR: Timed out
 ERROR: Timed out
 ERROR: Timed out
 ERROR: Timed out
 ERROR: Timed out
 ERROR: Timed out
 ERROR: Timed out
 ERROR: Timed out
 ERROR: Timed out
 ERROR: Timed out
 ERROR: Timed out
 ERROR: Timed out
 ERROR: Timed out
 ERROR: Timed out
 ERROR: Timed out
 ERROR: Timed out
 ERROR: Timed out
 ERROR: Timed out
 ERROR: Timed out
 ERROR: Timed out
 ERROR: Timed out
 ERROR: Timed out
 ERROR: Timed out
 ERROR: Timed out
 ERROR: Timed out
 ERROR: Timed out
 ERROR: Timed out
 ERROR: Timed out
 ERROR: Timed out
 ERROR: Timed out
 ERROR: Timed out
 ERROR: Timed out
 ERROR: Timed out
 ERROR: Timed out
 ERROR: Timed out
 ERROR: Timed out
 ERROR: Timed out
 ERROR: Timed out
 ERROR: Timed out
 ERROR: Timed out
 ERROR: Timed out
 ERROR: Timed out
 ERROR: Timed out
 ERROR: Timed out
 ERROR: Timed out
 ERROR: Timed out
 ERROR: Timed out
 ERROR: Timed out
 ERROR: Timed out
 ERROR: Timed out
 ERROR: Timed out
 ERROR: Timed out
 ERROR: Timed out
 ERROR: Timed out
 ERROR: Timed out
 ERROR: Timed out
 ERROR: Timed out
 ERROR: Timed out
 ERROR: Timed out
 ERROR: Timed out
 ERROR: Timed out
 ERROR: Timed out
 ERROR: Timed out
 ERROR: Timed out
 ERROR: Timed out
 ERROR: Timed out
 ERROR: Timed out
 ERROR: Timed out
 ERROR: Timed out
 ERROR: Timed out
 ERROR: Timed out
 ERROR: Timed out
 ERROR: Timed out
 ERROR: Timed out
 ERROR: Timed out
 ERROR: Timed out
 ERROR: Timed out
 ERROR: Timed out
 ERROR: Timed out
 ERROR: Timed out
 ERROR: Timed out
 ERROR: Timed out
 ERROR: Timed out
 ERROR: Timed out
 ERROR: Timed out
 ERROR: Timed out
 ERROR: Timed out
 ERROR: Timed out
 ERROR: Timed out
 ERROR: Timed out
 ERROR: Timed out
 ERROR: Timed out
 ERROR: Timed out
 ERROR: Timed out
 ERROR: Timed out
 ERROR: Timed out
 ERROR: Timed out
 ERROR: Timed out
 ERROR: Timed out
 ERROR: Timed out
 ERROR: Timed out
 ERROR: Timed out
 ERROR: Timed out
 ERROR: Timed out
 ERROR: Timed out
 ERROR: Timed out
 ERROR: Timed out
 ERROR: Timed out
 ERROR: Timed out
 ERROR: Timed out
 ERROR: Timed out
 ERROR: Timed out
 ERROR: Timed out
 ERROR: Timed out
 ERROR: Timed out
 ERROR: Timed out
 ERROR: Timed out
 ERROR: Timed out
 ERROR: Timed out
 ERROR: Invalid Slave Address (04)
 ERROR: Invalid Slave Address (04)
 ERROR: Invalid Slave Address (04)
 ERROR: Invalid Slave Address (04)
 ERROR: Invalid Slave Address (04)
 ERROR: Invalid Slave Address (04)
 ERROR: Invalid Slave Address (04)
 ERROR: Invalid Slave Address (04)
 ERROR: Invalid Slave Address (04)
 ERROR: Invalid Slave Address (04)
 ERROR: Invalid Slave Address (04)
 ERROR: Invalid Slave Address (04)
 ERROR: Invalid Slave Address (04)
 ERROR: Invalid Slave Address (04)
 ERROR: Invalid Slave Address (04)
 ERROR: Invalid Slave Address (04)
 ERROR: Invalid Slave Address (04)
 ERROR: Invalid Slave Address (04)
 ERROR: Invalid Slave Address (04)
 ERROR: Invalid Slave Address (04)
 ERROR: Invalid Slave Address (04)
 ERROR: Invalid Slave Address (04)
 ERROR: Invalid Slave Address (04)
 ERROR: Invalid Slave Address (04)
 ERROR: Invalid Slave Address (04)
 ERROR: Invalid Slave Address (04)
 ERROR: Invalid Slave Address (04)
 ERROR: Invalid Slave Address (04)
 ERROR: Invalid Slave Address (04)
 ERROR: Invalid Slave Address (04)
 ERROR: Invalid Slave Address (04)
 ERROR: Invalid Slave Address (04)
 ERROR: Invalid Slave Address (04)
 ERROR: Invalid Slave Address (04)
 ERROR: Invalid Slave Address (04)
 ERROR: Invalid Slave Address (04)
 ERROR: Invalid Slave Address (04)
 ERROR: Invalid Slave Address (04)
 ERROR: Invalid Slave Address (04)
 ERROR: Invalid Slave Address (04)
 ERROR: Invalid Slave Address (05)
 ERROR: Invalid Slave Address (05)
 ERROR: Invalid Slave Address (05)
 ERROR: Invalid Slave Address (05)
 ERROR: Invalid Slave Address (05)
 ERROR: Invalid Slave Address (05)
 ERROR: Invalid Slave Address (05)
 ERROR: Invalid Slave Address (05)
 ERROR: Invalid Slave Address (05)
 ERROR: Invalid Slave Address (05)
 ERROR: Invalid Slave Address (05)
 ERROR: Invalid Slave Address (05)
 ERROR: Invalid Slave Address (05)
 ERROR: Invalid Slave Address (05)
 ERROR: Invalid Slave Address (05)
 ERROR: Invalid Slave Address (05)
 ERROR: Invalid Slave Address (05)
 ERROR: Invalid Slave Address (05)
 ERROR: Invalid Slave Address (05)
 ERROR: Invalid Slave Address (05)
 ERROR: Invalid Slave Address (05)
 ERROR: Invalid Slave Address (05)
 ERROR: Invalid Slave Address (05)
 ERROR: Invalid Slave Address (05)
 ERROR: Invalid Slave Address (05)
 ERROR: Invalid Slave Address (05)
 ERROR: Invalid Slave Address (05)
 ERROR: Invalid Slave Address (05)
 ERROR: Invalid Slave Address (05)
 ERROR: Invalid Slave Address (05)
 ERROR: Invalid Slave Address (05)
 ERROR: Invalid Slave Address (05)
 ERROR: Invalid Slave Address (05)
 ERROR: Invalid Slave Address (05)
 ERROR: Invalid Slave Address (05)
 ERROR: Invalid Slave Address (05)
 ERROR: Invalid Slave Address (05)
 ERROR: Invalid Slave Address (05)
 ERROR: Invalid Slave Address (05)
 ERROR: Invalid Slave Address (05)
 ERROR: Writing a read only register (Device ID)
 ERROR: Writing a read only register (Device ID)
 ERROR: Writing a read only register (Device ID)
 ERROR: Writing a read only register (Device ID)
 ERROR: Writing a read only register (Device ID)
Time=1873058490.000 ns 		 SPI_clock_frequency=33554431Hz 		 SPI_MODE=0 		 Operation=Read  		 Data_Size=16 bits 		 Slave_address=0x00 		 Selected_Register=Device ID          		  Data_to_Write=0x0 		 Status=Pass
Time=1873061310.000 ns 		 SPI_clock_frequency=33554431Hz 		 SPI_MODE=0 		 Operation=Read  		 Data_Size=16 bits 		 Slave_address=0x00 		 Selected_Register=Device ID          		  Data_to_Write=0x5555 		 Status=Pass
Time=1873064130.000 ns 		 SPI_clock_frequency=33554431Hz 		 SPI_MODE=0 		 Operation=Read  		 Data_Size=16 bits 		 Slave_address=0x00 		 Selected_Register=Device ID          		  Data_to_Write=0xaaaa 		 Status=Pass
Time=1873066950.000 ns 		 SPI_clock_frequency=33554431Hz 		 SPI_MODE=0 		 Operation=Read  		 Data_Size=16 bits 		 Slave_address=0x00 		 Selected_Register=Device ID          		  Data_to_Write=0x3478 		 Status=Pass
Time=1873069770.000 ns 		 SPI_clock_frequency=33554431Hz 		 SPI_MODE=0 		 Operation=Read  		 Data_Size=16 bits 		 Slave_address=0x00 		 Selected_Register=Device ID          		  Data_to_Write=0xffff 		 Status=Pass
 ERROR: Writing a read only register (Device ID)
 ERROR: Writing a read only register (Device ID)
 ERROR: Writing a read only register (Device ID)
 ERROR: Writing a read only register (Device ID)
 ERROR: Writing a read only register (Device ID)
Time=1873072890.000 ns 		 SPI_clock_frequency=33554431Hz 		 SPI_MODE=1 		 Operation=Read  		 Data_Size=16 bits 		 Slave_address=0x00 		 Selected_Register=Device ID          		  Data_to_Write=0x0 		 Status=Pass
Time=1873075710.000 ns 		 SPI_clock_frequency=33554431Hz 		 SPI_MODE=1 		 Operation=Read  		 Data_Size=16 bits 		 Slave_address=0x00 		 Selected_Register=Device ID          		  Data_to_Write=0x5555 		 Status=Pass
Time=1873078530.000 ns 		 SPI_clock_frequency=33554431Hz 		 SPI_MODE=1 		 Operation=Read  		 Data_Size=16 bits 		 Slave_address=0x00 		 Selected_Register=Device ID          		  Data_to_Write=0xaaaa 		 Status=Pass
Time=1873081350.000 ns 		 SPI_clock_frequency=33554431Hz 		 SPI_MODE=1 		 Operation=Read  		 Data_Size=16 bits 		 Slave_address=0x00 		 Selected_Register=Device ID          		  Data_to_Write=0x3478 		 Status=Pass
Time=1873084170.000 ns 		 SPI_clock_frequency=33554431Hz 		 SPI_MODE=1 		 Operation=Read  		 Data_Size=16 bits 		 Slave_address=0x00 		 Selected_Register=Device ID          		  Data_to_Write=0xffff 		 Status=Pass
 ERROR: Writing a read only register (Device ID)
 ERROR: Writing a read only register (Device ID)
 ERROR: Writing a read only register (Device ID)
 ERROR: Writing a read only register (Device ID)
 ERROR: Writing a read only register (Device ID)
Time=1873087370.000 ns 		 SPI_clock_frequency=33554431Hz 		 SPI_MODE=2 		 Operation=Read  		 Data_Size=16 bits 		 Slave_address=0x00 		 Selected_Register=Device ID          		  Data_to_Write=0x0 		 Status=Pass
Time=1873090270.000 ns 		 SPI_clock_frequency=33554431Hz 		 SPI_MODE=2 		 Operation=Read  		 Data_Size=16 bits 		 Slave_address=0x00 		 Selected_Register=Device ID          		  Data_to_Write=0x5555 		 Status=Pass
Time=1873093170.000 ns 		 SPI_clock_frequency=33554431Hz 		 SPI_MODE=2 		 Operation=Read  		 Data_Size=16 bits 		 Slave_address=0x00 		 Selected_Register=Device ID          		  Data_to_Write=0xaaaa 		 Status=Pass
Time=1873096070.000 ns 		 SPI_clock_frequency=33554431Hz 		 SPI_MODE=2 		 Operation=Read  		 Data_Size=16 bits 		 Slave_address=0x00 		 Selected_Register=Device ID          		  Data_to_Write=0x3478 		 Status=Pass
Time=1873098970.000 ns 		 SPI_clock_frequency=33554431Hz 		 SPI_MODE=2 		 Operation=Read  		 Data_Size=16 bits 		 Slave_address=0x00 		 Selected_Register=Device ID          		  Data_to_Write=0xffff 		 Status=Pass
 ERROR: Writing a read only register (Device ID)
 ERROR: Writing a read only register (Device ID)
 ERROR: Writing a read only register (Device ID)
 ERROR: Writing a read only register (Device ID)
 ERROR: Writing a read only register (Device ID)
Time=1873102170.000 ns 		 SPI_clock_frequency=33554431Hz 		 SPI_MODE=3 		 Operation=Read  		 Data_Size=16 bits 		 Slave_address=0x00 		 Selected_Register=Device ID          		  Data_to_Write=0x0 		 Status=Pass
Time=1873105070.000 ns 		 SPI_clock_frequency=33554431Hz 		 SPI_MODE=3 		 Operation=Read  		 Data_Size=16 bits 		 Slave_address=0x00 		 Selected_Register=Device ID          		  Data_to_Write=0x5555 		 Status=Pass
Time=1873107970.000 ns 		 SPI_clock_frequency=33554431Hz 		 SPI_MODE=3 		 Operation=Read  		 Data_Size=16 bits 		 Slave_address=0x00 		 Selected_Register=Device ID          		  Data_to_Write=0xaaaa 		 Status=Pass
Time=1873110870.000 ns 		 SPI_clock_frequency=33554431Hz 		 SPI_MODE=3 		 Operation=Read  		 Data_Size=16 bits 		 Slave_address=0x00 		 Selected_Register=Device ID          		  Data_to_Write=0x3478 		 Status=Pass
Time=1873113770.000 ns 		 SPI_clock_frequency=33554431Hz 		 SPI_MODE=3 		 Operation=Read  		 Data_Size=16 bits 		 Slave_address=0x00 		 Selected_Register=Device ID          		  Data_to_Write=0xffff 		 Status=Pass
Time=1873116590.000 ns 		 SPI_clock_frequency=33554431Hz 		 SPI_MODE=0 		 Operation=Write 		 Data_Size=16 bits 		 Slave_address=0x01 		 Selected_Register=Control Register 		  Data_to_Write=0x0 		 Status=Pass
Time=1873119410.000 ns 		 SPI_clock_frequency=33554431Hz 		 SPI_MODE=0 		 Operation=Write 		 Data_Size=16 bits 		 Slave_address=0x01 		 Selected_Register=Control Register 		  Data_to_Write=0x5555 		 Status=Pass
Time=1873122230.000 ns 		 SPI_clock_frequency=33554431Hz 		 SPI_MODE=0 		 Operation=Write 		 Data_Size=16 bits 		 Slave_address=0x01 		 Selected_Register=Control Register 		  Data_to_Write=0xaaaa 		 Status=Pass
Time=1873125050.000 ns 		 SPI_clock_frequency=33554431Hz 		 SPI_MODE=0 		 Operation=Write 		 Data_Size=16 bits 		 Slave_address=0x01 		 Selected_Register=Control Register 		  Data_to_Write=0x3478 		 Status=Pass
Time=1873127870.000 ns 		 SPI_clock_frequency=33554431Hz 		 SPI_MODE=0 		 Operation=Write 		 Data_Size=16 bits 		 Slave_address=0x01 		 Selected_Register=Control Register 		  Data_to_Write=0xffff 		 Status=Pass
Time=1873130690.000 ns 		 SPI_clock_frequency=33554431Hz 		 SPI_MODE=0 		 Operation=Read  		 Data_Size=16 bits 		 Slave_address=0x01 		 Selected_Register=Control Register 		  Data_to_Write=0x0 		 Status=Pass
Time=1873133510.000 ns 		 SPI_clock_frequency=33554431Hz 		 SPI_MODE=0 		 Operation=Read  		 Data_Size=16 bits 		 Slave_address=0x01 		 Selected_Register=Control Register 		  Data_to_Write=0x5555 		 Status=Pass
Time=1873136330.000 ns 		 SPI_clock_frequency=33554431Hz 		 SPI_MODE=0 		 Operation=Read  		 Data_Size=16 bits 		 Slave_address=0x01 		 Selected_Register=Control Register 		  Data_to_Write=0xaaaa 		 Status=Pass
Time=1873139150.000 ns 		 SPI_clock_frequency=33554431Hz 		 SPI_MODE=0 		 Operation=Read  		 Data_Size=16 bits 		 Slave_address=0x01 		 Selected_Register=Control Register 		  Data_to_Write=0x3478 		 Status=Pass
Time=1873141970.000 ns 		 SPI_clock_frequency=33554431Hz 		 SPI_MODE=0 		 Operation=Read  		 Data_Size=16 bits 		 Slave_address=0x01 		 Selected_Register=Control Register 		  Data_to_Write=0xffff 		 Status=Pass
Time=1873144790.000 ns 		 SPI_clock_frequency=33554431Hz 		 SPI_MODE=1 		 Operation=Write 		 Data_Size=16 bits 		 Slave_address=0x01 		 Selected_Register=Control Register 		  Data_to_Write=0x0 		 Status=Pass
Time=1873147610.000 ns 		 SPI_clock_frequency=33554431Hz 		 SPI_MODE=1 		 Operation=Write 		 Data_Size=16 bits 		 Slave_address=0x01 		 Selected_Register=Control Register 		  Data_to_Write=0x5555 		 Status=Pass
Time=1873150430.000 ns 		 SPI_clock_frequency=33554431Hz 		 SPI_MODE=1 		 Operation=Write 		 Data_Size=16 bits 		 Slave_address=0x01 		 Selected_Register=Control Register 		  Data_to_Write=0xaaaa 		 Status=Pass
Time=1873153250.000 ns 		 SPI_clock_frequency=33554431Hz 		 SPI_MODE=1 		 Operation=Write 		 Data_Size=16 bits 		 Slave_address=0x01 		 Selected_Register=Control Register 		  Data_to_Write=0x3478 		 Status=Pass
Time=1873156070.000 ns 		 SPI_clock_frequency=33554431Hz 		 SPI_MODE=1 		 Operation=Write 		 Data_Size=16 bits 		 Slave_address=0x01 		 Selected_Register=Control Register 		  Data_to_Write=0xffff 		 Status=Pass
Time=1873158890.000 ns 		 SPI_clock_frequency=33554431Hz 		 SPI_MODE=1 		 Operation=Read  		 Data_Size=16 bits 		 Slave_address=0x01 		 Selected_Register=Control Register 		  Data_to_Write=0x0 		 Status=Pass
Time=1873161710.000 ns 		 SPI_clock_frequency=33554431Hz 		 SPI_MODE=1 		 Operation=Read  		 Data_Size=16 bits 		 Slave_address=0x01 		 Selected_Register=Control Register 		  Data_to_Write=0x5555 		 Status=Pass
Time=1873164530.000 ns 		 SPI_clock_frequency=33554431Hz 		 SPI_MODE=1 		 Operation=Read  		 Data_Size=16 bits 		 Slave_address=0x01 		 Selected_Register=Control Register 		  Data_to_Write=0xaaaa 		 Status=Pass
Time=1873167350.000 ns 		 SPI_clock_frequency=33554431Hz 		 SPI_MODE=1 		 Operation=Read  		 Data_Size=16 bits 		 Slave_address=0x01 		 Selected_Register=Control Register 		  Data_to_Write=0x3478 		 Status=Pass
Time=1873170170.000 ns 		 SPI_clock_frequency=33554431Hz 		 SPI_MODE=1 		 Operation=Read  		 Data_Size=16 bits 		 Slave_address=0x01 		 Selected_Register=Control Register 		  Data_to_Write=0xffff 		 Status=Pass
Time=1873173070.000 ns 		 SPI_clock_frequency=33554431Hz 		 SPI_MODE=2 		 Operation=Write 		 Data_Size=16 bits 		 Slave_address=0x01 		 Selected_Register=Control Register 		  Data_to_Write=0x0 		 Status=Pass
Time=1873175970.000 ns 		 SPI_clock_frequency=33554431Hz 		 SPI_MODE=2 		 Operation=Write 		 Data_Size=16 bits 		 Slave_address=0x01 		 Selected_Register=Control Register 		  Data_to_Write=0x5555 		 Status=Pass
Time=1873178870.000 ns 		 SPI_clock_frequency=33554431Hz 		 SPI_MODE=2 		 Operation=Write 		 Data_Size=16 bits 		 Slave_address=0x01 		 Selected_Register=Control Register 		  Data_to_Write=0xaaaa 		 Status=Pass
Time=1873181770.000 ns 		 SPI_clock_frequency=33554431Hz 		 SPI_MODE=2 		 Operation=Write 		 Data_Size=16 bits 		 Slave_address=0x01 		 Selected_Register=Control Register 		  Data_to_Write=0x3478 		 Status=Pass
Time=1873184670.000 ns 		 SPI_clock_frequency=33554431Hz 		 SPI_MODE=2 		 Operation=Write 		 Data_Size=16 bits 		 Slave_address=0x01 		 Selected_Register=Control Register 		  Data_to_Write=0xffff 		 Status=Pass
Time=1873187570.000 ns 		 SPI_clock_frequency=33554431Hz 		 SPI_MODE=2 		 Operation=Read  		 Data_Size=16 bits 		 Slave_address=0x01 		 Selected_Register=Control Register 		  Data_to_Write=0x0 		 Status=Pass
Time=1873190470.000 ns 		 SPI_clock_frequency=33554431Hz 		 SPI_MODE=2 		 Operation=Read  		 Data_Size=16 bits 		 Slave_address=0x01 		 Selected_Register=Control Register 		  Data_to_Write=0x5555 		 Status=Pass
Time=1873193370.000 ns 		 SPI_clock_frequency=33554431Hz 		 SPI_MODE=2 		 Operation=Read  		 Data_Size=16 bits 		 Slave_address=0x01 		 Selected_Register=Control Register 		  Data_to_Write=0xaaaa 		 Status=Pass
Time=1873196270.000 ns 		 SPI_clock_frequency=33554431Hz 		 SPI_MODE=2 		 Operation=Read  		 Data_Size=16 bits 		 Slave_address=0x01 		 Selected_Register=Control Register 		  Data_to_Write=0x3478 		 Status=Pass
Time=1873199170.000 ns 		 SPI_clock_frequency=33554431Hz 		 SPI_MODE=2 		 Operation=Read  		 Data_Size=16 bits 		 Slave_address=0x01 		 Selected_Register=Control Register 		  Data_to_Write=0xffff 		 Status=Pass
Time=1873202070.000 ns 		 SPI_clock_frequency=33554431Hz 		 SPI_MODE=3 		 Operation=Write 		 Data_Size=16 bits 		 Slave_address=0x01 		 Selected_Register=Control Register 		  Data_to_Write=0x0 		 Status=Pass
Time=1873204970.000 ns 		 SPI_clock_frequency=33554431Hz 		 SPI_MODE=3 		 Operation=Write 		 Data_Size=16 bits 		 Slave_address=0x01 		 Selected_Register=Control Register 		  Data_to_Write=0x5555 		 Status=Pass
Time=1873207870.000 ns 		 SPI_clock_frequency=33554431Hz 		 SPI_MODE=3 		 Operation=Write 		 Data_Size=16 bits 		 Slave_address=0x01 		 Selected_Register=Control Register 		  Data_to_Write=0xaaaa 		 Status=Pass
Time=1873210770.000 ns 		 SPI_clock_frequency=33554431Hz 		 SPI_MODE=3 		 Operation=Write 		 Data_Size=16 bits 		 Slave_address=0x01 		 Selected_Register=Control Register 		  Data_to_Write=0x3478 		 Status=Pass
Time=1873213670.000 ns 		 SPI_clock_frequency=33554431Hz 		 SPI_MODE=3 		 Operation=Write 		 Data_Size=16 bits 		 Slave_address=0x01 		 Selected_Register=Control Register 		  Data_to_Write=0xffff 		 Status=Pass
Time=1873216570.000 ns 		 SPI_clock_frequency=33554431Hz 		 SPI_MODE=3 		 Operation=Read  		 Data_Size=16 bits 		 Slave_address=0x01 		 Selected_Register=Control Register 		  Data_to_Write=0x0 		 Status=Pass
Time=1873219470.000 ns 		 SPI_clock_frequency=33554431Hz 		 SPI_MODE=3 		 Operation=Read  		 Data_Size=16 bits 		 Slave_address=0x01 		 Selected_Register=Control Register 		  Data_to_Write=0x5555 		 Status=Pass
Time=1873222370.000 ns 		 SPI_clock_frequency=33554431Hz 		 SPI_MODE=3 		 Operation=Read  		 Data_Size=16 bits 		 Slave_address=0x01 		 Selected_Register=Control Register 		  Data_to_Write=0xaaaa 		 Status=Pass
Time=1873225270.000 ns 		 SPI_clock_frequency=33554431Hz 		 SPI_MODE=3 		 Operation=Read  		 Data_Size=16 bits 		 Slave_address=0x01 		 Selected_Register=Control Register 		  Data_to_Write=0x3478 		 Status=Pass
Time=1873228170.000 ns 		 SPI_clock_frequency=33554431Hz 		 SPI_MODE=3 		 Operation=Read  		 Data_Size=16 bits 		 Slave_address=0x01 		 Selected_Register=Control Register 		  Data_to_Write=0xffff 		 Status=Pass
Time=1873230990.000 ns 		 SPI_clock_frequency=33554431Hz 		 SPI_MODE=0 		 Operation=Write 		 Data_Size=16 bits 		 Slave_address=0x02 		 Selected_Register=Status Register    		  Data_to_Write=0x0 		 Status=Pass
Time=1873233810.000 ns 		 SPI_clock_frequency=33554431Hz 		 SPI_MODE=0 		 Operation=Write 		 Data_Size=16 bits 		 Slave_address=0x02 		 Selected_Register=Status Register    		  Data_to_Write=0x5555 		 Status=Pass
Time=1873236630.000 ns 		 SPI_clock_frequency=33554431Hz 		 SPI_MODE=0 		 Operation=Write 		 Data_Size=16 bits 		 Slave_address=0x02 		 Selected_Register=Status Register    		  Data_to_Write=0xaaaa 		 Status=Pass
Time=1873239450.000 ns 		 SPI_clock_frequency=33554431Hz 		 SPI_MODE=0 		 Operation=Write 		 Data_Size=16 bits 		 Slave_address=0x02 		 Selected_Register=Status Register    		  Data_to_Write=0x3478 		 Status=Pass
Time=1873242270.000 ns 		 SPI_clock_frequency=33554431Hz 		 SPI_MODE=0 		 Operation=Write 		 Data_Size=16 bits 		 Slave_address=0x02 		 Selected_Register=Status Register    		  Data_to_Write=0xffff 		 Status=Pass
Time=1873245090.000 ns 		 SPI_clock_frequency=33554431Hz 		 SPI_MODE=0 		 Operation=Read  		 Data_Size=16 bits 		 Slave_address=0x02 		 Selected_Register=Status Register     		  Data_to_Write=0x0 		 Status=Pass
Time=1873247910.000 ns 		 SPI_clock_frequency=33554431Hz 		 SPI_MODE=0 		 Operation=Read  		 Data_Size=16 bits 		 Slave_address=0x02 		 Selected_Register=Status Register     		  Data_to_Write=0x5555 		 Status=Pass
Time=1873250730.000 ns 		 SPI_clock_frequency=33554431Hz 		 SPI_MODE=0 		 Operation=Read  		 Data_Size=16 bits 		 Slave_address=0x02 		 Selected_Register=Status Register     		  Data_to_Write=0xaaaa 		 Status=Pass
Time=1873253550.000 ns 		 SPI_clock_frequency=33554431Hz 		 SPI_MODE=0 		 Operation=Read  		 Data_Size=16 bits 		 Slave_address=0x02 		 Selected_Register=Status Register     		  Data_to_Write=0x3478 		 Status=Pass
Time=1873256370.000 ns 		 SPI_clock_frequency=33554431Hz 		 SPI_MODE=0 		 Operation=Read  		 Data_Size=16 bits 		 Slave_address=0x02 		 Selected_Register=Status Register     		  Data_to_Write=0xffff 		 Status=Pass
Time=1873259190.000 ns 		 SPI_clock_frequency=33554431Hz 		 SPI_MODE=1 		 Operation=Write 		 Data_Size=16 bits 		 Slave_address=0x02 		 Selected_Register=Status Register    		  Data_to_Write=0x0 		 Status=Pass
Time=1873262010.000 ns 		 SPI_clock_frequency=33554431Hz 		 SPI_MODE=1 		 Operation=Write 		 Data_Size=16 bits 		 Slave_address=0x02 		 Selected_Register=Status Register    		  Data_to_Write=0x5555 		 Status=Pass
Time=1873264830.000 ns 		 SPI_clock_frequency=33554431Hz 		 SPI_MODE=1 		 Operation=Write 		 Data_Size=16 bits 		 Slave_address=0x02 		 Selected_Register=Status Register    		  Data_to_Write=0xaaaa 		 Status=Pass
Time=1873267650.000 ns 		 SPI_clock_frequency=33554431Hz 		 SPI_MODE=1 		 Operation=Write 		 Data_Size=16 bits 		 Slave_address=0x02 		 Selected_Register=Status Register    		  Data_to_Write=0x3478 		 Status=Pass
Time=1873270470.000 ns 		 SPI_clock_frequency=33554431Hz 		 SPI_MODE=1 		 Operation=Write 		 Data_Size=16 bits 		 Slave_address=0x02 		 Selected_Register=Status Register    		  Data_to_Write=0xffff 		 Status=Pass
Time=1873273290.000 ns 		 SPI_clock_frequency=33554431Hz 		 SPI_MODE=1 		 Operation=Read  		 Data_Size=16 bits 		 Slave_address=0x02 		 Selected_Register=Status Register     		  Data_to_Write=0x0 		 Status=Pass
Time=1873276110.000 ns 		 SPI_clock_frequency=33554431Hz 		 SPI_MODE=1 		 Operation=Read  		 Data_Size=16 bits 		 Slave_address=0x02 		 Selected_Register=Status Register     		  Data_to_Write=0x5555 		 Status=Pass
Time=1873278930.000 ns 		 SPI_clock_frequency=33554431Hz 		 SPI_MODE=1 		 Operation=Read  		 Data_Size=16 bits 		 Slave_address=0x02 		 Selected_Register=Status Register     		  Data_to_Write=0xaaaa 		 Status=Pass
Time=1873281750.000 ns 		 SPI_clock_frequency=33554431Hz 		 SPI_MODE=1 		 Operation=Read  		 Data_Size=16 bits 		 Slave_address=0x02 		 Selected_Register=Status Register     		  Data_to_Write=0x3478 		 Status=Pass
Time=1873284570.000 ns 		 SPI_clock_frequency=33554431Hz 		 SPI_MODE=1 		 Operation=Read  		 Data_Size=16 bits 		 Slave_address=0x02 		 Selected_Register=Status Register     		  Data_to_Write=0xffff 		 Status=Pass
Time=1873287470.000 ns 		 SPI_clock_frequency=33554431Hz 		 SPI_MODE=2 		 Operation=Write 		 Data_Size=16 bits 		 Slave_address=0x02 		 Selected_Register=Status Register    		  Data_to_Write=0x0 		 Status=Pass
Time=1873290370.000 ns 		 SPI_clock_frequency=33554431Hz 		 SPI_MODE=2 		 Operation=Write 		 Data_Size=16 bits 		 Slave_address=0x02 		 Selected_Register=Status Register    		  Data_to_Write=0x5555 		 Status=Pass
Time=1873293270.000 ns 		 SPI_clock_frequency=33554431Hz 		 SPI_MODE=2 		 Operation=Write 		 Data_Size=16 bits 		 Slave_address=0x02 		 Selected_Register=Status Register    		  Data_to_Write=0xaaaa 		 Status=Pass
Time=1873296170.000 ns 		 SPI_clock_frequency=33554431Hz 		 SPI_MODE=2 		 Operation=Write 		 Data_Size=16 bits 		 Slave_address=0x02 		 Selected_Register=Status Register    		  Data_to_Write=0x3478 		 Status=Pass
Time=1873299070.000 ns 		 SPI_clock_frequency=33554431Hz 		 SPI_MODE=2 		 Operation=Write 		 Data_Size=16 bits 		 Slave_address=0x02 		 Selected_Register=Status Register    		  Data_to_Write=0xffff 		 Status=Pass
Time=1873301970.000 ns 		 SPI_clock_frequency=33554431Hz 		 SPI_MODE=2 		 Operation=Read  		 Data_Size=16 bits 		 Slave_address=0x02 		 Selected_Register=Status Register     		  Data_to_Write=0x0 		 Status=Pass
Time=1873304870.000 ns 		 SPI_clock_frequency=33554431Hz 		 SPI_MODE=2 		 Operation=Read  		 Data_Size=16 bits 		 Slave_address=0x02 		 Selected_Register=Status Register     		  Data_to_Write=0x5555 		 Status=Pass
Time=1873307770.000 ns 		 SPI_clock_frequency=33554431Hz 		 SPI_MODE=2 		 Operation=Read  		 Data_Size=16 bits 		 Slave_address=0x02 		 Selected_Register=Status Register     		  Data_to_Write=0xaaaa 		 Status=Pass
Time=1873310670.000 ns 		 SPI_clock_frequency=33554431Hz 		 SPI_MODE=2 		 Operation=Read  		 Data_Size=16 bits 		 Slave_address=0x02 		 Selected_Register=Status Register     		  Data_to_Write=0x3478 		 Status=Pass
Time=1873313570.000 ns 		 SPI_clock_frequency=33554431Hz 		 SPI_MODE=2 		 Operation=Read  		 Data_Size=16 bits 		 Slave_address=0x02 		 Selected_Register=Status Register     		  Data_to_Write=0xffff 		 Status=Pass
Time=1873316470.000 ns 		 SPI_clock_frequency=33554431Hz 		 SPI_MODE=3 		 Operation=Write 		 Data_Size=16 bits 		 Slave_address=0x02 		 Selected_Register=Status Register    		  Data_to_Write=0x0 		 Status=Pass
Time=1873319370.000 ns 		 SPI_clock_frequency=33554431Hz 		 SPI_MODE=3 		 Operation=Write 		 Data_Size=16 bits 		 Slave_address=0x02 		 Selected_Register=Status Register    		  Data_to_Write=0x5555 		 Status=Pass
Time=1873322270.000 ns 		 SPI_clock_frequency=33554431Hz 		 SPI_MODE=3 		 Operation=Write 		 Data_Size=16 bits 		 Slave_address=0x02 		 Selected_Register=Status Register    		  Data_to_Write=0xaaaa 		 Status=Pass
Time=1873325170.000 ns 		 SPI_clock_frequency=33554431Hz 		 SPI_MODE=3 		 Operation=Write 		 Data_Size=16 bits 		 Slave_address=0x02 		 Selected_Register=Status Register    		  Data_to_Write=0x3478 		 Status=Pass
Time=1873328070.000 ns 		 SPI_clock_frequency=33554431Hz 		 SPI_MODE=3 		 Operation=Write 		 Data_Size=16 bits 		 Slave_address=0x02 		 Selected_Register=Status Register    		  Data_to_Write=0xffff 		 Status=Pass
Time=1873330970.000 ns 		 SPI_clock_frequency=33554431Hz 		 SPI_MODE=3 		 Operation=Read  		 Data_Size=16 bits 		 Slave_address=0x02 		 Selected_Register=Status Register     		  Data_to_Write=0x0 		 Status=Pass
Time=1873333870.000 ns 		 SPI_clock_frequency=33554431Hz 		 SPI_MODE=3 		 Operation=Read  		 Data_Size=16 bits 		 Slave_address=0x02 		 Selected_Register=Status Register     		  Data_to_Write=0x5555 		 Status=Pass
Time=1873336770.000 ns 		 SPI_clock_frequency=33554431Hz 		 SPI_MODE=3 		 Operation=Read  		 Data_Size=16 bits 		 Slave_address=0x02 		 Selected_Register=Status Register     		  Data_to_Write=0xaaaa 		 Status=Pass
Time=1873339670.000 ns 		 SPI_clock_frequency=33554431Hz 		 SPI_MODE=3 		 Operation=Read  		 Data_Size=16 bits 		 Slave_address=0x02 		 Selected_Register=Status Register     		  Data_to_Write=0x3478 		 Status=Pass
Time=1873342570.000 ns 		 SPI_clock_frequency=33554431Hz 		 SPI_MODE=3 		 Operation=Read  		 Data_Size=16 bits 		 Slave_address=0x02 		 Selected_Register=Status Register     		  Data_to_Write=0xffff 		 Status=Pass
Time=1873345390.000 ns 		 SPI_clock_frequency=33554431Hz 		 SPI_MODE=0 		 Operation=Write 		 Data_Size=16 bits 		 Slave_address=0x03 		 Selected_Register=Data Register      		  Data_to_Write=0x0 		 Status=Pass
Time=1873348210.000 ns 		 SPI_clock_frequency=33554431Hz 		 SPI_MODE=0 		 Operation=Write 		 Data_Size=16 bits 		 Slave_address=0x03 		 Selected_Register=Data Register      		  Data_to_Write=0x5555 		 Status=Pass
Time=1873351030.000 ns 		 SPI_clock_frequency=33554431Hz 		 SPI_MODE=0 		 Operation=Write 		 Data_Size=16 bits 		 Slave_address=0x03 		 Selected_Register=Data Register      		  Data_to_Write=0xaaaa 		 Status=Pass
Time=1873353850.000 ns 		 SPI_clock_frequency=33554431Hz 		 SPI_MODE=0 		 Operation=Write 		 Data_Size=16 bits 		 Slave_address=0x03 		 Selected_Register=Data Register      		  Data_to_Write=0x3478 		 Status=Pass
Time=1873356670.000 ns 		 SPI_clock_frequency=33554431Hz 		 SPI_MODE=0 		 Operation=Write 		 Data_Size=16 bits 		 Slave_address=0x03 		 Selected_Register=Data Register      		  Data_to_Write=0xffff 		 Status=Pass
Time=1873359490.000 ns 		 SPI_clock_frequency=33554431Hz 		 SPI_MODE=0 		 Operation=Read  		 Data_Size=16 bits 		 Slave_address=0x03 		 Selected_Register=Data Register       		  Data_to_Write=0x0 		 Status=Pass
Time=1873362310.000 ns 		 SPI_clock_frequency=33554431Hz 		 SPI_MODE=0 		 Operation=Read  		 Data_Size=16 bits 		 Slave_address=0x03 		 Selected_Register=Data Register       		  Data_to_Write=0x5555 		 Status=Pass
Time=1873365130.000 ns 		 SPI_clock_frequency=33554431Hz 		 SPI_MODE=0 		 Operation=Read  		 Data_Size=16 bits 		 Slave_address=0x03 		 Selected_Register=Data Register       		  Data_to_Write=0xaaaa 		 Status=Pass
Time=1873367950.000 ns 		 SPI_clock_frequency=33554431Hz 		 SPI_MODE=0 		 Operation=Read  		 Data_Size=16 bits 		 Slave_address=0x03 		 Selected_Register=Data Register       		  Data_to_Write=0x3478 		 Status=Pass
Time=1873370770.000 ns 		 SPI_clock_frequency=33554431Hz 		 SPI_MODE=0 		 Operation=Read  		 Data_Size=16 bits 		 Slave_address=0x03 		 Selected_Register=Data Register       		  Data_to_Write=0xffff 		 Status=Pass
Time=1873373590.000 ns 		 SPI_clock_frequency=33554431Hz 		 SPI_MODE=1 		 Operation=Write 		 Data_Size=16 bits 		 Slave_address=0x03 		 Selected_Register=Data Register      		  Data_to_Write=0x0 		 Status=Pass
Time=1873376410.000 ns 		 SPI_clock_frequency=33554431Hz 		 SPI_MODE=1 		 Operation=Write 		 Data_Size=16 bits 		 Slave_address=0x03 		 Selected_Register=Data Register      		  Data_to_Write=0x5555 		 Status=Pass
Time=1873379230.000 ns 		 SPI_clock_frequency=33554431Hz 		 SPI_MODE=1 		 Operation=Write 		 Data_Size=16 bits 		 Slave_address=0x03 		 Selected_Register=Data Register      		  Data_to_Write=0xaaaa 		 Status=Pass
Time=1873382050.000 ns 		 SPI_clock_frequency=33554431Hz 		 SPI_MODE=1 		 Operation=Write 		 Data_Size=16 bits 		 Slave_address=0x03 		 Selected_Register=Data Register      		  Data_to_Write=0x3478 		 Status=Pass
Time=1873384870.000 ns 		 SPI_clock_frequency=33554431Hz 		 SPI_MODE=1 		 Operation=Write 		 Data_Size=16 bits 		 Slave_address=0x03 		 Selected_Register=Data Register      		  Data_to_Write=0xffff 		 Status=Pass
Time=1873387690.000 ns 		 SPI_clock_frequency=33554431Hz 		 SPI_MODE=1 		 Operation=Read  		 Data_Size=16 bits 		 Slave_address=0x03 		 Selected_Register=Data Register       		  Data_to_Write=0x0 		 Status=Pass
Time=1873390510.000 ns 		 SPI_clock_frequency=33554431Hz 		 SPI_MODE=1 		 Operation=Read  		 Data_Size=16 bits 		 Slave_address=0x03 		 Selected_Register=Data Register       		  Data_to_Write=0x5555 		 Status=Pass
Time=1873393330.000 ns 		 SPI_clock_frequency=33554431Hz 		 SPI_MODE=1 		 Operation=Read  		 Data_Size=16 bits 		 Slave_address=0x03 		 Selected_Register=Data Register       		  Data_to_Write=0xaaaa 		 Status=Pass
Time=1873396150.000 ns 		 SPI_clock_frequency=33554431Hz 		 SPI_MODE=1 		 Operation=Read  		 Data_Size=16 bits 		 Slave_address=0x03 		 Selected_Register=Data Register       		  Data_to_Write=0x3478 		 Status=Pass
Time=1873398970.000 ns 		 SPI_clock_frequency=33554431Hz 		 SPI_MODE=1 		 Operation=Read  		 Data_Size=16 bits 		 Slave_address=0x03 		 Selected_Register=Data Register       		  Data_to_Write=0xffff 		 Status=Pass
Time=1873401870.000 ns 		 SPI_clock_frequency=33554431Hz 		 SPI_MODE=2 		 Operation=Write 		 Data_Size=16 bits 		 Slave_address=0x03 		 Selected_Register=Data Register      		  Data_to_Write=0x0 		 Status=Pass
Time=1873404770.000 ns 		 SPI_clock_frequency=33554431Hz 		 SPI_MODE=2 		 Operation=Write 		 Data_Size=16 bits 		 Slave_address=0x03 		 Selected_Register=Data Register      		  Data_to_Write=0x5555 		 Status=Pass
Time=1873407670.000 ns 		 SPI_clock_frequency=33554431Hz 		 SPI_MODE=2 		 Operation=Write 		 Data_Size=16 bits 		 Slave_address=0x03 		 Selected_Register=Data Register      		  Data_to_Write=0xaaaa 		 Status=Pass
Time=1873410570.000 ns 		 SPI_clock_frequency=33554431Hz 		 SPI_MODE=2 		 Operation=Write 		 Data_Size=16 bits 		 Slave_address=0x03 		 Selected_Register=Data Register      		  Data_to_Write=0x3478 		 Status=Pass
Time=1873413470.000 ns 		 SPI_clock_frequency=33554431Hz 		 SPI_MODE=2 		 Operation=Write 		 Data_Size=16 bits 		 Slave_address=0x03 		 Selected_Register=Data Register      		  Data_to_Write=0xffff 		 Status=Pass
Time=1873416370.000 ns 		 SPI_clock_frequency=33554431Hz 		 SPI_MODE=2 		 Operation=Read  		 Data_Size=16 bits 		 Slave_address=0x03 		 Selected_Register=Data Register       		  Data_to_Write=0x0 		 Status=Pass
Time=1873419270.000 ns 		 SPI_clock_frequency=33554431Hz 		 SPI_MODE=2 		 Operation=Read  		 Data_Size=16 bits 		 Slave_address=0x03 		 Selected_Register=Data Register       		  Data_to_Write=0x5555 		 Status=Pass
Time=1873422170.000 ns 		 SPI_clock_frequency=33554431Hz 		 SPI_MODE=2 		 Operation=Read  		 Data_Size=16 bits 		 Slave_address=0x03 		 Selected_Register=Data Register       		  Data_to_Write=0xaaaa 		 Status=Pass
Time=1873425070.000 ns 		 SPI_clock_frequency=33554431Hz 		 SPI_MODE=2 		 Operation=Read  		 Data_Size=16 bits 		 Slave_address=0x03 		 Selected_Register=Data Register       		  Data_to_Write=0x3478 		 Status=Pass
Time=1873427970.000 ns 		 SPI_clock_frequency=33554431Hz 		 SPI_MODE=2 		 Operation=Read  		 Data_Size=16 bits 		 Slave_address=0x03 		 Selected_Register=Data Register       		  Data_to_Write=0xffff 		 Status=Pass
Time=1873430870.000 ns 		 SPI_clock_frequency=33554431Hz 		 SPI_MODE=3 		 Operation=Write 		 Data_Size=16 bits 		 Slave_address=0x03 		 Selected_Register=Data Register      		  Data_to_Write=0x0 		 Status=Pass
Time=1873433770.000 ns 		 SPI_clock_frequency=33554431Hz 		 SPI_MODE=3 		 Operation=Write 		 Data_Size=16 bits 		 Slave_address=0x03 		 Selected_Register=Data Register      		  Data_to_Write=0x5555 		 Status=Pass
Time=1873436670.000 ns 		 SPI_clock_frequency=33554431Hz 		 SPI_MODE=3 		 Operation=Write 		 Data_Size=16 bits 		 Slave_address=0x03 		 Selected_Register=Data Register      		  Data_to_Write=0xaaaa 		 Status=Pass
Time=1873439570.000 ns 		 SPI_clock_frequency=33554431Hz 		 SPI_MODE=3 		 Operation=Write 		 Data_Size=16 bits 		 Slave_address=0x03 		 Selected_Register=Data Register      		  Data_to_Write=0x3478 		 Status=Pass
Time=1873442470.000 ns 		 SPI_clock_frequency=33554431Hz 		 SPI_MODE=3 		 Operation=Write 		 Data_Size=16 bits 		 Slave_address=0x03 		 Selected_Register=Data Register      		  Data_to_Write=0xffff 		 Status=Pass
Time=1873445370.000 ns 		 SPI_clock_frequency=33554431Hz 		 SPI_MODE=3 		 Operation=Read  		 Data_Size=16 bits 		 Slave_address=0x03 		 Selected_Register=Data Register       		  Data_to_Write=0x0 		 Status=Pass
Time=1873448270.000 ns 		 SPI_clock_frequency=33554431Hz 		 SPI_MODE=3 		 Operation=Read  		 Data_Size=16 bits 		 Slave_address=0x03 		 Selected_Register=Data Register       		  Data_to_Write=0x5555 		 Status=Pass
Time=1873451170.000 ns 		 SPI_clock_frequency=33554431Hz 		 SPI_MODE=3 		 Operation=Read  		 Data_Size=16 bits 		 Slave_address=0x03 		 Selected_Register=Data Register       		  Data_to_Write=0xaaaa 		 Status=Pass
Time=1873454070.000 ns 		 SPI_clock_frequency=33554431Hz 		 SPI_MODE=3 		 Operation=Read  		 Data_Size=16 bits 		 Slave_address=0x03 		 Selected_Register=Data Register       		  Data_to_Write=0x3478 		 Status=Pass
Time=1873456970.000 ns 		 SPI_clock_frequency=33554431Hz 		 SPI_MODE=3 		 Operation=Read  		 Data_Size=16 bits 		 Slave_address=0x03 		 Selected_Register=Data Register       		  Data_to_Write=0xffff 		 Status=Pass
 ERROR: Invalid Slave Address (04)
 ERROR: Invalid Slave Address (04)
 ERROR: Invalid Slave Address (04)
 ERROR: Invalid Slave Address (04)
 ERROR: Invalid Slave Address (04)
 ERROR: Invalid Slave Address (04)
 ERROR: Invalid Slave Address (04)
 ERROR: Invalid Slave Address (04)
 ERROR: Invalid Slave Address (04)
 ERROR: Invalid Slave Address (04)
 ERROR: Invalid Slave Address (04)
 ERROR: Invalid Slave Address (04)
 ERROR: Invalid Slave Address (04)
 ERROR: Invalid Slave Address (04)
 ERROR: Invalid Slave Address (04)
 ERROR: Invalid Slave Address (04)
 ERROR: Invalid Slave Address (04)
 ERROR: Invalid Slave Address (04)
 ERROR: Invalid Slave Address (04)
 ERROR: Invalid Slave Address (04)
 ERROR: Invalid Slave Address (04)
 ERROR: Invalid Slave Address (04)
 ERROR: Invalid Slave Address (04)
 ERROR: Invalid Slave Address (04)
 ERROR: Invalid Slave Address (04)
 ERROR: Invalid Slave Address (04)
 ERROR: Invalid Slave Address (04)
 ERROR: Invalid Slave Address (04)
 ERROR: Invalid Slave Address (04)
 ERROR: Invalid Slave Address (04)
 ERROR: Invalid Slave Address (04)
 ERROR: Invalid Slave Address (04)
 ERROR: Invalid Slave Address (04)
 ERROR: Invalid Slave Address (04)
 ERROR: Invalid Slave Address (04)
 ERROR: Invalid Slave Address (04)
 ERROR: Invalid Slave Address (04)
 ERROR: Invalid Slave Address (04)
 ERROR: Invalid Slave Address (04)
 ERROR: Invalid Slave Address (04)
 ERROR: Invalid Slave Address (05)
 ERROR: Invalid Slave Address (05)
 ERROR: Invalid Slave Address (05)
 ERROR: Invalid Slave Address (05)
 ERROR: Invalid Slave Address (05)
 ERROR: Invalid Slave Address (05)
 ERROR: Invalid Slave Address (05)
 ERROR: Invalid Slave Address (05)
 ERROR: Invalid Slave Address (05)
 ERROR: Invalid Slave Address (05)
 ERROR: Invalid Slave Address (05)
 ERROR: Invalid Slave Address (05)
 ERROR: Invalid Slave Address (05)
 ERROR: Invalid Slave Address (05)
 ERROR: Invalid Slave Address (05)
 ERROR: Invalid Slave Address (05)
 ERROR: Invalid Slave Address (05)
 ERROR: Invalid Slave Address (05)
 ERROR: Invalid Slave Address (05)
 ERROR: Invalid Slave Address (05)
 ERROR: Invalid Slave Address (05)
 ERROR: Invalid Slave Address (05)
 ERROR: Invalid Slave Address (05)
 ERROR: Invalid Slave Address (05)
 ERROR: Invalid Slave Address (05)
 ERROR: Invalid Slave Address (05)
 ERROR: Invalid Slave Address (05)
 ERROR: Invalid Slave Address (05)
 ERROR: Invalid Slave Address (05)
 ERROR: Invalid Slave Address (05)
 ERROR: Invalid Slave Address (05)
 ERROR: Invalid Slave Address (05)
 ERROR: Invalid Slave Address (05)
 ERROR: Invalid Slave Address (05)
 ERROR: Invalid Slave Address (05)
 ERROR: Invalid Slave Address (05)
 ERROR: Invalid Slave Address (05)
 ERROR: Invalid Slave Address (05)
 ERROR: Invalid Slave Address (05)
 ERROR: Invalid Slave Address (05)
 ERROR: Writing a read only register (Device ID)
 ERROR: Writing a read only register (Device ID)
 ERROR: Writing a read only register (Device ID)
 ERROR: Writing a read only register (Device ID)
 ERROR: Writing a read only register (Device ID)
Time=1873691170.000 ns 		 SPI_clock_frequency=67823Hz 		 SPI_MODE=0 		 Operation=Read  		 Data_Size=8 bits 		 Slave_address=0x00 		 Selected_Register=Device ID          		  Data_to_Write=0x0 		 Status=Pass
Time=1873920270.000 ns 		 SPI_clock_frequency=67823Hz 		 SPI_MODE=0 		 Operation=Read  		 Data_Size=8 bits 		 Slave_address=0x00 		 Selected_Register=Device ID          		  Data_to_Write=0x55 		 Status=Pass
Time=1874149370.000 ns 		 SPI_clock_frequency=67823Hz 		 SPI_MODE=0 		 Operation=Read  		 Data_Size=8 bits 		 Slave_address=0x00 		 Selected_Register=Device ID          		  Data_to_Write=0xaa 		 Status=Pass
Time=1874378470.000 ns 		 SPI_clock_frequency=67823Hz 		 SPI_MODE=0 		 Operation=Read  		 Data_Size=8 bits 		 Slave_address=0x00 		 Selected_Register=Device ID          		  Data_to_Write=0xbe 		 Status=Pass
Time=1874607570.000 ns 		 SPI_clock_frequency=67823Hz 		 SPI_MODE=0 		 Operation=Read  		 Data_Size=8 bits 		 Slave_address=0x00 		 Selected_Register=Device ID          		  Data_to_Write=0xff 		 Status=Pass
 ERROR: Writing a read only register (Device ID)
 ERROR: Writing a read only register (Device ID)
 ERROR: Writing a read only register (Device ID)
 ERROR: Writing a read only register (Device ID)
 ERROR: Writing a read only register (Device ID)
Time=1874836970.000 ns 		 SPI_clock_frequency=67823Hz 		 SPI_MODE=1 		 Operation=Read  		 Data_Size=8 bits 		 Slave_address=0x00 		 Selected_Register=Device ID          		  Data_to_Write=0x0 		 Status=Pass
Time=1875066070.000 ns 		 SPI_clock_frequency=67823Hz 		 SPI_MODE=1 		 Operation=Read  		 Data_Size=8 bits 		 Slave_address=0x00 		 Selected_Register=Device ID          		  Data_to_Write=0x55 		 Status=Pass
Time=1875295170.000 ns 		 SPI_clock_frequency=67823Hz 		 SPI_MODE=1 		 Operation=Read  		 Data_Size=8 bits 		 Slave_address=0x00 		 Selected_Register=Device ID          		  Data_to_Write=0xaa 		 Status=Pass
Time=1875524270.000 ns 		 SPI_clock_frequency=67823Hz 		 SPI_MODE=1 		 Operation=Read  		 Data_Size=8 bits 		 Slave_address=0x00 		 Selected_Register=Device ID          		  Data_to_Write=0xbe 		 Status=Pass
Time=1875753370.000 ns 		 SPI_clock_frequency=67823Hz 		 SPI_MODE=1 		 Operation=Read  		 Data_Size=8 bits 		 Slave_address=0x00 		 Selected_Register=Device ID          		  Data_to_Write=0xff 		 Status=Pass
 ERROR: Writing a read only register (Device ID)
 ERROR: Writing a read only register (Device ID)
 ERROR: Writing a read only register (Device ID)
 ERROR: Writing a read only register (Device ID)
 ERROR: Writing a read only register (Device ID)
Time=1875997490.000 ns 		 SPI_clock_frequency=67823Hz 		 SPI_MODE=2 		 Operation=Read  		 Data_Size=8 bits 		 Slave_address=0x00 		 Selected_Register=Device ID          		  Data_to_Write=0x0 		 Status=Pass
Time=1876241310.000 ns 		 SPI_clock_frequency=67823Hz 		 SPI_MODE=2 		 Operation=Read  		 Data_Size=8 bits 		 Slave_address=0x00 		 Selected_Register=Device ID          		  Data_to_Write=0x55 		 Status=Pass
Time=1876485130.000 ns 		 SPI_clock_frequency=67823Hz 		 SPI_MODE=2 		 Operation=Read  		 Data_Size=8 bits 		 Slave_address=0x00 		 Selected_Register=Device ID          		  Data_to_Write=0xaa 		 Status=Pass
Time=1876728950.000 ns 		 SPI_clock_frequency=67823Hz 		 SPI_MODE=2 		 Operation=Read  		 Data_Size=8 bits 		 Slave_address=0x00 		 Selected_Register=Device ID          		  Data_to_Write=0xbe 		 Status=Pass
Time=1876972770.000 ns 		 SPI_clock_frequency=67823Hz 		 SPI_MODE=2 		 Operation=Read  		 Data_Size=8 bits 		 Slave_address=0x00 		 Selected_Register=Device ID          		  Data_to_Write=0xff 		 Status=Pass
 ERROR: Writing a read only register (Device ID)
 ERROR: Writing a read only register (Device ID)
 ERROR: Writing a read only register (Device ID)
 ERROR: Writing a read only register (Device ID)
 ERROR: Writing a read only register (Device ID)
Time=1877216890.000 ns 		 SPI_clock_frequency=67823Hz 		 SPI_MODE=3 		 Operation=Read  		 Data_Size=8 bits 		 Slave_address=0x00 		 Selected_Register=Device ID          		  Data_to_Write=0x0 		 Status=Pass
Time=1877460710.000 ns 		 SPI_clock_frequency=67823Hz 		 SPI_MODE=3 		 Operation=Read  		 Data_Size=8 bits 		 Slave_address=0x00 		 Selected_Register=Device ID          		  Data_to_Write=0x55 		 Status=Pass
Time=1877704530.000 ns 		 SPI_clock_frequency=67823Hz 		 SPI_MODE=3 		 Operation=Read  		 Data_Size=8 bits 		 Slave_address=0x00 		 Selected_Register=Device ID          		  Data_to_Write=0xaa 		 Status=Pass
Time=1877948350.000 ns 		 SPI_clock_frequency=67823Hz 		 SPI_MODE=3 		 Operation=Read  		 Data_Size=8 bits 		 Slave_address=0x00 		 Selected_Register=Device ID          		  Data_to_Write=0xbe 		 Status=Pass
Time=1878192170.000 ns 		 SPI_clock_frequency=67823Hz 		 SPI_MODE=3 		 Operation=Read  		 Data_Size=8 bits 		 Slave_address=0x00 		 Selected_Register=Device ID          		  Data_to_Write=0xff 		 Status=Pass
Time=1878421270.000 ns 		 SPI_clock_frequency=67823Hz 		 SPI_MODE=0 		 Operation=Write 		 Data_Size=8 bits 		 Slave_address=0x01 		 Selected_Register=Control Register 		  Data_to_Write=0x0 		 Status=Pass
Time=1878650370.000 ns 		 SPI_clock_frequency=67823Hz 		 SPI_MODE=0 		 Operation=Write 		 Data_Size=8 bits 		 Slave_address=0x01 		 Selected_Register=Control Register 		  Data_to_Write=0x55 		 Status=Pass
Time=1878879470.000 ns 		 SPI_clock_frequency=67823Hz 		 SPI_MODE=0 		 Operation=Write 		 Data_Size=8 bits 		 Slave_address=0x01 		 Selected_Register=Control Register 		  Data_to_Write=0xaa 		 Status=Pass
Time=1879108570.000 ns 		 SPI_clock_frequency=67823Hz 		 SPI_MODE=0 		 Operation=Write 		 Data_Size=8 bits 		 Slave_address=0x01 		 Selected_Register=Control Register 		  Data_to_Write=0xbe 		 Status=Pass
Time=1879337670.000 ns 		 SPI_clock_frequency=67823Hz 		 SPI_MODE=0 		 Operation=Write 		 Data_Size=8 bits 		 Slave_address=0x01 		 Selected_Register=Control Register 		  Data_to_Write=0xff 		 Status=Pass
Time=1879566770.000 ns 		 SPI_clock_frequency=67823Hz 		 SPI_MODE=0 		 Operation=Read  		 Data_Size=8 bits 		 Slave_address=0x01 		 Selected_Register=Control Register 		  Data_to_Write=0x0 		 Status=Pass
Time=1879795870.000 ns 		 SPI_clock_frequency=67823Hz 		 SPI_MODE=0 		 Operation=Read  		 Data_Size=8 bits 		 Slave_address=0x01 		 Selected_Register=Control Register 		  Data_to_Write=0x55 		 Status=Pass
Time=1880024970.000 ns 		 SPI_clock_frequency=67823Hz 		 SPI_MODE=0 		 Operation=Read  		 Data_Size=8 bits 		 Slave_address=0x01 		 Selected_Register=Control Register 		  Data_to_Write=0xaa 		 Status=Pass
Time=1880254070.000 ns 		 SPI_clock_frequency=67823Hz 		 SPI_MODE=0 		 Operation=Read  		 Data_Size=8 bits 		 Slave_address=0x01 		 Selected_Register=Control Register 		  Data_to_Write=0xbe 		 Status=Pass
Time=1880483170.000 ns 		 SPI_clock_frequency=67823Hz 		 SPI_MODE=0 		 Operation=Read  		 Data_Size=8 bits 		 Slave_address=0x01 		 Selected_Register=Control Register 		  Data_to_Write=0xff 		 Status=Pass
Time=1880712270.000 ns 		 SPI_clock_frequency=67823Hz 		 SPI_MODE=1 		 Operation=Write 		 Data_Size=8 bits 		 Slave_address=0x01 		 Selected_Register=Control Register 		  Data_to_Write=0x0 		 Status=Pass
Time=1880941370.000 ns 		 SPI_clock_frequency=67823Hz 		 SPI_MODE=1 		 Operation=Write 		 Data_Size=8 bits 		 Slave_address=0x01 		 Selected_Register=Control Register 		  Data_to_Write=0x55 		 Status=Pass
Time=1881170470.000 ns 		 SPI_clock_frequency=67823Hz 		 SPI_MODE=1 		 Operation=Write 		 Data_Size=8 bits 		 Slave_address=0x01 		 Selected_Register=Control Register 		  Data_to_Write=0xaa 		 Status=Pass
Time=1881399570.000 ns 		 SPI_clock_frequency=67823Hz 		 SPI_MODE=1 		 Operation=Write 		 Data_Size=8 bits 		 Slave_address=0x01 		 Selected_Register=Control Register 		  Data_to_Write=0xbe 		 Status=Pass
Time=1881628670.000 ns 		 SPI_clock_frequency=67823Hz 		 SPI_MODE=1 		 Operation=Write 		 Data_Size=8 bits 		 Slave_address=0x01 		 Selected_Register=Control Register 		  Data_to_Write=0xff 		 Status=Pass
Time=1881857770.000 ns 		 SPI_clock_frequency=67823Hz 		 SPI_MODE=1 		 Operation=Read  		 Data_Size=8 bits 		 Slave_address=0x01 		 Selected_Register=Control Register 		  Data_to_Write=0x0 		 Status=Pass
Time=1882086870.000 ns 		 SPI_clock_frequency=67823Hz 		 SPI_MODE=1 		 Operation=Read  		 Data_Size=8 bits 		 Slave_address=0x01 		 Selected_Register=Control Register 		  Data_to_Write=0x55 		 Status=Pass
Time=1882315970.000 ns 		 SPI_clock_frequency=67823Hz 		 SPI_MODE=1 		 Operation=Read  		 Data_Size=8 bits 		 Slave_address=0x01 		 Selected_Register=Control Register 		  Data_to_Write=0xaa 		 Status=Pass
Time=1882545070.000 ns 		 SPI_clock_frequency=67823Hz 		 SPI_MODE=1 		 Operation=Read  		 Data_Size=8 bits 		 Slave_address=0x01 		 Selected_Register=Control Register 		  Data_to_Write=0xbe 		 Status=Pass
Time=1882774170.000 ns 		 SPI_clock_frequency=67823Hz 		 SPI_MODE=1 		 Operation=Read  		 Data_Size=8 bits 		 Slave_address=0x01 		 Selected_Register=Control Register 		  Data_to_Write=0xff 		 Status=Pass
Time=1883017990.000 ns 		 SPI_clock_frequency=67823Hz 		 SPI_MODE=2 		 Operation=Write 		 Data_Size=8 bits 		 Slave_address=0x01 		 Selected_Register=Control Register 		  Data_to_Write=0x0 		 Status=Pass
Time=1883261810.000 ns 		 SPI_clock_frequency=67823Hz 		 SPI_MODE=2 		 Operation=Write 		 Data_Size=8 bits 		 Slave_address=0x01 		 Selected_Register=Control Register 		  Data_to_Write=0x55 		 Status=Pass
Time=1883505630.000 ns 		 SPI_clock_frequency=67823Hz 		 SPI_MODE=2 		 Operation=Write 		 Data_Size=8 bits 		 Slave_address=0x01 		 Selected_Register=Control Register 		  Data_to_Write=0xaa 		 Status=Pass
Time=1883749450.000 ns 		 SPI_clock_frequency=67823Hz 		 SPI_MODE=2 		 Operation=Write 		 Data_Size=8 bits 		 Slave_address=0x01 		 Selected_Register=Control Register 		  Data_to_Write=0xbe 		 Status=Pass
Time=1883993270.000 ns 		 SPI_clock_frequency=67823Hz 		 SPI_MODE=2 		 Operation=Write 		 Data_Size=8 bits 		 Slave_address=0x01 		 Selected_Register=Control Register 		  Data_to_Write=0xff 		 Status=Pass
Time=1884237090.000 ns 		 SPI_clock_frequency=67823Hz 		 SPI_MODE=2 		 Operation=Read  		 Data_Size=8 bits 		 Slave_address=0x01 		 Selected_Register=Control Register 		  Data_to_Write=0x0 		 Status=Pass
Time=1884480910.000 ns 		 SPI_clock_frequency=67823Hz 		 SPI_MODE=2 		 Operation=Read  		 Data_Size=8 bits 		 Slave_address=0x01 		 Selected_Register=Control Register 		  Data_to_Write=0x55 		 Status=Pass
Time=1884724730.000 ns 		 SPI_clock_frequency=67823Hz 		 SPI_MODE=2 		 Operation=Read  		 Data_Size=8 bits 		 Slave_address=0x01 		 Selected_Register=Control Register 		  Data_to_Write=0xaa 		 Status=Pass
Time=1884968550.000 ns 		 SPI_clock_frequency=67823Hz 		 SPI_MODE=2 		 Operation=Read  		 Data_Size=8 bits 		 Slave_address=0x01 		 Selected_Register=Control Register 		  Data_to_Write=0xbe 		 Status=Pass
Time=1885212370.000 ns 		 SPI_clock_frequency=67823Hz 		 SPI_MODE=2 		 Operation=Read  		 Data_Size=8 bits 		 Slave_address=0x01 		 Selected_Register=Control Register 		  Data_to_Write=0xff 		 Status=Pass
Time=1885456190.000 ns 		 SPI_clock_frequency=67823Hz 		 SPI_MODE=3 		 Operation=Write 		 Data_Size=8 bits 		 Slave_address=0x01 		 Selected_Register=Control Register 		  Data_to_Write=0x0 		 Status=Pass
Time=1885700010.000 ns 		 SPI_clock_frequency=67823Hz 		 SPI_MODE=3 		 Operation=Write 		 Data_Size=8 bits 		 Slave_address=0x01 		 Selected_Register=Control Register 		  Data_to_Write=0x55 		 Status=Pass
Time=1885943830.000 ns 		 SPI_clock_frequency=67823Hz 		 SPI_MODE=3 		 Operation=Write 		 Data_Size=8 bits 		 Slave_address=0x01 		 Selected_Register=Control Register 		  Data_to_Write=0xaa 		 Status=Pass
Time=1886187650.000 ns 		 SPI_clock_frequency=67823Hz 		 SPI_MODE=3 		 Operation=Write 		 Data_Size=8 bits 		 Slave_address=0x01 		 Selected_Register=Control Register 		  Data_to_Write=0xbe 		 Status=Pass
Time=1886431470.000 ns 		 SPI_clock_frequency=67823Hz 		 SPI_MODE=3 		 Operation=Write 		 Data_Size=8 bits 		 Slave_address=0x01 		 Selected_Register=Control Register 		  Data_to_Write=0xff 		 Status=Pass
Time=1886675290.000 ns 		 SPI_clock_frequency=67823Hz 		 SPI_MODE=3 		 Operation=Read  		 Data_Size=8 bits 		 Slave_address=0x01 		 Selected_Register=Control Register 		  Data_to_Write=0x0 		 Status=Pass
Time=1886919110.000 ns 		 SPI_clock_frequency=67823Hz 		 SPI_MODE=3 		 Operation=Read  		 Data_Size=8 bits 		 Slave_address=0x01 		 Selected_Register=Control Register 		  Data_to_Write=0x55 		 Status=Pass
Time=1887162930.000 ns 		 SPI_clock_frequency=67823Hz 		 SPI_MODE=3 		 Operation=Read  		 Data_Size=8 bits 		 Slave_address=0x01 		 Selected_Register=Control Register 		  Data_to_Write=0xaa 		 Status=Pass
Time=1887406750.000 ns 		 SPI_clock_frequency=67823Hz 		 SPI_MODE=3 		 Operation=Read  		 Data_Size=8 bits 		 Slave_address=0x01 		 Selected_Register=Control Register 		  Data_to_Write=0xbe 		 Status=Pass
Time=1887650570.000 ns 		 SPI_clock_frequency=67823Hz 		 SPI_MODE=3 		 Operation=Read  		 Data_Size=8 bits 		 Slave_address=0x01 		 Selected_Register=Control Register 		  Data_to_Write=0xff 		 Status=Pass
Time=1887879670.000 ns 		 SPI_clock_frequency=67823Hz 		 SPI_MODE=0 		 Operation=Write 		 Data_Size=8 bits 		 Slave_address=0x02 		 Selected_Register=Status Register    		  Data_to_Write=0x0 		 Status=Pass
Time=1888108770.000 ns 		 SPI_clock_frequency=67823Hz 		 SPI_MODE=0 		 Operation=Write 		 Data_Size=8 bits 		 Slave_address=0x02 		 Selected_Register=Status Register    		  Data_to_Write=0x55 		 Status=Pass
Time=1888337870.000 ns 		 SPI_clock_frequency=67823Hz 		 SPI_MODE=0 		 Operation=Write 		 Data_Size=8 bits 		 Slave_address=0x02 		 Selected_Register=Status Register    		  Data_to_Write=0xaa 		 Status=Pass
Time=1888566970.000 ns 		 SPI_clock_frequency=67823Hz 		 SPI_MODE=0 		 Operation=Write 		 Data_Size=8 bits 		 Slave_address=0x02 		 Selected_Register=Status Register    		  Data_to_Write=0xbe 		 Status=Pass
Time=1888796070.000 ns 		 SPI_clock_frequency=67823Hz 		 SPI_MODE=0 		 Operation=Write 		 Data_Size=8 bits 		 Slave_address=0x02 		 Selected_Register=Status Register    		  Data_to_Write=0xff 		 Status=Pass
Time=1889025170.000 ns 		 SPI_clock_frequency=67823Hz 		 SPI_MODE=0 		 Operation=Read  		 Data_Size=8 bits 		 Slave_address=0x02 		 Selected_Register=Status Register     		  Data_to_Write=0x0 		 Status=Pass
Time=1889254270.000 ns 		 SPI_clock_frequency=67823Hz 		 SPI_MODE=0 		 Operation=Read  		 Data_Size=8 bits 		 Slave_address=0x02 		 Selected_Register=Status Register     		  Data_to_Write=0x55 		 Status=Pass
Time=1889483370.000 ns 		 SPI_clock_frequency=67823Hz 		 SPI_MODE=0 		 Operation=Read  		 Data_Size=8 bits 		 Slave_address=0x02 		 Selected_Register=Status Register     		  Data_to_Write=0xaa 		 Status=Pass
Time=1889712470.000 ns 		 SPI_clock_frequency=67823Hz 		 SPI_MODE=0 		 Operation=Read  		 Data_Size=8 bits 		 Slave_address=0x02 		 Selected_Register=Status Register     		  Data_to_Write=0xbe 		 Status=Pass
Time=1889941570.000 ns 		 SPI_clock_frequency=67823Hz 		 SPI_MODE=0 		 Operation=Read  		 Data_Size=8 bits 		 Slave_address=0x02 		 Selected_Register=Status Register     		  Data_to_Write=0xff 		 Status=Pass
Time=1890170670.000 ns 		 SPI_clock_frequency=67823Hz 		 SPI_MODE=1 		 Operation=Write 		 Data_Size=8 bits 		 Slave_address=0x02 		 Selected_Register=Status Register    		  Data_to_Write=0x0 		 Status=Pass
Time=1890399770.000 ns 		 SPI_clock_frequency=67823Hz 		 SPI_MODE=1 		 Operation=Write 		 Data_Size=8 bits 		 Slave_address=0x02 		 Selected_Register=Status Register    		  Data_to_Write=0x55 		 Status=Pass
Time=1890628870.000 ns 		 SPI_clock_frequency=67823Hz 		 SPI_MODE=1 		 Operation=Write 		 Data_Size=8 bits 		 Slave_address=0x02 		 Selected_Register=Status Register    		  Data_to_Write=0xaa 		 Status=Pass
Time=1890857970.000 ns 		 SPI_clock_frequency=67823Hz 		 SPI_MODE=1 		 Operation=Write 		 Data_Size=8 bits 		 Slave_address=0x02 		 Selected_Register=Status Register    		  Data_to_Write=0xbe 		 Status=Pass
Time=1891087070.000 ns 		 SPI_clock_frequency=67823Hz 		 SPI_MODE=1 		 Operation=Write 		 Data_Size=8 bits 		 Slave_address=0x02 		 Selected_Register=Status Register    		  Data_to_Write=0xff 		 Status=Pass
Time=1891316170.000 ns 		 SPI_clock_frequency=67823Hz 		 SPI_MODE=1 		 Operation=Read  		 Data_Size=8 bits 		 Slave_address=0x02 		 Selected_Register=Status Register     		  Data_to_Write=0x0 		 Status=Pass
Time=1891545270.000 ns 		 SPI_clock_frequency=67823Hz 		 SPI_MODE=1 		 Operation=Read  		 Data_Size=8 bits 		 Slave_address=0x02 		 Selected_Register=Status Register     		  Data_to_Write=0x55 		 Status=Pass
Time=1891774370.000 ns 		 SPI_clock_frequency=67823Hz 		 SPI_MODE=1 		 Operation=Read  		 Data_Size=8 bits 		 Slave_address=0x02 		 Selected_Register=Status Register     		  Data_to_Write=0xaa 		 Status=Pass
Time=1892003470.000 ns 		 SPI_clock_frequency=67823Hz 		 SPI_MODE=1 		 Operation=Read  		 Data_Size=8 bits 		 Slave_address=0x02 		 Selected_Register=Status Register     		  Data_to_Write=0xbe 		 Status=Pass
Time=1892232570.000 ns 		 SPI_clock_frequency=67823Hz 		 SPI_MODE=1 		 Operation=Read  		 Data_Size=8 bits 		 Slave_address=0x02 		 Selected_Register=Status Register     		  Data_to_Write=0xff 		 Status=Pass
Time=1892476390.000 ns 		 SPI_clock_frequency=67823Hz 		 SPI_MODE=2 		 Operation=Write 		 Data_Size=8 bits 		 Slave_address=0x02 		 Selected_Register=Status Register    		  Data_to_Write=0x0 		 Status=Pass
Time=1892720210.000 ns 		 SPI_clock_frequency=67823Hz 		 SPI_MODE=2 		 Operation=Write 		 Data_Size=8 bits 		 Slave_address=0x02 		 Selected_Register=Status Register    		  Data_to_Write=0x55 		 Status=Pass
Time=1892964030.000 ns 		 SPI_clock_frequency=67823Hz 		 SPI_MODE=2 		 Operation=Write 		 Data_Size=8 bits 		 Slave_address=0x02 		 Selected_Register=Status Register    		  Data_to_Write=0xaa 		 Status=Pass
Time=1893207850.000 ns 		 SPI_clock_frequency=67823Hz 		 SPI_MODE=2 		 Operation=Write 		 Data_Size=8 bits 		 Slave_address=0x02 		 Selected_Register=Status Register    		  Data_to_Write=0xbe 		 Status=Pass
Time=1893451670.000 ns 		 SPI_clock_frequency=67823Hz 		 SPI_MODE=2 		 Operation=Write 		 Data_Size=8 bits 		 Slave_address=0x02 		 Selected_Register=Status Register    		  Data_to_Write=0xff 		 Status=Pass
Time=1893695490.000 ns 		 SPI_clock_frequency=67823Hz 		 SPI_MODE=2 		 Operation=Read  		 Data_Size=8 bits 		 Slave_address=0x02 		 Selected_Register=Status Register     		  Data_to_Write=0x0 		 Status=Pass
Time=1893939310.000 ns 		 SPI_clock_frequency=67823Hz 		 SPI_MODE=2 		 Operation=Read  		 Data_Size=8 bits 		 Slave_address=0x02 		 Selected_Register=Status Register     		  Data_to_Write=0x55 		 Status=Pass
Time=1894183130.000 ns 		 SPI_clock_frequency=67823Hz 		 SPI_MODE=2 		 Operation=Read  		 Data_Size=8 bits 		 Slave_address=0x02 		 Selected_Register=Status Register     		  Data_to_Write=0xaa 		 Status=Pass
Time=1894426950.000 ns 		 SPI_clock_frequency=67823Hz 		 SPI_MODE=2 		 Operation=Read  		 Data_Size=8 bits 		 Slave_address=0x02 		 Selected_Register=Status Register     		  Data_to_Write=0xbe 		 Status=Pass
Time=1894670770.000 ns 		 SPI_clock_frequency=67823Hz 		 SPI_MODE=2 		 Operation=Read  		 Data_Size=8 bits 		 Slave_address=0x02 		 Selected_Register=Status Register     		  Data_to_Write=0xff 		 Status=Pass
Time=1894914590.000 ns 		 SPI_clock_frequency=67823Hz 		 SPI_MODE=3 		 Operation=Write 		 Data_Size=8 bits 		 Slave_address=0x02 		 Selected_Register=Status Register    		  Data_to_Write=0x0 		 Status=Pass
Time=1895158410.000 ns 		 SPI_clock_frequency=67823Hz 		 SPI_MODE=3 		 Operation=Write 		 Data_Size=8 bits 		 Slave_address=0x02 		 Selected_Register=Status Register    		  Data_to_Write=0x55 		 Status=Pass
Time=1895402230.000 ns 		 SPI_clock_frequency=67823Hz 		 SPI_MODE=3 		 Operation=Write 		 Data_Size=8 bits 		 Slave_address=0x02 		 Selected_Register=Status Register    		  Data_to_Write=0xaa 		 Status=Pass
Time=1895646050.000 ns 		 SPI_clock_frequency=67823Hz 		 SPI_MODE=3 		 Operation=Write 		 Data_Size=8 bits 		 Slave_address=0x02 		 Selected_Register=Status Register    		  Data_to_Write=0xbe 		 Status=Pass
Time=1895889870.000 ns 		 SPI_clock_frequency=67823Hz 		 SPI_MODE=3 		 Operation=Write 		 Data_Size=8 bits 		 Slave_address=0x02 		 Selected_Register=Status Register    		  Data_to_Write=0xff 		 Status=Pass
Time=1896133690.000 ns 		 SPI_clock_frequency=67823Hz 		 SPI_MODE=3 		 Operation=Read  		 Data_Size=8 bits 		 Slave_address=0x02 		 Selected_Register=Status Register     		  Data_to_Write=0x0 		 Status=Pass
Time=1896377510.000 ns 		 SPI_clock_frequency=67823Hz 		 SPI_MODE=3 		 Operation=Read  		 Data_Size=8 bits 		 Slave_address=0x02 		 Selected_Register=Status Register     		  Data_to_Write=0x55 		 Status=Pass
Time=1896621330.000 ns 		 SPI_clock_frequency=67823Hz 		 SPI_MODE=3 		 Operation=Read  		 Data_Size=8 bits 		 Slave_address=0x02 		 Selected_Register=Status Register     		  Data_to_Write=0xaa 		 Status=Pass
Time=1896865150.000 ns 		 SPI_clock_frequency=67823Hz 		 SPI_MODE=3 		 Operation=Read  		 Data_Size=8 bits 		 Slave_address=0x02 		 Selected_Register=Status Register     		  Data_to_Write=0xbe 		 Status=Pass
Time=1897108970.000 ns 		 SPI_clock_frequency=67823Hz 		 SPI_MODE=3 		 Operation=Read  		 Data_Size=8 bits 		 Slave_address=0x02 		 Selected_Register=Status Register     		  Data_to_Write=0xff 		 Status=Pass
Time=1897338070.000 ns 		 SPI_clock_frequency=67823Hz 		 SPI_MODE=0 		 Operation=Write 		 Data_Size=8 bits 		 Slave_address=0x03 		 Selected_Register=Data Register      		  Data_to_Write=0x0 		 Status=Pass
Time=1897567170.000 ns 		 SPI_clock_frequency=67823Hz 		 SPI_MODE=0 		 Operation=Write 		 Data_Size=8 bits 		 Slave_address=0x03 		 Selected_Register=Data Register      		  Data_to_Write=0x55 		 Status=Pass
Time=1897796270.000 ns 		 SPI_clock_frequency=67823Hz 		 SPI_MODE=0 		 Operation=Write 		 Data_Size=8 bits 		 Slave_address=0x03 		 Selected_Register=Data Register      		  Data_to_Write=0xaa 		 Status=Pass
Time=1898025370.000 ns 		 SPI_clock_frequency=67823Hz 		 SPI_MODE=0 		 Operation=Write 		 Data_Size=8 bits 		 Slave_address=0x03 		 Selected_Register=Data Register      		  Data_to_Write=0xbe 		 Status=Pass
Time=1898254470.000 ns 		 SPI_clock_frequency=67823Hz 		 SPI_MODE=0 		 Operation=Write 		 Data_Size=8 bits 		 Slave_address=0x03 		 Selected_Register=Data Register      		  Data_to_Write=0xff 		 Status=Pass
Time=1898483570.000 ns 		 SPI_clock_frequency=67823Hz 		 SPI_MODE=0 		 Operation=Read  		 Data_Size=8 bits 		 Slave_address=0x03 		 Selected_Register=Data Register       		  Data_to_Write=0x0 		 Status=Pass
Time=1898712670.000 ns 		 SPI_clock_frequency=67823Hz 		 SPI_MODE=0 		 Operation=Read  		 Data_Size=8 bits 		 Slave_address=0x03 		 Selected_Register=Data Register       		  Data_to_Write=0x55 		 Status=Pass
Time=1898941770.000 ns 		 SPI_clock_frequency=67823Hz 		 SPI_MODE=0 		 Operation=Read  		 Data_Size=8 bits 		 Slave_address=0x03 		 Selected_Register=Data Register       		  Data_to_Write=0xaa 		 Status=Pass
Time=1899170870.000 ns 		 SPI_clock_frequency=67823Hz 		 SPI_MODE=0 		 Operation=Read  		 Data_Size=8 bits 		 Slave_address=0x03 		 Selected_Register=Data Register       		  Data_to_Write=0xbe 		 Status=Pass
Time=1899399970.000 ns 		 SPI_clock_frequency=67823Hz 		 SPI_MODE=0 		 Operation=Read  		 Data_Size=8 bits 		 Slave_address=0x03 		 Selected_Register=Data Register       		  Data_to_Write=0xff 		 Status=Pass
Time=1899629070.000 ns 		 SPI_clock_frequency=67823Hz 		 SPI_MODE=1 		 Operation=Write 		 Data_Size=8 bits 		 Slave_address=0x03 		 Selected_Register=Data Register      		  Data_to_Write=0x0 		 Status=Pass
Time=1899858170.000 ns 		 SPI_clock_frequency=67823Hz 		 SPI_MODE=1 		 Operation=Write 		 Data_Size=8 bits 		 Slave_address=0x03 		 Selected_Register=Data Register      		  Data_to_Write=0x55 		 Status=Pass
Time=1900087270.000 ns 		 SPI_clock_frequency=67823Hz 		 SPI_MODE=1 		 Operation=Write 		 Data_Size=8 bits 		 Slave_address=0x03 		 Selected_Register=Data Register      		  Data_to_Write=0xaa 		 Status=Pass
Time=1900316370.000 ns 		 SPI_clock_frequency=67823Hz 		 SPI_MODE=1 		 Operation=Write 		 Data_Size=8 bits 		 Slave_address=0x03 		 Selected_Register=Data Register      		  Data_to_Write=0xbe 		 Status=Pass
Time=1900545470.000 ns 		 SPI_clock_frequency=67823Hz 		 SPI_MODE=1 		 Operation=Write 		 Data_Size=8 bits 		 Slave_address=0x03 		 Selected_Register=Data Register      		  Data_to_Write=0xff 		 Status=Pass
Time=1900774570.000 ns 		 SPI_clock_frequency=67823Hz 		 SPI_MODE=1 		 Operation=Read  		 Data_Size=8 bits 		 Slave_address=0x03 		 Selected_Register=Data Register       		  Data_to_Write=0x0 		 Status=Pass
Time=1901003670.000 ns 		 SPI_clock_frequency=67823Hz 		 SPI_MODE=1 		 Operation=Read  		 Data_Size=8 bits 		 Slave_address=0x03 		 Selected_Register=Data Register       		  Data_to_Write=0x55 		 Status=Pass
Time=1901232770.000 ns 		 SPI_clock_frequency=67823Hz 		 SPI_MODE=1 		 Operation=Read  		 Data_Size=8 bits 		 Slave_address=0x03 		 Selected_Register=Data Register       		  Data_to_Write=0xaa 		 Status=Pass
Time=1901461870.000 ns 		 SPI_clock_frequency=67823Hz 		 SPI_MODE=1 		 Operation=Read  		 Data_Size=8 bits 		 Slave_address=0x03 		 Selected_Register=Data Register       		  Data_to_Write=0xbe 		 Status=Pass
Time=1901690970.000 ns 		 SPI_clock_frequency=67823Hz 		 SPI_MODE=1 		 Operation=Read  		 Data_Size=8 bits 		 Slave_address=0x03 		 Selected_Register=Data Register       		  Data_to_Write=0xff 		 Status=Pass
Time=1901934790.000 ns 		 SPI_clock_frequency=67823Hz 		 SPI_MODE=2 		 Operation=Write 		 Data_Size=8 bits 		 Slave_address=0x03 		 Selected_Register=Data Register      		  Data_to_Write=0x0 		 Status=Pass
Time=1902178610.000 ns 		 SPI_clock_frequency=67823Hz 		 SPI_MODE=2 		 Operation=Write 		 Data_Size=8 bits 		 Slave_address=0x03 		 Selected_Register=Data Register      		  Data_to_Write=0x55 		 Status=Pass
Time=1902422430.000 ns 		 SPI_clock_frequency=67823Hz 		 SPI_MODE=2 		 Operation=Write 		 Data_Size=8 bits 		 Slave_address=0x03 		 Selected_Register=Data Register      		  Data_to_Write=0xaa 		 Status=Pass
Time=1902666250.000 ns 		 SPI_clock_frequency=67823Hz 		 SPI_MODE=2 		 Operation=Write 		 Data_Size=8 bits 		 Slave_address=0x03 		 Selected_Register=Data Register      		  Data_to_Write=0xbe 		 Status=Pass
Time=1902910070.000 ns 		 SPI_clock_frequency=67823Hz 		 SPI_MODE=2 		 Operation=Write 		 Data_Size=8 bits 		 Slave_address=0x03 		 Selected_Register=Data Register      		  Data_to_Write=0xff 		 Status=Pass
Time=1903153890.000 ns 		 SPI_clock_frequency=67823Hz 		 SPI_MODE=2 		 Operation=Read  		 Data_Size=8 bits 		 Slave_address=0x03 		 Selected_Register=Data Register       		  Data_to_Write=0x0 		 Status=Pass
Time=1903397710.000 ns 		 SPI_clock_frequency=67823Hz 		 SPI_MODE=2 		 Operation=Read  		 Data_Size=8 bits 		 Slave_address=0x03 		 Selected_Register=Data Register       		  Data_to_Write=0x55 		 Status=Pass
Time=1903641530.000 ns 		 SPI_clock_frequency=67823Hz 		 SPI_MODE=2 		 Operation=Read  		 Data_Size=8 bits 		 Slave_address=0x03 		 Selected_Register=Data Register       		  Data_to_Write=0xaa 		 Status=Pass
Time=1903885350.000 ns 		 SPI_clock_frequency=67823Hz 		 SPI_MODE=2 		 Operation=Read  		 Data_Size=8 bits 		 Slave_address=0x03 		 Selected_Register=Data Register       		  Data_to_Write=0xbe 		 Status=Pass
Time=1904129170.000 ns 		 SPI_clock_frequency=67823Hz 		 SPI_MODE=2 		 Operation=Read  		 Data_Size=8 bits 		 Slave_address=0x03 		 Selected_Register=Data Register       		  Data_to_Write=0xff 		 Status=Pass
Time=1904372990.000 ns 		 SPI_clock_frequency=67823Hz 		 SPI_MODE=3 		 Operation=Write 		 Data_Size=8 bits 		 Slave_address=0x03 		 Selected_Register=Data Register      		  Data_to_Write=0x0 		 Status=Pass
Time=1904616810.000 ns 		 SPI_clock_frequency=67823Hz 		 SPI_MODE=3 		 Operation=Write 		 Data_Size=8 bits 		 Slave_address=0x03 		 Selected_Register=Data Register      		  Data_to_Write=0x55 		 Status=Pass
Time=1904860630.000 ns 		 SPI_clock_frequency=67823Hz 		 SPI_MODE=3 		 Operation=Write 		 Data_Size=8 bits 		 Slave_address=0x03 		 Selected_Register=Data Register      		  Data_to_Write=0xaa 		 Status=Pass
Time=1905104450.000 ns 		 SPI_clock_frequency=67823Hz 		 SPI_MODE=3 		 Operation=Write 		 Data_Size=8 bits 		 Slave_address=0x03 		 Selected_Register=Data Register      		  Data_to_Write=0xbe 		 Status=Pass
Time=1905348270.000 ns 		 SPI_clock_frequency=67823Hz 		 SPI_MODE=3 		 Operation=Write 		 Data_Size=8 bits 		 Slave_address=0x03 		 Selected_Register=Data Register      		  Data_to_Write=0xff 		 Status=Pass
Time=1905592090.000 ns 		 SPI_clock_frequency=67823Hz 		 SPI_MODE=3 		 Operation=Read  		 Data_Size=8 bits 		 Slave_address=0x03 		 Selected_Register=Data Register       		  Data_to_Write=0x0 		 Status=Pass
Time=1905835910.000 ns 		 SPI_clock_frequency=67823Hz 		 SPI_MODE=3 		 Operation=Read  		 Data_Size=8 bits 		 Slave_address=0x03 		 Selected_Register=Data Register       		  Data_to_Write=0x55 		 Status=Pass
Time=1906079730.000 ns 		 SPI_clock_frequency=67823Hz 		 SPI_MODE=3 		 Operation=Read  		 Data_Size=8 bits 		 Slave_address=0x03 		 Selected_Register=Data Register       		  Data_to_Write=0xaa 		 Status=Pass
Time=1906323550.000 ns 		 SPI_clock_frequency=67823Hz 		 SPI_MODE=3 		 Operation=Read  		 Data_Size=8 bits 		 Slave_address=0x03 		 Selected_Register=Data Register       		  Data_to_Write=0xbe 		 Status=Pass
Time=1906567370.000 ns 		 SPI_clock_frequency=67823Hz 		 SPI_MODE=3 		 Operation=Read  		 Data_Size=8 bits 		 Slave_address=0x03 		 Selected_Register=Data Register       		  Data_to_Write=0xff 		 Status=Pass
 ERROR: Invalid Slave Address (04)
 ERROR: Invalid Slave Address (04)
 ERROR: Invalid Slave Address (04)
 ERROR: Invalid Slave Address (04)
 ERROR: Invalid Slave Address (04)
 ERROR: Invalid Slave Address (04)
 ERROR: Invalid Slave Address (04)
 ERROR: Invalid Slave Address (04)
 ERROR: Invalid Slave Address (04)
 ERROR: Invalid Slave Address (04)
 ERROR: Invalid Slave Address (04)
 ERROR: Invalid Slave Address (04)
 ERROR: Invalid Slave Address (04)
 ERROR: Invalid Slave Address (04)
 ERROR: Invalid Slave Address (04)
 ERROR: Invalid Slave Address (04)
 ERROR: Invalid Slave Address (04)
 ERROR: Invalid Slave Address (04)
 ERROR: Invalid Slave Address (04)
 ERROR: Invalid Slave Address (04)
 ERROR: Invalid Slave Address (04)
 ERROR: Invalid Slave Address (04)
 ERROR: Invalid Slave Address (04)
 ERROR: Invalid Slave Address (04)
 ERROR: Invalid Slave Address (04)
 ERROR: Invalid Slave Address (04)
 ERROR: Invalid Slave Address (04)
 ERROR: Invalid Slave Address (04)
 ERROR: Invalid Slave Address (04)
 ERROR: Invalid Slave Address (04)
 ERROR: Invalid Slave Address (04)
 ERROR: Invalid Slave Address (04)
 ERROR: Invalid Slave Address (04)
 ERROR: Invalid Slave Address (04)
 ERROR: Invalid Slave Address (04)
 ERROR: Invalid Slave Address (04)
 ERROR: Invalid Slave Address (04)
 ERROR: Invalid Slave Address (04)
 ERROR: Invalid Slave Address (04)
 ERROR: Invalid Slave Address (04)
 ERROR: Invalid Slave Address (05)
 ERROR: Invalid Slave Address (05)
 ERROR: Invalid Slave Address (05)
 ERROR: Invalid Slave Address (05)
 ERROR: Invalid Slave Address (05)
 ERROR: Invalid Slave Address (05)
 ERROR: Invalid Slave Address (05)
 ERROR: Invalid Slave Address (05)
 ERROR: Invalid Slave Address (05)
 ERROR: Invalid Slave Address (05)
 ERROR: Invalid Slave Address (05)
 ERROR: Invalid Slave Address (05)
 ERROR: Invalid Slave Address (05)
 ERROR: Invalid Slave Address (05)
 ERROR: Invalid Slave Address (05)
 ERROR: Invalid Slave Address (05)
 ERROR: Invalid Slave Address (05)
 ERROR: Invalid Slave Address (05)
 ERROR: Invalid Slave Address (05)
 ERROR: Invalid Slave Address (05)
 ERROR: Invalid Slave Address (05)
 ERROR: Invalid Slave Address (05)
 ERROR: Invalid Slave Address (05)
 ERROR: Invalid Slave Address (05)
 ERROR: Invalid Slave Address (05)
 ERROR: Invalid Slave Address (05)
 ERROR: Invalid Slave Address (05)
 ERROR: Invalid Slave Address (05)
 ERROR: Invalid Slave Address (05)
 ERROR: Invalid Slave Address (05)
 ERROR: Invalid Slave Address (05)
 ERROR: Invalid Slave Address (05)
 ERROR: Invalid Slave Address (05)
 ERROR: Invalid Slave Address (05)
 ERROR: Invalid Slave Address (05)
 ERROR: Invalid Slave Address (05)
 ERROR: Invalid Slave Address (05)
 ERROR: Invalid Slave Address (05)
 ERROR: Invalid Slave Address (05)
 ERROR: Invalid Slave Address (05)
 ERROR: Writing a read only register (Device ID)
 ERROR: Writing a read only register (Device ID)
 ERROR: Writing a read only register (Device ID)
 ERROR: Writing a read only register (Device ID)
 ERROR: Writing a read only register (Device ID)
Time=1906919330.000 ns 		 SPI_clock_frequency=67823Hz 		 SPI_MODE=0 		 Operation=Read  		 Data_Size=16 bits 		 Slave_address=0x00 		 Selected_Register=Device ID          		  Data_to_Write=0x0 		 Status=Pass
Time=1907266190.000 ns 		 SPI_clock_frequency=67823Hz 		 SPI_MODE=0 		 Operation=Read  		 Data_Size=16 bits 		 Slave_address=0x00 		 Selected_Register=Device ID          		  Data_to_Write=0x5555 		 Status=Pass
Time=1907613050.000 ns 		 SPI_clock_frequency=67823Hz 		 SPI_MODE=0 		 Operation=Read  		 Data_Size=16 bits 		 Slave_address=0x00 		 Selected_Register=Device ID          		  Data_to_Write=0xaaaa 		 Status=Pass
Time=1907959910.000 ns 		 SPI_clock_frequency=67823Hz 		 SPI_MODE=0 		 Operation=Read  		 Data_Size=16 bits 		 Slave_address=0x00 		 Selected_Register=Device ID          		  Data_to_Write=0x3478 		 Status=Pass
Time=1908306770.000 ns 		 SPI_clock_frequency=67823Hz 		 SPI_MODE=0 		 Operation=Read  		 Data_Size=16 bits 		 Slave_address=0x00 		 Selected_Register=Device ID          		  Data_to_Write=0xffff 		 Status=Pass
 ERROR: Writing a read only register (Device ID)
 ERROR: Writing a read only register (Device ID)
 ERROR: Writing a read only register (Device ID)
 ERROR: Writing a read only register (Device ID)
 ERROR: Writing a read only register (Device ID)
Time=1908653930.000 ns 		 SPI_clock_frequency=67823Hz 		 SPI_MODE=1 		 Operation=Read  		 Data_Size=16 bits 		 Slave_address=0x00 		 Selected_Register=Device ID          		  Data_to_Write=0x0 		 Status=Pass
Time=1909000790.000 ns 		 SPI_clock_frequency=67823Hz 		 SPI_MODE=1 		 Operation=Read  		 Data_Size=16 bits 		 Slave_address=0x00 		 Selected_Register=Device ID          		  Data_to_Write=0x5555 		 Status=Pass
Time=1909347650.000 ns 		 SPI_clock_frequency=67823Hz 		 SPI_MODE=1 		 Operation=Read  		 Data_Size=16 bits 		 Slave_address=0x00 		 Selected_Register=Device ID          		  Data_to_Write=0xaaaa 		 Status=Pass
Time=1909694510.000 ns 		 SPI_clock_frequency=67823Hz 		 SPI_MODE=1 		 Operation=Read  		 Data_Size=16 bits 		 Slave_address=0x00 		 Selected_Register=Device ID          		  Data_to_Write=0x3478 		 Status=Pass
Time=1910041370.000 ns 		 SPI_clock_frequency=67823Hz 		 SPI_MODE=1 		 Operation=Read  		 Data_Size=16 bits 		 Slave_address=0x00 		 Selected_Register=Device ID          		  Data_to_Write=0xffff 		 Status=Pass
 ERROR: Writing a read only register (Device ID)
 ERROR: Writing a read only register (Device ID)
 ERROR: Writing a read only register (Device ID)
 ERROR: Writing a read only register (Device ID)
 ERROR: Writing a read only register (Device ID)
Time=1910403250.000 ns 		 SPI_clock_frequency=67823Hz 		 SPI_MODE=2 		 Operation=Read  		 Data_Size=16 bits 		 Slave_address=0x00 		 Selected_Register=Device ID          		  Data_to_Write=0x0 		 Status=Pass
Time=1910764830.000 ns 		 SPI_clock_frequency=67823Hz 		 SPI_MODE=2 		 Operation=Read  		 Data_Size=16 bits 		 Slave_address=0x00 		 Selected_Register=Device ID          		  Data_to_Write=0x5555 		 Status=Pass
Time=1911126410.000 ns 		 SPI_clock_frequency=67823Hz 		 SPI_MODE=2 		 Operation=Read  		 Data_Size=16 bits 		 Slave_address=0x00 		 Selected_Register=Device ID          		  Data_to_Write=0xaaaa 		 Status=Pass
Time=1911487990.000 ns 		 SPI_clock_frequency=67823Hz 		 SPI_MODE=2 		 Operation=Read  		 Data_Size=16 bits 		 Slave_address=0x00 		 Selected_Register=Device ID          		  Data_to_Write=0x3478 		 Status=Pass
Time=1911849570.000 ns 		 SPI_clock_frequency=67823Hz 		 SPI_MODE=2 		 Operation=Read  		 Data_Size=16 bits 		 Slave_address=0x00 		 Selected_Register=Device ID          		  Data_to_Write=0xffff 		 Status=Pass
 ERROR: Writing a read only register (Device ID)
 ERROR: Writing a read only register (Device ID)
 ERROR: Writing a read only register (Device ID)
 ERROR: Writing a read only register (Device ID)
 ERROR: Writing a read only register (Device ID)
Time=1912211450.000 ns 		 SPI_clock_frequency=67823Hz 		 SPI_MODE=3 		 Operation=Read  		 Data_Size=16 bits 		 Slave_address=0x00 		 Selected_Register=Device ID          		  Data_to_Write=0x0 		 Status=Pass
Time=1912573030.000 ns 		 SPI_clock_frequency=67823Hz 		 SPI_MODE=3 		 Operation=Read  		 Data_Size=16 bits 		 Slave_address=0x00 		 Selected_Register=Device ID          		  Data_to_Write=0x5555 		 Status=Pass
Time=1912934610.000 ns 		 SPI_clock_frequency=67823Hz 		 SPI_MODE=3 		 Operation=Read  		 Data_Size=16 bits 		 Slave_address=0x00 		 Selected_Register=Device ID          		  Data_to_Write=0xaaaa 		 Status=Pass
Time=1913296190.000 ns 		 SPI_clock_frequency=67823Hz 		 SPI_MODE=3 		 Operation=Read  		 Data_Size=16 bits 		 Slave_address=0x00 		 Selected_Register=Device ID          		  Data_to_Write=0x3478 		 Status=Pass
Time=1913657770.000 ns 		 SPI_clock_frequency=67823Hz 		 SPI_MODE=3 		 Operation=Read  		 Data_Size=16 bits 		 Slave_address=0x00 		 Selected_Register=Device ID          		  Data_to_Write=0xffff 		 Status=Pass
Time=1914004630.000 ns 		 SPI_clock_frequency=67823Hz 		 SPI_MODE=0 		 Operation=Write 		 Data_Size=16 bits 		 Slave_address=0x01 		 Selected_Register=Control Register 		  Data_to_Write=0x0 		 Status=Pass
Time=1914351490.000 ns 		 SPI_clock_frequency=67823Hz 		 SPI_MODE=0 		 Operation=Write 		 Data_Size=16 bits 		 Slave_address=0x01 		 Selected_Register=Control Register 		  Data_to_Write=0x5555 		 Status=Pass
Time=1914698350.000 ns 		 SPI_clock_frequency=67823Hz 		 SPI_MODE=0 		 Operation=Write 		 Data_Size=16 bits 		 Slave_address=0x01 		 Selected_Register=Control Register 		  Data_to_Write=0xaaaa 		 Status=Pass
Time=1915045210.000 ns 		 SPI_clock_frequency=67823Hz 		 SPI_MODE=0 		 Operation=Write 		 Data_Size=16 bits 		 Slave_address=0x01 		 Selected_Register=Control Register 		  Data_to_Write=0x3478 		 Status=Pass
Time=1915392070.000 ns 		 SPI_clock_frequency=67823Hz 		 SPI_MODE=0 		 Operation=Write 		 Data_Size=16 bits 		 Slave_address=0x01 		 Selected_Register=Control Register 		  Data_to_Write=0xffff 		 Status=Pass
Time=1915738930.000 ns 		 SPI_clock_frequency=67823Hz 		 SPI_MODE=0 		 Operation=Read  		 Data_Size=16 bits 		 Slave_address=0x01 		 Selected_Register=Control Register 		  Data_to_Write=0x0 		 Status=Pass
Time=1916085790.000 ns 		 SPI_clock_frequency=67823Hz 		 SPI_MODE=0 		 Operation=Read  		 Data_Size=16 bits 		 Slave_address=0x01 		 Selected_Register=Control Register 		  Data_to_Write=0x5555 		 Status=Pass
Time=1916432650.000 ns 		 SPI_clock_frequency=67823Hz 		 SPI_MODE=0 		 Operation=Read  		 Data_Size=16 bits 		 Slave_address=0x01 		 Selected_Register=Control Register 		  Data_to_Write=0xaaaa 		 Status=Pass
Time=1916779510.000 ns 		 SPI_clock_frequency=67823Hz 		 SPI_MODE=0 		 Operation=Read  		 Data_Size=16 bits 		 Slave_address=0x01 		 Selected_Register=Control Register 		  Data_to_Write=0x3478 		 Status=Pass
Time=1917126370.000 ns 		 SPI_clock_frequency=67823Hz 		 SPI_MODE=0 		 Operation=Read  		 Data_Size=16 bits 		 Slave_address=0x01 		 Selected_Register=Control Register 		  Data_to_Write=0xffff 		 Status=Pass
Time=1917473230.000 ns 		 SPI_clock_frequency=67823Hz 		 SPI_MODE=1 		 Operation=Write 		 Data_Size=16 bits 		 Slave_address=0x01 		 Selected_Register=Control Register 		  Data_to_Write=0x0 		 Status=Pass
Time=1917820090.000 ns 		 SPI_clock_frequency=67823Hz 		 SPI_MODE=1 		 Operation=Write 		 Data_Size=16 bits 		 Slave_address=0x01 		 Selected_Register=Control Register 		  Data_to_Write=0x5555 		 Status=Pass
Time=1918166950.000 ns 		 SPI_clock_frequency=67823Hz 		 SPI_MODE=1 		 Operation=Write 		 Data_Size=16 bits 		 Slave_address=0x01 		 Selected_Register=Control Register 		  Data_to_Write=0xaaaa 		 Status=Pass
Time=1918513810.000 ns 		 SPI_clock_frequency=67823Hz 		 SPI_MODE=1 		 Operation=Write 		 Data_Size=16 bits 		 Slave_address=0x01 		 Selected_Register=Control Register 		  Data_to_Write=0x3478 		 Status=Pass
Time=1918860670.000 ns 		 SPI_clock_frequency=67823Hz 		 SPI_MODE=1 		 Operation=Write 		 Data_Size=16 bits 		 Slave_address=0x01 		 Selected_Register=Control Register 		  Data_to_Write=0xffff 		 Status=Pass
Time=1919207530.000 ns 		 SPI_clock_frequency=67823Hz 		 SPI_MODE=1 		 Operation=Read  		 Data_Size=16 bits 		 Slave_address=0x01 		 Selected_Register=Control Register 		  Data_to_Write=0x0 		 Status=Pass
Time=1919554390.000 ns 		 SPI_clock_frequency=67823Hz 		 SPI_MODE=1 		 Operation=Read  		 Data_Size=16 bits 		 Slave_address=0x01 		 Selected_Register=Control Register 		  Data_to_Write=0x5555 		 Status=Pass
Time=1919901250.000 ns 		 SPI_clock_frequency=67823Hz 		 SPI_MODE=1 		 Operation=Read  		 Data_Size=16 bits 		 Slave_address=0x01 		 Selected_Register=Control Register 		  Data_to_Write=0xaaaa 		 Status=Pass
Time=1920248110.000 ns 		 SPI_clock_frequency=67823Hz 		 SPI_MODE=1 		 Operation=Read  		 Data_Size=16 bits 		 Slave_address=0x01 		 Selected_Register=Control Register 		  Data_to_Write=0x3478 		 Status=Pass
Time=1920594970.000 ns 		 SPI_clock_frequency=67823Hz 		 SPI_MODE=1 		 Operation=Read  		 Data_Size=16 bits 		 Slave_address=0x01 		 Selected_Register=Control Register 		  Data_to_Write=0xffff 		 Status=Pass
Time=1920956550.000 ns 		 SPI_clock_frequency=67823Hz 		 SPI_MODE=2 		 Operation=Write 		 Data_Size=16 bits 		 Slave_address=0x01 		 Selected_Register=Control Register 		  Data_to_Write=0x0 		 Status=Pass
Time=1921318130.000 ns 		 SPI_clock_frequency=67823Hz 		 SPI_MODE=2 		 Operation=Write 		 Data_Size=16 bits 		 Slave_address=0x01 		 Selected_Register=Control Register 		  Data_to_Write=0x5555 		 Status=Pass
Time=1921679710.000 ns 		 SPI_clock_frequency=67823Hz 		 SPI_MODE=2 		 Operation=Write 		 Data_Size=16 bits 		 Slave_address=0x01 		 Selected_Register=Control Register 		  Data_to_Write=0xaaaa 		 Status=Pass
Time=1922041290.000 ns 		 SPI_clock_frequency=67823Hz 		 SPI_MODE=2 		 Operation=Write 		 Data_Size=16 bits 		 Slave_address=0x01 		 Selected_Register=Control Register 		  Data_to_Write=0x3478 		 Status=Pass
Time=1922402870.000 ns 		 SPI_clock_frequency=67823Hz 		 SPI_MODE=2 		 Operation=Write 		 Data_Size=16 bits 		 Slave_address=0x01 		 Selected_Register=Control Register 		  Data_to_Write=0xffff 		 Status=Pass
Time=1922764450.000 ns 		 SPI_clock_frequency=67823Hz 		 SPI_MODE=2 		 Operation=Read  		 Data_Size=16 bits 		 Slave_address=0x01 		 Selected_Register=Control Register 		  Data_to_Write=0x0 		 Status=Pass
Time=1923126030.000 ns 		 SPI_clock_frequency=67823Hz 		 SPI_MODE=2 		 Operation=Read  		 Data_Size=16 bits 		 Slave_address=0x01 		 Selected_Register=Control Register 		  Data_to_Write=0x5555 		 Status=Pass
Time=1923487610.000 ns 		 SPI_clock_frequency=67823Hz 		 SPI_MODE=2 		 Operation=Read  		 Data_Size=16 bits 		 Slave_address=0x01 		 Selected_Register=Control Register 		  Data_to_Write=0xaaaa 		 Status=Pass
Time=1923849190.000 ns 		 SPI_clock_frequency=67823Hz 		 SPI_MODE=2 		 Operation=Read  		 Data_Size=16 bits 		 Slave_address=0x01 		 Selected_Register=Control Register 		  Data_to_Write=0x3478 		 Status=Pass
Time=1924210770.000 ns 		 SPI_clock_frequency=67823Hz 		 SPI_MODE=2 		 Operation=Read  		 Data_Size=16 bits 		 Slave_address=0x01 		 Selected_Register=Control Register 		  Data_to_Write=0xffff 		 Status=Pass
Time=1924572350.000 ns 		 SPI_clock_frequency=67823Hz 		 SPI_MODE=3 		 Operation=Write 		 Data_Size=16 bits 		 Slave_address=0x01 		 Selected_Register=Control Register 		  Data_to_Write=0x0 		 Status=Pass
Time=1924933930.000 ns 		 SPI_clock_frequency=67823Hz 		 SPI_MODE=3 		 Operation=Write 		 Data_Size=16 bits 		 Slave_address=0x01 		 Selected_Register=Control Register 		  Data_to_Write=0x5555 		 Status=Pass
Time=1925295510.000 ns 		 SPI_clock_frequency=67823Hz 		 SPI_MODE=3 		 Operation=Write 		 Data_Size=16 bits 		 Slave_address=0x01 		 Selected_Register=Control Register 		  Data_to_Write=0xaaaa 		 Status=Pass
Time=1925657090.000 ns 		 SPI_clock_frequency=67823Hz 		 SPI_MODE=3 		 Operation=Write 		 Data_Size=16 bits 		 Slave_address=0x01 		 Selected_Register=Control Register 		  Data_to_Write=0x3478 		 Status=Pass
Time=1926018670.000 ns 		 SPI_clock_frequency=67823Hz 		 SPI_MODE=3 		 Operation=Write 		 Data_Size=16 bits 		 Slave_address=0x01 		 Selected_Register=Control Register 		  Data_to_Write=0xffff 		 Status=Pass
Time=1926380250.000 ns 		 SPI_clock_frequency=67823Hz 		 SPI_MODE=3 		 Operation=Read  		 Data_Size=16 bits 		 Slave_address=0x01 		 Selected_Register=Control Register 		  Data_to_Write=0x0 		 Status=Pass
Time=1926741830.000 ns 		 SPI_clock_frequency=67823Hz 		 SPI_MODE=3 		 Operation=Read  		 Data_Size=16 bits 		 Slave_address=0x01 		 Selected_Register=Control Register 		  Data_to_Write=0x5555 		 Status=Pass
Time=1927103410.000 ns 		 SPI_clock_frequency=67823Hz 		 SPI_MODE=3 		 Operation=Read  		 Data_Size=16 bits 		 Slave_address=0x01 		 Selected_Register=Control Register 		  Data_to_Write=0xaaaa 		 Status=Pass
Time=1927464990.000 ns 		 SPI_clock_frequency=67823Hz 		 SPI_MODE=3 		 Operation=Read  		 Data_Size=16 bits 		 Slave_address=0x01 		 Selected_Register=Control Register 		  Data_to_Write=0x3478 		 Status=Pass
Time=1927826570.000 ns 		 SPI_clock_frequency=67823Hz 		 SPI_MODE=3 		 Operation=Read  		 Data_Size=16 bits 		 Slave_address=0x01 		 Selected_Register=Control Register 		  Data_to_Write=0xffff 		 Status=Pass
Time=1928173430.000 ns 		 SPI_clock_frequency=67823Hz 		 SPI_MODE=0 		 Operation=Write 		 Data_Size=16 bits 		 Slave_address=0x02 		 Selected_Register=Status Register    		  Data_to_Write=0x0 		 Status=Pass
Time=1928520290.000 ns 		 SPI_clock_frequency=67823Hz 		 SPI_MODE=0 		 Operation=Write 		 Data_Size=16 bits 		 Slave_address=0x02 		 Selected_Register=Status Register    		  Data_to_Write=0x5555 		 Status=Pass
Time=1928867150.000 ns 		 SPI_clock_frequency=67823Hz 		 SPI_MODE=0 		 Operation=Write 		 Data_Size=16 bits 		 Slave_address=0x02 		 Selected_Register=Status Register    		  Data_to_Write=0xaaaa 		 Status=Pass
Time=1929214010.000 ns 		 SPI_clock_frequency=67823Hz 		 SPI_MODE=0 		 Operation=Write 		 Data_Size=16 bits 		 Slave_address=0x02 		 Selected_Register=Status Register    		  Data_to_Write=0x3478 		 Status=Pass
Time=1929560870.000 ns 		 SPI_clock_frequency=67823Hz 		 SPI_MODE=0 		 Operation=Write 		 Data_Size=16 bits 		 Slave_address=0x02 		 Selected_Register=Status Register    		  Data_to_Write=0xffff 		 Status=Pass
Time=1929907730.000 ns 		 SPI_clock_frequency=67823Hz 		 SPI_MODE=0 		 Operation=Read  		 Data_Size=16 bits 		 Slave_address=0x02 		 Selected_Register=Status Register     		  Data_to_Write=0x0 		 Status=Pass
Time=1930254590.000 ns 		 SPI_clock_frequency=67823Hz 		 SPI_MODE=0 		 Operation=Read  		 Data_Size=16 bits 		 Slave_address=0x02 		 Selected_Register=Status Register     		  Data_to_Write=0x5555 		 Status=Pass
Time=1930601450.000 ns 		 SPI_clock_frequency=67823Hz 		 SPI_MODE=0 		 Operation=Read  		 Data_Size=16 bits 		 Slave_address=0x02 		 Selected_Register=Status Register     		  Data_to_Write=0xaaaa 		 Status=Pass
Time=1930948310.000 ns 		 SPI_clock_frequency=67823Hz 		 SPI_MODE=0 		 Operation=Read  		 Data_Size=16 bits 		 Slave_address=0x02 		 Selected_Register=Status Register     		  Data_to_Write=0x3478 		 Status=Pass
Time=1931295170.000 ns 		 SPI_clock_frequency=67823Hz 		 SPI_MODE=0 		 Operation=Read  		 Data_Size=16 bits 		 Slave_address=0x02 		 Selected_Register=Status Register     		  Data_to_Write=0xffff 		 Status=Pass
Time=1931642030.000 ns 		 SPI_clock_frequency=67823Hz 		 SPI_MODE=1 		 Operation=Write 		 Data_Size=16 bits 		 Slave_address=0x02 		 Selected_Register=Status Register    		  Data_to_Write=0x0 		 Status=Pass
Time=1931988890.000 ns 		 SPI_clock_frequency=67823Hz 		 SPI_MODE=1 		 Operation=Write 		 Data_Size=16 bits 		 Slave_address=0x02 		 Selected_Register=Status Register    		  Data_to_Write=0x5555 		 Status=Pass
Time=1932335750.000 ns 		 SPI_clock_frequency=67823Hz 		 SPI_MODE=1 		 Operation=Write 		 Data_Size=16 bits 		 Slave_address=0x02 		 Selected_Register=Status Register    		  Data_to_Write=0xaaaa 		 Status=Pass
Time=1932682610.000 ns 		 SPI_clock_frequency=67823Hz 		 SPI_MODE=1 		 Operation=Write 		 Data_Size=16 bits 		 Slave_address=0x02 		 Selected_Register=Status Register    		  Data_to_Write=0x3478 		 Status=Pass
Time=1933029470.000 ns 		 SPI_clock_frequency=67823Hz 		 SPI_MODE=1 		 Operation=Write 		 Data_Size=16 bits 		 Slave_address=0x02 		 Selected_Register=Status Register    		  Data_to_Write=0xffff 		 Status=Pass
Time=1933376330.000 ns 		 SPI_clock_frequency=67823Hz 		 SPI_MODE=1 		 Operation=Read  		 Data_Size=16 bits 		 Slave_address=0x02 		 Selected_Register=Status Register     		  Data_to_Write=0x0 		 Status=Pass
Time=1933723190.000 ns 		 SPI_clock_frequency=67823Hz 		 SPI_MODE=1 		 Operation=Read  		 Data_Size=16 bits 		 Slave_address=0x02 		 Selected_Register=Status Register     		  Data_to_Write=0x5555 		 Status=Pass
Time=1934070050.000 ns 		 SPI_clock_frequency=67823Hz 		 SPI_MODE=1 		 Operation=Read  		 Data_Size=16 bits 		 Slave_address=0x02 		 Selected_Register=Status Register     		  Data_to_Write=0xaaaa 		 Status=Pass
Time=1934416910.000 ns 		 SPI_clock_frequency=67823Hz 		 SPI_MODE=1 		 Operation=Read  		 Data_Size=16 bits 		 Slave_address=0x02 		 Selected_Register=Status Register     		  Data_to_Write=0x3478 		 Status=Pass
Time=1934763770.000 ns 		 SPI_clock_frequency=67823Hz 		 SPI_MODE=1 		 Operation=Read  		 Data_Size=16 bits 		 Slave_address=0x02 		 Selected_Register=Status Register     		  Data_to_Write=0xffff 		 Status=Pass
Time=1935125350.000 ns 		 SPI_clock_frequency=67823Hz 		 SPI_MODE=2 		 Operation=Write 		 Data_Size=16 bits 		 Slave_address=0x02 		 Selected_Register=Status Register    		  Data_to_Write=0x0 		 Status=Pass
Time=1935486930.000 ns 		 SPI_clock_frequency=67823Hz 		 SPI_MODE=2 		 Operation=Write 		 Data_Size=16 bits 		 Slave_address=0x02 		 Selected_Register=Status Register    		  Data_to_Write=0x5555 		 Status=Pass
Time=1935848510.000 ns 		 SPI_clock_frequency=67823Hz 		 SPI_MODE=2 		 Operation=Write 		 Data_Size=16 bits 		 Slave_address=0x02 		 Selected_Register=Status Register    		  Data_to_Write=0xaaaa 		 Status=Pass
Time=1936210090.000 ns 		 SPI_clock_frequency=67823Hz 		 SPI_MODE=2 		 Operation=Write 		 Data_Size=16 bits 		 Slave_address=0x02 		 Selected_Register=Status Register    		  Data_to_Write=0x3478 		 Status=Pass
Time=1936571670.000 ns 		 SPI_clock_frequency=67823Hz 		 SPI_MODE=2 		 Operation=Write 		 Data_Size=16 bits 		 Slave_address=0x02 		 Selected_Register=Status Register    		  Data_to_Write=0xffff 		 Status=Pass
Time=1936933250.000 ns 		 SPI_clock_frequency=67823Hz 		 SPI_MODE=2 		 Operation=Read  		 Data_Size=16 bits 		 Slave_address=0x02 		 Selected_Register=Status Register     		  Data_to_Write=0x0 		 Status=Pass
Time=1937294830.000 ns 		 SPI_clock_frequency=67823Hz 		 SPI_MODE=2 		 Operation=Read  		 Data_Size=16 bits 		 Slave_address=0x02 		 Selected_Register=Status Register     		  Data_to_Write=0x5555 		 Status=Pass
Time=1937656410.000 ns 		 SPI_clock_frequency=67823Hz 		 SPI_MODE=2 		 Operation=Read  		 Data_Size=16 bits 		 Slave_address=0x02 		 Selected_Register=Status Register     		  Data_to_Write=0xaaaa 		 Status=Pass
Time=1938017990.000 ns 		 SPI_clock_frequency=67823Hz 		 SPI_MODE=2 		 Operation=Read  		 Data_Size=16 bits 		 Slave_address=0x02 		 Selected_Register=Status Register     		  Data_to_Write=0x3478 		 Status=Pass
Time=1938379570.000 ns 		 SPI_clock_frequency=67823Hz 		 SPI_MODE=2 		 Operation=Read  		 Data_Size=16 bits 		 Slave_address=0x02 		 Selected_Register=Status Register     		  Data_to_Write=0xffff 		 Status=Pass
Time=1938741150.000 ns 		 SPI_clock_frequency=67823Hz 		 SPI_MODE=3 		 Operation=Write 		 Data_Size=16 bits 		 Slave_address=0x02 		 Selected_Register=Status Register    		  Data_to_Write=0x0 		 Status=Pass
Time=1939102730.000 ns 		 SPI_clock_frequency=67823Hz 		 SPI_MODE=3 		 Operation=Write 		 Data_Size=16 bits 		 Slave_address=0x02 		 Selected_Register=Status Register    		  Data_to_Write=0x5555 		 Status=Pass
Time=1939464310.000 ns 		 SPI_clock_frequency=67823Hz 		 SPI_MODE=3 		 Operation=Write 		 Data_Size=16 bits 		 Slave_address=0x02 		 Selected_Register=Status Register    		  Data_to_Write=0xaaaa 		 Status=Pass
Time=1939825890.000 ns 		 SPI_clock_frequency=67823Hz 		 SPI_MODE=3 		 Operation=Write 		 Data_Size=16 bits 		 Slave_address=0x02 		 Selected_Register=Status Register    		  Data_to_Write=0x3478 		 Status=Pass
Time=1940187470.000 ns 		 SPI_clock_frequency=67823Hz 		 SPI_MODE=3 		 Operation=Write 		 Data_Size=16 bits 		 Slave_address=0x02 		 Selected_Register=Status Register    		  Data_to_Write=0xffff 		 Status=Pass
Time=1940549050.000 ns 		 SPI_clock_frequency=67823Hz 		 SPI_MODE=3 		 Operation=Read  		 Data_Size=16 bits 		 Slave_address=0x02 		 Selected_Register=Status Register     		  Data_to_Write=0x0 		 Status=Pass
Time=1940910630.000 ns 		 SPI_clock_frequency=67823Hz 		 SPI_MODE=3 		 Operation=Read  		 Data_Size=16 bits 		 Slave_address=0x02 		 Selected_Register=Status Register     		  Data_to_Write=0x5555 		 Status=Pass
Time=1941272210.000 ns 		 SPI_clock_frequency=67823Hz 		 SPI_MODE=3 		 Operation=Read  		 Data_Size=16 bits 		 Slave_address=0x02 		 Selected_Register=Status Register     		  Data_to_Write=0xaaaa 		 Status=Pass
Time=1941633790.000 ns 		 SPI_clock_frequency=67823Hz 		 SPI_MODE=3 		 Operation=Read  		 Data_Size=16 bits 		 Slave_address=0x02 		 Selected_Register=Status Register     		  Data_to_Write=0x3478 		 Status=Pass
Time=1941995370.000 ns 		 SPI_clock_frequency=67823Hz 		 SPI_MODE=3 		 Operation=Read  		 Data_Size=16 bits 		 Slave_address=0x02 		 Selected_Register=Status Register     		  Data_to_Write=0xffff 		 Status=Pass
Time=1942342230.000 ns 		 SPI_clock_frequency=67823Hz 		 SPI_MODE=0 		 Operation=Write 		 Data_Size=16 bits 		 Slave_address=0x03 		 Selected_Register=Data Register      		  Data_to_Write=0x0 		 Status=Pass
Time=1942689090.000 ns 		 SPI_clock_frequency=67823Hz 		 SPI_MODE=0 		 Operation=Write 		 Data_Size=16 bits 		 Slave_address=0x03 		 Selected_Register=Data Register      		  Data_to_Write=0x5555 		 Status=Pass
Time=1943035950.000 ns 		 SPI_clock_frequency=67823Hz 		 SPI_MODE=0 		 Operation=Write 		 Data_Size=16 bits 		 Slave_address=0x03 		 Selected_Register=Data Register      		  Data_to_Write=0xaaaa 		 Status=Pass
Time=1943382810.000 ns 		 SPI_clock_frequency=67823Hz 		 SPI_MODE=0 		 Operation=Write 		 Data_Size=16 bits 		 Slave_address=0x03 		 Selected_Register=Data Register      		  Data_to_Write=0x3478 		 Status=Pass
Time=1943729670.000 ns 		 SPI_clock_frequency=67823Hz 		 SPI_MODE=0 		 Operation=Write 		 Data_Size=16 bits 		 Slave_address=0x03 		 Selected_Register=Data Register      		  Data_to_Write=0xffff 		 Status=Pass
Time=1944076530.000 ns 		 SPI_clock_frequency=67823Hz 		 SPI_MODE=0 		 Operation=Read  		 Data_Size=16 bits 		 Slave_address=0x03 		 Selected_Register=Data Register       		  Data_to_Write=0x0 		 Status=Pass
Time=1944423390.000 ns 		 SPI_clock_frequency=67823Hz 		 SPI_MODE=0 		 Operation=Read  		 Data_Size=16 bits 		 Slave_address=0x03 		 Selected_Register=Data Register       		  Data_to_Write=0x5555 		 Status=Pass
Time=1944770250.000 ns 		 SPI_clock_frequency=67823Hz 		 SPI_MODE=0 		 Operation=Read  		 Data_Size=16 bits 		 Slave_address=0x03 		 Selected_Register=Data Register       		  Data_to_Write=0xaaaa 		 Status=Pass
Time=1945117110.000 ns 		 SPI_clock_frequency=67823Hz 		 SPI_MODE=0 		 Operation=Read  		 Data_Size=16 bits 		 Slave_address=0x03 		 Selected_Register=Data Register       		  Data_to_Write=0x3478 		 Status=Pass
Time=1945463970.000 ns 		 SPI_clock_frequency=67823Hz 		 SPI_MODE=0 		 Operation=Read  		 Data_Size=16 bits 		 Slave_address=0x03 		 Selected_Register=Data Register       		  Data_to_Write=0xffff 		 Status=Pass
Time=1945810830.000 ns 		 SPI_clock_frequency=67823Hz 		 SPI_MODE=1 		 Operation=Write 		 Data_Size=16 bits 		 Slave_address=0x03 		 Selected_Register=Data Register      		  Data_to_Write=0x0 		 Status=Pass
Time=1946157690.000 ns 		 SPI_clock_frequency=67823Hz 		 SPI_MODE=1 		 Operation=Write 		 Data_Size=16 bits 		 Slave_address=0x03 		 Selected_Register=Data Register      		  Data_to_Write=0x5555 		 Status=Pass
Time=1946504550.000 ns 		 SPI_clock_frequency=67823Hz 		 SPI_MODE=1 		 Operation=Write 		 Data_Size=16 bits 		 Slave_address=0x03 		 Selected_Register=Data Register      		  Data_to_Write=0xaaaa 		 Status=Pass
Time=1946851410.000 ns 		 SPI_clock_frequency=67823Hz 		 SPI_MODE=1 		 Operation=Write 		 Data_Size=16 bits 		 Slave_address=0x03 		 Selected_Register=Data Register      		  Data_to_Write=0x3478 		 Status=Pass
Time=1947198270.000 ns 		 SPI_clock_frequency=67823Hz 		 SPI_MODE=1 		 Operation=Write 		 Data_Size=16 bits 		 Slave_address=0x03 		 Selected_Register=Data Register      		  Data_to_Write=0xffff 		 Status=Pass
Time=1947545130.000 ns 		 SPI_clock_frequency=67823Hz 		 SPI_MODE=1 		 Operation=Read  		 Data_Size=16 bits 		 Slave_address=0x03 		 Selected_Register=Data Register       		  Data_to_Write=0x0 		 Status=Pass
Time=1947891990.000 ns 		 SPI_clock_frequency=67823Hz 		 SPI_MODE=1 		 Operation=Read  		 Data_Size=16 bits 		 Slave_address=0x03 		 Selected_Register=Data Register       		  Data_to_Write=0x5555 		 Status=Pass
Time=1948238850.000 ns 		 SPI_clock_frequency=67823Hz 		 SPI_MODE=1 		 Operation=Read  		 Data_Size=16 bits 		 Slave_address=0x03 		 Selected_Register=Data Register       		  Data_to_Write=0xaaaa 		 Status=Pass
Time=1948585710.000 ns 		 SPI_clock_frequency=67823Hz 		 SPI_MODE=1 		 Operation=Read  		 Data_Size=16 bits 		 Slave_address=0x03 		 Selected_Register=Data Register       		  Data_to_Write=0x3478 		 Status=Pass
Time=1948932570.000 ns 		 SPI_clock_frequency=67823Hz 		 SPI_MODE=1 		 Operation=Read  		 Data_Size=16 bits 		 Slave_address=0x03 		 Selected_Register=Data Register       		  Data_to_Write=0xffff 		 Status=Pass
Time=1949294150.000 ns 		 SPI_clock_frequency=67823Hz 		 SPI_MODE=2 		 Operation=Write 		 Data_Size=16 bits 		 Slave_address=0x03 		 Selected_Register=Data Register      		  Data_to_Write=0x0 		 Status=Pass
Time=1949655730.000 ns 		 SPI_clock_frequency=67823Hz 		 SPI_MODE=2 		 Operation=Write 		 Data_Size=16 bits 		 Slave_address=0x03 		 Selected_Register=Data Register      		  Data_to_Write=0x5555 		 Status=Pass
Time=1950017310.000 ns 		 SPI_clock_frequency=67823Hz 		 SPI_MODE=2 		 Operation=Write 		 Data_Size=16 bits 		 Slave_address=0x03 		 Selected_Register=Data Register      		  Data_to_Write=0xaaaa 		 Status=Pass
Time=1950378890.000 ns 		 SPI_clock_frequency=67823Hz 		 SPI_MODE=2 		 Operation=Write 		 Data_Size=16 bits 		 Slave_address=0x03 		 Selected_Register=Data Register      		  Data_to_Write=0x3478 		 Status=Pass
Time=1950740470.000 ns 		 SPI_clock_frequency=67823Hz 		 SPI_MODE=2 		 Operation=Write 		 Data_Size=16 bits 		 Slave_address=0x03 		 Selected_Register=Data Register      		  Data_to_Write=0xffff 		 Status=Pass
Time=1951102050.000 ns 		 SPI_clock_frequency=67823Hz 		 SPI_MODE=2 		 Operation=Read  		 Data_Size=16 bits 		 Slave_address=0x03 		 Selected_Register=Data Register       		  Data_to_Write=0x0 		 Status=Pass
Time=1951463630.000 ns 		 SPI_clock_frequency=67823Hz 		 SPI_MODE=2 		 Operation=Read  		 Data_Size=16 bits 		 Slave_address=0x03 		 Selected_Register=Data Register       		  Data_to_Write=0x5555 		 Status=Pass
Time=1951825210.000 ns 		 SPI_clock_frequency=67823Hz 		 SPI_MODE=2 		 Operation=Read  		 Data_Size=16 bits 		 Slave_address=0x03 		 Selected_Register=Data Register       		  Data_to_Write=0xaaaa 		 Status=Pass
Time=1952186790.000 ns 		 SPI_clock_frequency=67823Hz 		 SPI_MODE=2 		 Operation=Read  		 Data_Size=16 bits 		 Slave_address=0x03 		 Selected_Register=Data Register       		  Data_to_Write=0x3478 		 Status=Pass
Time=1952548370.000 ns 		 SPI_clock_frequency=67823Hz 		 SPI_MODE=2 		 Operation=Read  		 Data_Size=16 bits 		 Slave_address=0x03 		 Selected_Register=Data Register       		  Data_to_Write=0xffff 		 Status=Pass
Time=1952909950.000 ns 		 SPI_clock_frequency=67823Hz 		 SPI_MODE=3 		 Operation=Write 		 Data_Size=16 bits 		 Slave_address=0x03 		 Selected_Register=Data Register      		  Data_to_Write=0x0 		 Status=Pass
Time=1953271530.000 ns 		 SPI_clock_frequency=67823Hz 		 SPI_MODE=3 		 Operation=Write 		 Data_Size=16 bits 		 Slave_address=0x03 		 Selected_Register=Data Register      		  Data_to_Write=0x5555 		 Status=Pass
Time=1953633110.000 ns 		 SPI_clock_frequency=67823Hz 		 SPI_MODE=3 		 Operation=Write 		 Data_Size=16 bits 		 Slave_address=0x03 		 Selected_Register=Data Register      		  Data_to_Write=0xaaaa 		 Status=Pass
Time=1953994690.000 ns 		 SPI_clock_frequency=67823Hz 		 SPI_MODE=3 		 Operation=Write 		 Data_Size=16 bits 		 Slave_address=0x03 		 Selected_Register=Data Register      		  Data_to_Write=0x3478 		 Status=Pass
Time=1954356270.000 ns 		 SPI_clock_frequency=67823Hz 		 SPI_MODE=3 		 Operation=Write 		 Data_Size=16 bits 		 Slave_address=0x03 		 Selected_Register=Data Register      		  Data_to_Write=0xffff 		 Status=Pass
Time=1954717850.000 ns 		 SPI_clock_frequency=67823Hz 		 SPI_MODE=3 		 Operation=Read  		 Data_Size=16 bits 		 Slave_address=0x03 		 Selected_Register=Data Register       		  Data_to_Write=0x0 		 Status=Pass
Time=1955079430.000 ns 		 SPI_clock_frequency=67823Hz 		 SPI_MODE=3 		 Operation=Read  		 Data_Size=16 bits 		 Slave_address=0x03 		 Selected_Register=Data Register       		  Data_to_Write=0x5555 		 Status=Pass
Time=1955441010.000 ns 		 SPI_clock_frequency=67823Hz 		 SPI_MODE=3 		 Operation=Read  		 Data_Size=16 bits 		 Slave_address=0x03 		 Selected_Register=Data Register       		  Data_to_Write=0xaaaa 		 Status=Pass
Time=1955802590.000 ns 		 SPI_clock_frequency=67823Hz 		 SPI_MODE=3 		 Operation=Read  		 Data_Size=16 bits 		 Slave_address=0x03 		 Selected_Register=Data Register       		  Data_to_Write=0x3478 		 Status=Pass
Time=1956164170.000 ns 		 SPI_clock_frequency=67823Hz 		 SPI_MODE=3 		 Operation=Read  		 Data_Size=16 bits 		 Slave_address=0x03 		 Selected_Register=Data Register       		  Data_to_Write=0xffff 		 Status=Pass
 ERROR: Invalid Slave Address (04)
 ERROR: Invalid Slave Address (04)
 ERROR: Invalid Slave Address (04)
 ERROR: Invalid Slave Address (04)
 ERROR: Invalid Slave Address (04)
 ERROR: Invalid Slave Address (04)
 ERROR: Invalid Slave Address (04)
 ERROR: Invalid Slave Address (04)
 ERROR: Invalid Slave Address (04)
 ERROR: Invalid Slave Address (04)
 ERROR: Invalid Slave Address (04)
 ERROR: Invalid Slave Address (04)
 ERROR: Invalid Slave Address (04)
 ERROR: Invalid Slave Address (04)
 ERROR: Invalid Slave Address (04)
 ERROR: Invalid Slave Address (04)
 ERROR: Invalid Slave Address (04)
 ERROR: Invalid Slave Address (04)
 ERROR: Invalid Slave Address (04)
 ERROR: Invalid Slave Address (04)
 ERROR: Invalid Slave Address (04)
 ERROR: Invalid Slave Address (04)
 ERROR: Invalid Slave Address (04)
 ERROR: Invalid Slave Address (04)
 ERROR: Invalid Slave Address (04)
 ERROR: Invalid Slave Address (04)
 ERROR: Invalid Slave Address (04)
 ERROR: Invalid Slave Address (04)
 ERROR: Invalid Slave Address (04)
 ERROR: Invalid Slave Address (04)
 ERROR: Invalid Slave Address (04)
 ERROR: Invalid Slave Address (04)
 ERROR: Invalid Slave Address (04)
 ERROR: Invalid Slave Address (04)
 ERROR: Invalid Slave Address (04)
 ERROR: Invalid Slave Address (04)
 ERROR: Invalid Slave Address (04)
 ERROR: Invalid Slave Address (04)
 ERROR: Invalid Slave Address (04)
 ERROR: Invalid Slave Address (04)
 ERROR: Invalid Slave Address (05)
 ERROR: Invalid Slave Address (05)
 ERROR: Invalid Slave Address (05)
 ERROR: Invalid Slave Address (05)
 ERROR: Invalid Slave Address (05)
 ERROR: Invalid Slave Address (05)
 ERROR: Invalid Slave Address (05)
 ERROR: Invalid Slave Address (05)
 ERROR: Invalid Slave Address (05)
 ERROR: Invalid Slave Address (05)
 ERROR: Invalid Slave Address (05)
 ERROR: Invalid Slave Address (05)
 ERROR: Invalid Slave Address (05)
 ERROR: Invalid Slave Address (05)
 ERROR: Invalid Slave Address (05)
 ERROR: Invalid Slave Address (05)
 ERROR: Invalid Slave Address (05)
 ERROR: Invalid Slave Address (05)
 ERROR: Invalid Slave Address (05)
 ERROR: Invalid Slave Address (05)
 ERROR: Invalid Slave Address (05)
 ERROR: Invalid Slave Address (05)
 ERROR: Invalid Slave Address (05)
 ERROR: Invalid Slave Address (05)
 ERROR: Invalid Slave Address (05)
 ERROR: Invalid Slave Address (05)
 ERROR: Invalid Slave Address (05)
 ERROR: Invalid Slave Address (05)
 ERROR: Invalid Slave Address (05)
 ERROR: Invalid Slave Address (05)
 ERROR: Invalid Slave Address (05)
 ERROR: Invalid Slave Address (05)
 ERROR: Invalid Slave Address (05)
 ERROR: Invalid Slave Address (05)
 ERROR: Invalid Slave Address (05)
 ERROR: Invalid Slave Address (05)
 ERROR: Invalid Slave Address (05)
 ERROR: Invalid Slave Address (05)
 ERROR: Invalid Slave Address (05)
 ERROR: Invalid Slave Address (05)
--------------------------------------------------------------------------------------------------------------
continuous transaction ++++ start=1 while transaction
--------------------------------------------------------------------------------------------------------------
 ERROR: Writing a read only register (Device ID)
 ERROR: Writing a read only register (Device ID)
 ERROR: Writing a read only register (Device ID)
 ERROR: Writing a read only register (Device ID)
 ERROR: Writing a read only register (Device ID)
 ERROR: Inalid SPI Clock frequency (0Hz)
 ERROR: Inalid SPI Clock frequency (0Hz)
 ERROR: Inalid SPI Clock frequency (0Hz)
 ERROR: Inalid SPI Clock frequency (0Hz)
 ERROR: Inalid SPI Clock frequency (0Hz)
 ERROR: Writing a read only register (Device ID)
 ERROR: Writing a read only register (Device ID)
 ERROR: Writing a read only register (Device ID)
 ERROR: Writing a read only register (Device ID)
 ERROR: Writing a read only register (Device ID)
 ERROR: Inalid SPI Clock frequency (0Hz)
 ERROR: Inalid SPI Clock frequency (0Hz)
 ERROR: Inalid SPI Clock frequency (0Hz)
 ERROR: Inalid SPI Clock frequency (0Hz)
 ERROR: Inalid SPI Clock frequency (0Hz)
 ERROR: Writing a read only register (Device ID)
 ERROR: Writing a read only register (Device ID)
 ERROR: Writing a read only register (Device ID)
 ERROR: Writing a read only register (Device ID)
 ERROR: Writing a read only register (Device ID)
 ERROR: Inalid SPI Clock frequency (0Hz)
 ERROR: Inalid SPI Clock frequency (0Hz)
 ERROR: Inalid SPI Clock frequency (0Hz)
 ERROR: Inalid SPI Clock frequency (0Hz)
 ERROR: Inalid SPI Clock frequency (0Hz)
 ERROR: Writing a read only register (Device ID)
 ERROR: Writing a read only register (Device ID)
 ERROR: Writing a read only register (Device ID)
 ERROR: Writing a read only register (Device ID)
 ERROR: Writing a read only register (Device ID)
 ERROR: Inalid SPI Clock frequency (0Hz)
 ERROR: Inalid SPI Clock frequency (0Hz)
 ERROR: Inalid SPI Clock frequency (0Hz)
 ERROR: Inalid SPI Clock frequency (0Hz)
 ERROR: Inalid SPI Clock frequency (0Hz)
 ERROR: Inalid SPI Clock frequency (0Hz)
 ERROR: Inalid SPI Clock frequency (0Hz)
 ERROR: Inalid SPI Clock frequency (0Hz)
 ERROR: Inalid SPI Clock frequency (0Hz)
 ERROR: Inalid SPI Clock frequency (0Hz)
 ERROR: Inalid SPI Clock frequency (0Hz)
 ERROR: Inalid SPI Clock frequency (0Hz)
 ERROR: Inalid SPI Clock frequency (0Hz)
 ERROR: Inalid SPI Clock frequency (0Hz)
 ERROR: Inalid SPI Clock frequency (0Hz)
 ERROR: Inalid SPI Clock frequency (0Hz)
 ERROR: Inalid SPI Clock frequency (0Hz)
 ERROR: Inalid SPI Clock frequency (0Hz)
 ERROR: Inalid SPI Clock frequency (0Hz)
 ERROR: Inalid SPI Clock frequency (0Hz)
 ERROR: Inalid SPI Clock frequency (0Hz)
 ERROR: Inalid SPI Clock frequency (0Hz)
 ERROR: Inalid SPI Clock frequency (0Hz)
 ERROR: Inalid SPI Clock frequency (0Hz)
 ERROR: Inalid SPI Clock frequency (0Hz)
 ERROR: Inalid SPI Clock frequency (0Hz)
 ERROR: Inalid SPI Clock frequency (0Hz)
 ERROR: Inalid SPI Clock frequency (0Hz)
 ERROR: Inalid SPI Clock frequency (0Hz)
 ERROR: Inalid SPI Clock frequency (0Hz)
 ERROR: Inalid SPI Clock frequency (0Hz)
 ERROR: Inalid SPI Clock frequency (0Hz)
 ERROR: Inalid SPI Clock frequency (0Hz)
 ERROR: Inalid SPI Clock frequency (0Hz)
 ERROR: Inalid SPI Clock frequency (0Hz)
 ERROR: Inalid SPI Clock frequency (0Hz)
 ERROR: Inalid SPI Clock frequency (0Hz)
 ERROR: Inalid SPI Clock frequency (0Hz)
 ERROR: Inalid SPI Clock frequency (0Hz)
 ERROR: Inalid SPI Clock frequency (0Hz)
 ERROR: Inalid SPI Clock frequency (0Hz)
 ERROR: Inalid SPI Clock frequency (0Hz)
 ERROR: Inalid SPI Clock frequency (0Hz)
 ERROR: Inalid SPI Clock frequency (0Hz)
 ERROR: Inalid SPI Clock frequency (0Hz)
 ERROR: Inalid SPI Clock frequency (0Hz)
 ERROR: Inalid SPI Clock frequency (0Hz)
 ERROR: Inalid SPI Clock frequency (0Hz)
 ERROR: Inalid SPI Clock frequency (0Hz)
 ERROR: Inalid SPI Clock frequency (0Hz)
 ERROR: Inalid SPI Clock frequency (0Hz)
 ERROR: Inalid SPI Clock frequency (0Hz)
 ERROR: Inalid SPI Clock frequency (0Hz)
 ERROR: Inalid SPI Clock frequency (0Hz)
 ERROR: Inalid SPI Clock frequency (0Hz)
 ERROR: Inalid SPI Clock frequency (0Hz)
 ERROR: Inalid SPI Clock frequency (0Hz)
 ERROR: Inalid SPI Clock frequency (0Hz)
 ERROR: Inalid SPI Clock frequency (0Hz)
 ERROR: Inalid SPI Clock frequency (0Hz)
 ERROR: Inalid SPI Clock frequency (0Hz)
 ERROR: Inalid SPI Clock frequency (0Hz)
 ERROR: Inalid SPI Clock frequency (0Hz)
 ERROR: Inalid SPI Clock frequency (0Hz)
 ERROR: Inalid SPI Clock frequency (0Hz)
 ERROR: Inalid SPI Clock frequency (0Hz)
 ERROR: Inalid SPI Clock frequency (0Hz)
 ERROR: Inalid SPI Clock frequency (0Hz)
 ERROR: Inalid SPI Clock frequency (0Hz)
 ERROR: Inalid SPI Clock frequency (0Hz)
 ERROR: Inalid SPI Clock frequency (0Hz)
 ERROR: Inalid SPI Clock frequency (0Hz)
 ERROR: Inalid SPI Clock frequency (0Hz)
 ERROR: Inalid SPI Clock frequency (0Hz)
 ERROR: Inalid SPI Clock frequency (0Hz)
 ERROR: Inalid SPI Clock frequency (0Hz)
 ERROR: Inalid SPI Clock frequency (0Hz)
 ERROR: Inalid SPI Clock frequency (0Hz)
 ERROR: Inalid SPI Clock frequency (0Hz)
 ERROR: Inalid SPI Clock frequency (0Hz)
 ERROR: Inalid SPI Clock frequency (0Hz)
 ERROR: Inalid SPI Clock frequency (0Hz)
 ERROR: Inalid SPI Clock frequency (0Hz)
 ERROR: Inalid SPI Clock frequency (0Hz)
 ERROR: Inalid SPI Clock frequency (0Hz)
 ERROR: Inalid SPI Clock frequency (0Hz)
 ERROR: Inalid SPI Clock frequency (0Hz)
 ERROR: Inalid SPI Clock frequency (0Hz)
 ERROR: Inalid SPI Clock frequency (0Hz)
 ERROR: Inalid SPI Clock frequency (0Hz)
 ERROR: Inalid SPI Clock frequency (0Hz)
 ERROR: Inalid SPI Clock frequency (0Hz)
 ERROR: Inalid SPI Clock frequency (0Hz)
 ERROR: Inalid SPI Clock frequency (0Hz)
 ERROR: Inalid SPI Clock frequency (0Hz)
 ERROR: Inalid SPI Clock frequency (0Hz)
 ERROR: Inalid SPI Clock frequency (0Hz)
 ERROR: Inalid SPI Clock frequency (0Hz)
 ERROR: Inalid SPI Clock frequency (0Hz)
 ERROR: Inalid SPI Clock frequency (0Hz)
 ERROR: Inalid SPI Clock frequency (0Hz)
 ERROR: Inalid SPI Clock frequency (0Hz)
 ERROR: Inalid SPI Clock frequency (0Hz)
 ERROR: Inalid SPI Clock frequency (0Hz)
 ERROR: Inalid SPI Clock frequency (0Hz)
 ERROR: Inalid SPI Clock frequency (0Hz)
 ERROR: Inalid SPI Clock frequency (0Hz)
 ERROR: Inalid SPI Clock frequency (0Hz)
 ERROR: Inalid SPI Clock frequency (0Hz)
 ERROR: Inalid SPI Clock frequency (0Hz)
 ERROR: Inalid SPI Clock frequency (0Hz)
 ERROR: Inalid SPI Clock frequency (0Hz)
 ERROR: Inalid SPI Clock frequency (0Hz)
 ERROR: Inalid SPI Clock frequency (0Hz)
 ERROR: Inalid SPI Clock frequency (0Hz)
 ERROR: Inalid SPI Clock frequency (0Hz)
 ERROR: Inalid SPI Clock frequency (0Hz)
 ERROR: Inalid SPI Clock frequency (0Hz)
 ERROR: Inalid SPI Clock frequency (0Hz)
 ERROR: Inalid SPI Clock frequency (0Hz)
 ERROR: Inalid SPI Clock frequency (0Hz)
 ERROR: Inalid SPI Clock frequency (0Hz)
 ERROR: Inalid SPI Clock frequency (0Hz)
 ERROR: Inalid SPI Clock frequency (0Hz)
 ERROR: Inalid SPI Clock frequency (0Hz)
 ERROR: Invalid Slave Address (04)
 ERROR: Invalid Slave Address (04)
 ERROR: Invalid Slave Address (04)
 ERROR: Invalid Slave Address (04)
 ERROR: Invalid Slave Address (04)
 ERROR: Invalid Slave Address (04)
 ERROR: Invalid Slave Address (04)
 ERROR: Invalid Slave Address (04)
 ERROR: Invalid Slave Address (04)
 ERROR: Invalid Slave Address (04)
 ERROR: Invalid Slave Address (04)
 ERROR: Invalid Slave Address (04)
 ERROR: Invalid Slave Address (04)
 ERROR: Invalid Slave Address (04)
 ERROR: Invalid Slave Address (04)
 ERROR: Invalid Slave Address (04)
 ERROR: Invalid Slave Address (04)
 ERROR: Invalid Slave Address (04)
 ERROR: Invalid Slave Address (04)
 ERROR: Invalid Slave Address (04)
 ERROR: Invalid Slave Address (04)
 ERROR: Invalid Slave Address (04)
 ERROR: Invalid Slave Address (04)
 ERROR: Invalid Slave Address (04)
 ERROR: Invalid Slave Address (04)
 ERROR: Invalid Slave Address (04)
 ERROR: Invalid Slave Address (04)
 ERROR: Invalid Slave Address (04)
 ERROR: Invalid Slave Address (04)
 ERROR: Invalid Slave Address (04)
 ERROR: Invalid Slave Address (04)
 ERROR: Invalid Slave Address (04)
 ERROR: Invalid Slave Address (04)
 ERROR: Invalid Slave Address (04)
 ERROR: Invalid Slave Address (04)
 ERROR: Invalid Slave Address (04)
 ERROR: Invalid Slave Address (04)
 ERROR: Invalid Slave Address (04)
 ERROR: Invalid Slave Address (04)
 ERROR: Invalid Slave Address (04)
 ERROR: Invalid Slave Address (05)
 ERROR: Invalid Slave Address (05)
 ERROR: Invalid Slave Address (05)
 ERROR: Invalid Slave Address (05)
 ERROR: Invalid Slave Address (05)
 ERROR: Invalid Slave Address (05)
 ERROR: Invalid Slave Address (05)
 ERROR: Invalid Slave Address (05)
 ERROR: Invalid Slave Address (05)
 ERROR: Invalid Slave Address (05)
 ERROR: Invalid Slave Address (05)
 ERROR: Invalid Slave Address (05)
 ERROR: Invalid Slave Address (05)
 ERROR: Invalid Slave Address (05)
 ERROR: Invalid Slave Address (05)
 ERROR: Invalid Slave Address (05)
 ERROR: Invalid Slave Address (05)
 ERROR: Invalid Slave Address (05)
 ERROR: Invalid Slave Address (05)
 ERROR: Invalid Slave Address (05)
 ERROR: Invalid Slave Address (05)
 ERROR: Invalid Slave Address (05)
 ERROR: Invalid Slave Address (05)
 ERROR: Invalid Slave Address (05)
 ERROR: Invalid Slave Address (05)
 ERROR: Invalid Slave Address (05)
 ERROR: Invalid Slave Address (05)
 ERROR: Invalid Slave Address (05)
 ERROR: Invalid Slave Address (05)
 ERROR: Invalid Slave Address (05)
 ERROR: Invalid Slave Address (05)
 ERROR: Invalid Slave Address (05)
 ERROR: Invalid Slave Address (05)
 ERROR: Invalid Slave Address (05)
 ERROR: Invalid Slave Address (05)
 ERROR: Invalid Slave Address (05)
 ERROR: Invalid Slave Address (05)
 ERROR: Invalid Slave Address (05)
 ERROR: Invalid Slave Address (05)
 ERROR: Invalid Slave Address (05)
 ERROR: Writing a read only register (Device ID)
 ERROR: Writing a read only register (Device ID)
 ERROR: Writing a read only register (Device ID)
 ERROR: Writing a read only register (Device ID)
 ERROR: Writing a read only register (Device ID)
 ERROR: Inalid SPI Clock frequency (0Hz)
 ERROR: Inalid SPI Clock frequency (0Hz)
 ERROR: Inalid SPI Clock frequency (0Hz)
 ERROR: Inalid SPI Clock frequency (0Hz)
 ERROR: Inalid SPI Clock frequency (0Hz)
 ERROR: Writing a read only register (Device ID)
 ERROR: Writing a read only register (Device ID)
 ERROR: Writing a read only register (Device ID)
 ERROR: Writing a read only register (Device ID)
 ERROR: Writing a read only register (Device ID)
 ERROR: Inalid SPI Clock frequency (0Hz)
 ERROR: Inalid SPI Clock frequency (0Hz)
 ERROR: Inalid SPI Clock frequency (0Hz)
 ERROR: Inalid SPI Clock frequency (0Hz)
 ERROR: Inalid SPI Clock frequency (0Hz)
 ERROR: Writing a read only register (Device ID)
 ERROR: Writing a read only register (Device ID)
 ERROR: Writing a read only register (Device ID)
 ERROR: Writing a read only register (Device ID)
 ERROR: Writing a read only register (Device ID)
 ERROR: Inalid SPI Clock frequency (0Hz)
 ERROR: Inalid SPI Clock frequency (0Hz)
 ERROR: Inalid SPI Clock frequency (0Hz)
 ERROR: Inalid SPI Clock frequency (0Hz)
 ERROR: Inalid SPI Clock frequency (0Hz)
 ERROR: Writing a read only register (Device ID)
 ERROR: Writing a read only register (Device ID)
 ERROR: Writing a read only register (Device ID)
 ERROR: Writing a read only register (Device ID)
 ERROR: Writing a read only register (Device ID)
 ERROR: Inalid SPI Clock frequency (0Hz)
 ERROR: Inalid SPI Clock frequency (0Hz)
 ERROR: Inalid SPI Clock frequency (0Hz)
 ERROR: Inalid SPI Clock frequency (0Hz)
 ERROR: Inalid SPI Clock frequency (0Hz)
 ERROR: Inalid SPI Clock frequency (0Hz)
 ERROR: Inalid SPI Clock frequency (0Hz)
 ERROR: Inalid SPI Clock frequency (0Hz)
 ERROR: Inalid SPI Clock frequency (0Hz)
 ERROR: Inalid SPI Clock frequency (0Hz)
 ERROR: Inalid SPI Clock frequency (0Hz)
 ERROR: Inalid SPI Clock frequency (0Hz)
 ERROR: Inalid SPI Clock frequency (0Hz)
 ERROR: Inalid SPI Clock frequency (0Hz)
 ERROR: Inalid SPI Clock frequency (0Hz)
 ERROR: Inalid SPI Clock frequency (0Hz)
 ERROR: Inalid SPI Clock frequency (0Hz)
 ERROR: Inalid SPI Clock frequency (0Hz)
 ERROR: Inalid SPI Clock frequency (0Hz)
 ERROR: Inalid SPI Clock frequency (0Hz)
 ERROR: Inalid SPI Clock frequency (0Hz)
 ERROR: Inalid SPI Clock frequency (0Hz)
 ERROR: Inalid SPI Clock frequency (0Hz)
 ERROR: Inalid SPI Clock frequency (0Hz)
 ERROR: Inalid SPI Clock frequency (0Hz)
 ERROR: Inalid SPI Clock frequency (0Hz)
 ERROR: Inalid SPI Clock frequency (0Hz)
 ERROR: Inalid SPI Clock frequency (0Hz)
 ERROR: Inalid SPI Clock frequency (0Hz)
 ERROR: Inalid SPI Clock frequency (0Hz)
 ERROR: Inalid SPI Clock frequency (0Hz)
 ERROR: Inalid SPI Clock frequency (0Hz)
 ERROR: Inalid SPI Clock frequency (0Hz)
 ERROR: Inalid SPI Clock frequency (0Hz)
 ERROR: Inalid SPI Clock frequency (0Hz)
 ERROR: Inalid SPI Clock frequency (0Hz)
 ERROR: Inalid SPI Clock frequency (0Hz)
 ERROR: Inalid SPI Clock frequency (0Hz)
 ERROR: Inalid SPI Clock frequency (0Hz)
 ERROR: Inalid SPI Clock frequency (0Hz)
 ERROR: Inalid SPI Clock frequency (0Hz)
 ERROR: Inalid SPI Clock frequency (0Hz)
 ERROR: Inalid SPI Clock frequency (0Hz)
 ERROR: Inalid SPI Clock frequency (0Hz)
 ERROR: Inalid SPI Clock frequency (0Hz)
 ERROR: Inalid SPI Clock frequency (0Hz)
 ERROR: Inalid SPI Clock frequency (0Hz)
 ERROR: Inalid SPI Clock frequency (0Hz)
 ERROR: Inalid SPI Clock frequency (0Hz)
 ERROR: Inalid SPI Clock frequency (0Hz)
 ERROR: Inalid SPI Clock frequency (0Hz)
 ERROR: Inalid SPI Clock frequency (0Hz)
 ERROR: Inalid SPI Clock frequency (0Hz)
 ERROR: Inalid SPI Clock frequency (0Hz)
 ERROR: Inalid SPI Clock frequency (0Hz)
 ERROR: Inalid SPI Clock frequency (0Hz)
 ERROR: Inalid SPI Clock frequency (0Hz)
 ERROR: Inalid SPI Clock frequency (0Hz)
 ERROR: Inalid SPI Clock frequency (0Hz)
 ERROR: Inalid SPI Clock frequency (0Hz)
 ERROR: Inalid SPI Clock frequency (0Hz)
 ERROR: Inalid SPI Clock frequency (0Hz)
 ERROR: Inalid SPI Clock frequency (0Hz)
 ERROR: Inalid SPI Clock frequency (0Hz)
 ERROR: Inalid SPI Clock frequency (0Hz)
 ERROR: Inalid SPI Clock frequency (0Hz)
 ERROR: Inalid SPI Clock frequency (0Hz)
 ERROR: Inalid SPI Clock frequency (0Hz)
 ERROR: Inalid SPI Clock frequency (0Hz)
 ERROR: Inalid SPI Clock frequency (0Hz)
 ERROR: Inalid SPI Clock frequency (0Hz)
 ERROR: Inalid SPI Clock frequency (0Hz)
 ERROR: Inalid SPI Clock frequency (0Hz)
 ERROR: Inalid SPI Clock frequency (0Hz)
 ERROR: Inalid SPI Clock frequency (0Hz)
 ERROR: Inalid SPI Clock frequency (0Hz)
 ERROR: Inalid SPI Clock frequency (0Hz)
 ERROR: Inalid SPI Clock frequency (0Hz)
 ERROR: Inalid SPI Clock frequency (0Hz)
 ERROR: Inalid SPI Clock frequency (0Hz)
 ERROR: Inalid SPI Clock frequency (0Hz)
 ERROR: Inalid SPI Clock frequency (0Hz)
 ERROR: Inalid SPI Clock frequency (0Hz)
 ERROR: Inalid SPI Clock frequency (0Hz)
 ERROR: Inalid SPI Clock frequency (0Hz)
 ERROR: Inalid SPI Clock frequency (0Hz)
 ERROR: Inalid SPI Clock frequency (0Hz)
 ERROR: Inalid SPI Clock frequency (0Hz)
 ERROR: Inalid SPI Clock frequency (0Hz)
 ERROR: Inalid SPI Clock frequency (0Hz)
 ERROR: Inalid SPI Clock frequency (0Hz)
 ERROR: Inalid SPI Clock frequency (0Hz)
 ERROR: Inalid SPI Clock frequency (0Hz)
 ERROR: Inalid SPI Clock frequency (0Hz)
 ERROR: Inalid SPI Clock frequency (0Hz)
 ERROR: Inalid SPI Clock frequency (0Hz)
 ERROR: Inalid SPI Clock frequency (0Hz)
 ERROR: Inalid SPI Clock frequency (0Hz)
 ERROR: Inalid SPI Clock frequency (0Hz)
 ERROR: Inalid SPI Clock frequency (0Hz)
 ERROR: Inalid SPI Clock frequency (0Hz)
 ERROR: Inalid SPI Clock frequency (0Hz)
 ERROR: Inalid SPI Clock frequency (0Hz)
 ERROR: Inalid SPI Clock frequency (0Hz)
 ERROR: Inalid SPI Clock frequency (0Hz)
 ERROR: Inalid SPI Clock frequency (0Hz)
 ERROR: Inalid SPI Clock frequency (0Hz)
 ERROR: Inalid SPI Clock frequency (0Hz)
 ERROR: Inalid SPI Clock frequency (0Hz)
 ERROR: Inalid SPI Clock frequency (0Hz)
 ERROR: Inalid SPI Clock frequency (0Hz)
 ERROR: Inalid SPI Clock frequency (0Hz)
 ERROR: Inalid SPI Clock frequency (0Hz)
 ERROR: Inalid SPI Clock frequency (0Hz)
 ERROR: Inalid SPI Clock frequency (0Hz)
 ERROR: Inalid SPI Clock frequency (0Hz)
 ERROR: Inalid SPI Clock frequency (0Hz)
 ERROR: Inalid SPI Clock frequency (0Hz)
 ERROR: Inalid SPI Clock frequency (0Hz)
 ERROR: Inalid SPI Clock frequency (0Hz)
 ERROR: Inalid SPI Clock frequency (0Hz)
 ERROR: Inalid SPI Clock frequency (0Hz)
 ERROR: Inalid SPI Clock frequency (0Hz)
 ERROR: Inalid SPI Clock frequency (0Hz)
 ERROR: Inalid SPI Clock frequency (0Hz)
 ERROR: Invalid Slave Address (04)
 ERROR: Invalid Slave Address (04)
 ERROR: Invalid Slave Address (04)
 ERROR: Invalid Slave Address (04)
 ERROR: Invalid Slave Address (04)
 ERROR: Invalid Slave Address (04)
 ERROR: Invalid Slave Address (04)
 ERROR: Invalid Slave Address (04)
 ERROR: Invalid Slave Address (04)
 ERROR: Invalid Slave Address (04)
 ERROR: Invalid Slave Address (04)
 ERROR: Invalid Slave Address (04)
 ERROR: Invalid Slave Address (04)
 ERROR: Invalid Slave Address (04)
 ERROR: Invalid Slave Address (04)
 ERROR: Invalid Slave Address (04)
 ERROR: Invalid Slave Address (04)
 ERROR: Invalid Slave Address (04)
 ERROR: Invalid Slave Address (04)
 ERROR: Invalid Slave Address (04)
 ERROR: Invalid Slave Address (04)
 ERROR: Invalid Slave Address (04)
 ERROR: Invalid Slave Address (04)
 ERROR: Invalid Slave Address (04)
 ERROR: Invalid Slave Address (04)
 ERROR: Invalid Slave Address (04)
 ERROR: Invalid Slave Address (04)
 ERROR: Invalid Slave Address (04)
 ERROR: Invalid Slave Address (04)
 ERROR: Invalid Slave Address (04)
 ERROR: Invalid Slave Address (04)
 ERROR: Invalid Slave Address (04)
 ERROR: Invalid Slave Address (04)
 ERROR: Invalid Slave Address (04)
 ERROR: Invalid Slave Address (04)
 ERROR: Invalid Slave Address (04)
 ERROR: Invalid Slave Address (04)
 ERROR: Invalid Slave Address (04)
 ERROR: Invalid Slave Address (04)
 ERROR: Invalid Slave Address (04)
 ERROR: Invalid Slave Address (05)
 ERROR: Invalid Slave Address (05)
 ERROR: Invalid Slave Address (05)
 ERROR: Invalid Slave Address (05)
 ERROR: Invalid Slave Address (05)
 ERROR: Invalid Slave Address (05)
 ERROR: Invalid Slave Address (05)
 ERROR: Invalid Slave Address (05)
 ERROR: Invalid Slave Address (05)
 ERROR: Invalid Slave Address (05)
 ERROR: Invalid Slave Address (05)
 ERROR: Invalid Slave Address (05)
 ERROR: Invalid Slave Address (05)
 ERROR: Invalid Slave Address (05)
 ERROR: Invalid Slave Address (05)
 ERROR: Invalid Slave Address (05)
 ERROR: Invalid Slave Address (05)
 ERROR: Invalid Slave Address (05)
 ERROR: Invalid Slave Address (05)
 ERROR: Invalid Slave Address (05)
 ERROR: Invalid Slave Address (05)
 ERROR: Invalid Slave Address (05)
 ERROR: Invalid Slave Address (05)
 ERROR: Invalid Slave Address (05)
 ERROR: Invalid Slave Address (05)
 ERROR: Invalid Slave Address (05)
 ERROR: Invalid Slave Address (05)
 ERROR: Invalid Slave Address (05)
 ERROR: Invalid Slave Address (05)
 ERROR: Invalid Slave Address (05)
 ERROR: Invalid Slave Address (05)
 ERROR: Invalid Slave Address (05)
 ERROR: Invalid Slave Address (05)
 ERROR: Invalid Slave Address (05)
 ERROR: Invalid Slave Address (05)
 ERROR: Invalid Slave Address (05)
 ERROR: Invalid Slave Address (05)
 ERROR: Invalid Slave Address (05)
 ERROR: Invalid Slave Address (05)
 ERROR: Invalid Slave Address (05)
 ERROR: Writing a read only register (Device ID)
 ERROR: Writing a read only register (Device ID)
 ERROR: Writing a read only register (Device ID)
 ERROR: Writing a read only register (Device ID)
 ERROR: Writing a read only register (Device ID)
Time=1961365470.000 ns 		 SPI_clock_frequency=3000Hz 		 SPI_MODE=0 		 Operation=Read  		 Data_Size=8 bits 		 Slave_address=0x00 		 Selected_Register=Device ID          		  Data_to_Write=0x0 		 Status=Pass
Time=1966532870.000 ns 		 SPI_clock_frequency=3000Hz 		 SPI_MODE=0 		 Operation=Read  		 Data_Size=8 bits 		 Slave_address=0x00 		 Selected_Register=Device ID          		  Data_to_Write=0x55 		 Status=Pass
Time=1971700270.000 ns 		 SPI_clock_frequency=3000Hz 		 SPI_MODE=0 		 Operation=Read  		 Data_Size=8 bits 		 Slave_address=0x00 		 Selected_Register=Device ID          		  Data_to_Write=0xaa 		 Status=Pass
Time=1976867670.000 ns 		 SPI_clock_frequency=3000Hz 		 SPI_MODE=0 		 Operation=Read  		 Data_Size=8 bits 		 Slave_address=0x00 		 Selected_Register=Device ID          		  Data_to_Write=0xbe 		 Status=Pass
Time=1982035070.000 ns 		 SPI_clock_frequency=3000Hz 		 SPI_MODE=0 		 Operation=Read  		 Data_Size=8 bits 		 Slave_address=0x00 		 Selected_Register=Device ID          		  Data_to_Write=0xff 		 Status=Pass
 ERROR: Writing a read only register (Device ID)
 ERROR: Writing a read only register (Device ID)
 ERROR: Writing a read only register (Device ID)
 ERROR: Writing a read only register (Device ID)
 ERROR: Writing a read only register (Device ID)
Time=1987202770.000 ns 		 SPI_clock_frequency=3000Hz 		 SPI_MODE=1 		 Operation=Read  		 Data_Size=8 bits 		 Slave_address=0x00 		 Selected_Register=Device ID          		  Data_to_Write=0x0 		 Status=Pass
Time=1992370170.000 ns 		 SPI_clock_frequency=3000Hz 		 SPI_MODE=1 		 Operation=Read  		 Data_Size=8 bits 		 Slave_address=0x00 		 Selected_Register=Device ID          		  Data_to_Write=0x55 		 Status=Pass
Time=1997537570.000 ns 		 SPI_clock_frequency=3000Hz 		 SPI_MODE=1 		 Operation=Read  		 Data_Size=8 bits 		 Slave_address=0x00 		 Selected_Register=Device ID          		  Data_to_Write=0xaa 		 Status=Pass
Time=2002704970.000 ns 		 SPI_clock_frequency=3000Hz 		 SPI_MODE=1 		 Operation=Read  		 Data_Size=8 bits 		 Slave_address=0x00 		 Selected_Register=Device ID          		  Data_to_Write=0xbe 		 Status=Pass
Time=2007872370.000 ns 		 SPI_clock_frequency=3000Hz 		 SPI_MODE=1 		 Operation=Read  		 Data_Size=8 bits 		 Slave_address=0x00 		 Selected_Register=Device ID          		  Data_to_Write=0xff 		 Status=Pass
 ERROR: Writing a read only register (Device ID)
 ERROR: Writing a read only register (Device ID)
 ERROR: Writing a read only register (Device ID)
 ERROR: Writing a read only register (Device ID)
 ERROR: Writing a read only register (Device ID)
Time=2013373390.000 ns 		 SPI_clock_frequency=3000Hz 		 SPI_MODE=2 		 Operation=Read  		 Data_Size=8 bits 		 Slave_address=0x00 		 Selected_Register=Device ID          		  Data_to_Write=0x0 		 Status=Pass
Time=2018874110.000 ns 		 SPI_clock_frequency=3000Hz 		 SPI_MODE=2 		 Operation=Read  		 Data_Size=8 bits 		 Slave_address=0x00 		 Selected_Register=Device ID          		  Data_to_Write=0x55 		 Status=Pass
Time=2024374830.000 ns 		 SPI_clock_frequency=3000Hz 		 SPI_MODE=2 		 Operation=Read  		 Data_Size=8 bits 		 Slave_address=0x00 		 Selected_Register=Device ID          		  Data_to_Write=0xaa 		 Status=Pass
Time=2029875550.000 ns 		 SPI_clock_frequency=3000Hz 		 SPI_MODE=2 		 Operation=Read  		 Data_Size=8 bits 		 Slave_address=0x00 		 Selected_Register=Device ID          		  Data_to_Write=0xbe 		 Status=Pass
Time=2035376270.000 ns 		 SPI_clock_frequency=3000Hz 		 SPI_MODE=2 		 Operation=Read  		 Data_Size=8 bits 		 Slave_address=0x00 		 Selected_Register=Device ID          		  Data_to_Write=0xff 		 Status=Pass
 ERROR: Writing a read only register (Device ID)
 ERROR: Writing a read only register (Device ID)
 ERROR: Writing a read only register (Device ID)
 ERROR: Writing a read only register (Device ID)
 ERROR: Writing a read only register (Device ID)
Time=2040877290.000 ns 		 SPI_clock_frequency=3000Hz 		 SPI_MODE=3 		 Operation=Read  		 Data_Size=8 bits 		 Slave_address=0x00 		 Selected_Register=Device ID          		  Data_to_Write=0x0 		 Status=Pass
Time=2046378010.000 ns 		 SPI_clock_frequency=3000Hz 		 SPI_MODE=3 		 Operation=Read  		 Data_Size=8 bits 		 Slave_address=0x00 		 Selected_Register=Device ID          		  Data_to_Write=0x55 		 Status=Pass
Time=2051878730.000 ns 		 SPI_clock_frequency=3000Hz 		 SPI_MODE=3 		 Operation=Read  		 Data_Size=8 bits 		 Slave_address=0x00 		 Selected_Register=Device ID          		  Data_to_Write=0xaa 		 Status=Pass
Time=2057379450.000 ns 		 SPI_clock_frequency=3000Hz 		 SPI_MODE=3 		 Operation=Read  		 Data_Size=8 bits 		 Slave_address=0x00 		 Selected_Register=Device ID          		  Data_to_Write=0xbe 		 Status=Pass
Time=2062880170.000 ns 		 SPI_clock_frequency=3000Hz 		 SPI_MODE=3 		 Operation=Read  		 Data_Size=8 bits 		 Slave_address=0x00 		 Selected_Register=Device ID          		  Data_to_Write=0xff 		 Status=Pass
Time=2068047570.000 ns 		 SPI_clock_frequency=3000Hz 		 SPI_MODE=0 		 Operation=Write 		 Data_Size=8 bits 		 Slave_address=0x01 		 Selected_Register=Control Register 		  Data_to_Write=0x0 		 Status=Pass
Time=2073214970.000 ns 		 SPI_clock_frequency=3000Hz 		 SPI_MODE=0 		 Operation=Write 		 Data_Size=8 bits 		 Slave_address=0x01 		 Selected_Register=Control Register 		  Data_to_Write=0x55 		 Status=Pass
Time=2078382370.000 ns 		 SPI_clock_frequency=3000Hz 		 SPI_MODE=0 		 Operation=Write 		 Data_Size=8 bits 		 Slave_address=0x01 		 Selected_Register=Control Register 		  Data_to_Write=0xaa 		 Status=Pass
Time=2083549770.000 ns 		 SPI_clock_frequency=3000Hz 		 SPI_MODE=0 		 Operation=Write 		 Data_Size=8 bits 		 Slave_address=0x01 		 Selected_Register=Control Register 		  Data_to_Write=0xbe 		 Status=Pass
Time=2088717170.000 ns 		 SPI_clock_frequency=3000Hz 		 SPI_MODE=0 		 Operation=Write 		 Data_Size=8 bits 		 Slave_address=0x01 		 Selected_Register=Control Register 		  Data_to_Write=0xff 		 Status=Pass
Time=2093884570.000 ns 		 SPI_clock_frequency=3000Hz 		 SPI_MODE=0 		 Operation=Read  		 Data_Size=8 bits 		 Slave_address=0x01 		 Selected_Register=Control Register 		  Data_to_Write=0x0 		 Status=Pass
Time=2099051970.000 ns 		 SPI_clock_frequency=3000Hz 		 SPI_MODE=0 		 Operation=Read  		 Data_Size=8 bits 		 Slave_address=0x01 		 Selected_Register=Control Register 		  Data_to_Write=0x55 		 Status=Pass
Time=2104219370.000 ns 		 SPI_clock_frequency=3000Hz 		 SPI_MODE=0 		 Operation=Read  		 Data_Size=8 bits 		 Slave_address=0x01 		 Selected_Register=Control Register 		  Data_to_Write=0xaa 		 Status=Pass
Time=2109386770.000 ns 		 SPI_clock_frequency=3000Hz 		 SPI_MODE=0 		 Operation=Read  		 Data_Size=8 bits 		 Slave_address=0x01 		 Selected_Register=Control Register 		  Data_to_Write=0xbe 		 Status=Pass
Time=2114554170.000 ns 		 SPI_clock_frequency=3000Hz 		 SPI_MODE=0 		 Operation=Read  		 Data_Size=8 bits 		 Slave_address=0x01 		 Selected_Register=Control Register 		  Data_to_Write=0xff 		 Status=Pass
Time=2119721570.000 ns 		 SPI_clock_frequency=3000Hz 		 SPI_MODE=1 		 Operation=Write 		 Data_Size=8 bits 		 Slave_address=0x01 		 Selected_Register=Control Register 		  Data_to_Write=0x0 		 Status=Pass
Time=2124888970.000 ns 		 SPI_clock_frequency=3000Hz 		 SPI_MODE=1 		 Operation=Write 		 Data_Size=8 bits 		 Slave_address=0x01 		 Selected_Register=Control Register 		  Data_to_Write=0x55 		 Status=Pass
Time=2130056370.000 ns 		 SPI_clock_frequency=3000Hz 		 SPI_MODE=1 		 Operation=Write 		 Data_Size=8 bits 		 Slave_address=0x01 		 Selected_Register=Control Register 		  Data_to_Write=0xaa 		 Status=Pass
Time=2135223770.000 ns 		 SPI_clock_frequency=3000Hz 		 SPI_MODE=1 		 Operation=Write 		 Data_Size=8 bits 		 Slave_address=0x01 		 Selected_Register=Control Register 		  Data_to_Write=0xbe 		 Status=Pass
Time=2140391170.000 ns 		 SPI_clock_frequency=3000Hz 		 SPI_MODE=1 		 Operation=Write 		 Data_Size=8 bits 		 Slave_address=0x01 		 Selected_Register=Control Register 		  Data_to_Write=0xff 		 Status=Pass
Time=2145558570.000 ns 		 SPI_clock_frequency=3000Hz 		 SPI_MODE=1 		 Operation=Read  		 Data_Size=8 bits 		 Slave_address=0x01 		 Selected_Register=Control Register 		  Data_to_Write=0x0 		 Status=Pass
Time=2150725970.000 ns 		 SPI_clock_frequency=3000Hz 		 SPI_MODE=1 		 Operation=Read  		 Data_Size=8 bits 		 Slave_address=0x01 		 Selected_Register=Control Register 		  Data_to_Write=0x55 		 Status=Pass
Time=2155893370.000 ns 		 SPI_clock_frequency=3000Hz 		 SPI_MODE=1 		 Operation=Read  		 Data_Size=8 bits 		 Slave_address=0x01 		 Selected_Register=Control Register 		  Data_to_Write=0xaa 		 Status=Pass
Time=2161060770.000 ns 		 SPI_clock_frequency=3000Hz 		 SPI_MODE=1 		 Operation=Read  		 Data_Size=8 bits 		 Slave_address=0x01 		 Selected_Register=Control Register 		  Data_to_Write=0xbe 		 Status=Pass
Time=2166228170.000 ns 		 SPI_clock_frequency=3000Hz 		 SPI_MODE=1 		 Operation=Read  		 Data_Size=8 bits 		 Slave_address=0x01 		 Selected_Register=Control Register 		  Data_to_Write=0xff 		 Status=Pass
Time=2171728890.000 ns 		 SPI_clock_frequency=3000Hz 		 SPI_MODE=2 		 Operation=Write 		 Data_Size=8 bits 		 Slave_address=0x01 		 Selected_Register=Control Register 		  Data_to_Write=0x0 		 Status=Pass
Time=2177229610.000 ns 		 SPI_clock_frequency=3000Hz 		 SPI_MODE=2 		 Operation=Write 		 Data_Size=8 bits 		 Slave_address=0x01 		 Selected_Register=Control Register 		  Data_to_Write=0x55 		 Status=Pass
Time=2182730330.000 ns 		 SPI_clock_frequency=3000Hz 		 SPI_MODE=2 		 Operation=Write 		 Data_Size=8 bits 		 Slave_address=0x01 		 Selected_Register=Control Register 		  Data_to_Write=0xaa 		 Status=Pass
Time=2188231050.000 ns 		 SPI_clock_frequency=3000Hz 		 SPI_MODE=2 		 Operation=Write 		 Data_Size=8 bits 		 Slave_address=0x01 		 Selected_Register=Control Register 		  Data_to_Write=0xbe 		 Status=Pass
Time=2193731770.000 ns 		 SPI_clock_frequency=3000Hz 		 SPI_MODE=2 		 Operation=Write 		 Data_Size=8 bits 		 Slave_address=0x01 		 Selected_Register=Control Register 		  Data_to_Write=0xff 		 Status=Pass
Time=2199232490.000 ns 		 SPI_clock_frequency=3000Hz 		 SPI_MODE=2 		 Operation=Read  		 Data_Size=8 bits 		 Slave_address=0x01 		 Selected_Register=Control Register 		  Data_to_Write=0x0 		 Status=Pass
Time=2204733210.000 ns 		 SPI_clock_frequency=3000Hz 		 SPI_MODE=2 		 Operation=Read  		 Data_Size=8 bits 		 Slave_address=0x01 		 Selected_Register=Control Register 		  Data_to_Write=0x55 		 Status=Pass
Time=2210233930.000 ns 		 SPI_clock_frequency=3000Hz 		 SPI_MODE=2 		 Operation=Read  		 Data_Size=8 bits 		 Slave_address=0x01 		 Selected_Register=Control Register 		  Data_to_Write=0xaa 		 Status=Pass
Time=2215734650.000 ns 		 SPI_clock_frequency=3000Hz 		 SPI_MODE=2 		 Operation=Read  		 Data_Size=8 bits 		 Slave_address=0x01 		 Selected_Register=Control Register 		  Data_to_Write=0xbe 		 Status=Pass
Time=2221235370.000 ns 		 SPI_clock_frequency=3000Hz 		 SPI_MODE=2 		 Operation=Read  		 Data_Size=8 bits 		 Slave_address=0x01 		 Selected_Register=Control Register 		  Data_to_Write=0xff 		 Status=Pass
Time=2226736090.000 ns 		 SPI_clock_frequency=3000Hz 		 SPI_MODE=3 		 Operation=Write 		 Data_Size=8 bits 		 Slave_address=0x01 		 Selected_Register=Control Register 		  Data_to_Write=0x0 		 Status=Pass
Time=2232236810.000 ns 		 SPI_clock_frequency=3000Hz 		 SPI_MODE=3 		 Operation=Write 		 Data_Size=8 bits 		 Slave_address=0x01 		 Selected_Register=Control Register 		  Data_to_Write=0x55 		 Status=Pass
Time=2237737530.000 ns 		 SPI_clock_frequency=3000Hz 		 SPI_MODE=3 		 Operation=Write 		 Data_Size=8 bits 		 Slave_address=0x01 		 Selected_Register=Control Register 		  Data_to_Write=0xaa 		 Status=Pass
Time=2243238250.000 ns 		 SPI_clock_frequency=3000Hz 		 SPI_MODE=3 		 Operation=Write 		 Data_Size=8 bits 		 Slave_address=0x01 		 Selected_Register=Control Register 		  Data_to_Write=0xbe 		 Status=Pass
Time=2248738970.000 ns 		 SPI_clock_frequency=3000Hz 		 SPI_MODE=3 		 Operation=Write 		 Data_Size=8 bits 		 Slave_address=0x01 		 Selected_Register=Control Register 		  Data_to_Write=0xff 		 Status=Pass
Time=2254239690.000 ns 		 SPI_clock_frequency=3000Hz 		 SPI_MODE=3 		 Operation=Read  		 Data_Size=8 bits 		 Slave_address=0x01 		 Selected_Register=Control Register 		  Data_to_Write=0x0 		 Status=Pass
Time=2259740410.000 ns 		 SPI_clock_frequency=3000Hz 		 SPI_MODE=3 		 Operation=Read  		 Data_Size=8 bits 		 Slave_address=0x01 		 Selected_Register=Control Register 		  Data_to_Write=0x55 		 Status=Pass
Time=2265241130.000 ns 		 SPI_clock_frequency=3000Hz 		 SPI_MODE=3 		 Operation=Read  		 Data_Size=8 bits 		 Slave_address=0x01 		 Selected_Register=Control Register 		  Data_to_Write=0xaa 		 Status=Pass
Time=2270741850.000 ns 		 SPI_clock_frequency=3000Hz 		 SPI_MODE=3 		 Operation=Read  		 Data_Size=8 bits 		 Slave_address=0x01 		 Selected_Register=Control Register 		  Data_to_Write=0xbe 		 Status=Pass
Time=2276242570.000 ns 		 SPI_clock_frequency=3000Hz 		 SPI_MODE=3 		 Operation=Read  		 Data_Size=8 bits 		 Slave_address=0x01 		 Selected_Register=Control Register 		  Data_to_Write=0xff 		 Status=Pass
Time=2281409970.000 ns 		 SPI_clock_frequency=3000Hz 		 SPI_MODE=0 		 Operation=Write 		 Data_Size=8 bits 		 Slave_address=0x02 		 Selected_Register=Status Register    		  Data_to_Write=0x0 		 Status=Pass
Time=2286577370.000 ns 		 SPI_clock_frequency=3000Hz 		 SPI_MODE=0 		 Operation=Write 		 Data_Size=8 bits 		 Slave_address=0x02 		 Selected_Register=Status Register    		  Data_to_Write=0x55 		 Status=Pass
Time=2291744770.000 ns 		 SPI_clock_frequency=3000Hz 		 SPI_MODE=0 		 Operation=Write 		 Data_Size=8 bits 		 Slave_address=0x02 		 Selected_Register=Status Register    		  Data_to_Write=0xaa 		 Status=Pass
Time=2296912170.000 ns 		 SPI_clock_frequency=3000Hz 		 SPI_MODE=0 		 Operation=Write 		 Data_Size=8 bits 		 Slave_address=0x02 		 Selected_Register=Status Register    		  Data_to_Write=0xbe 		 Status=Pass
Time=2302079570.000 ns 		 SPI_clock_frequency=3000Hz 		 SPI_MODE=0 		 Operation=Write 		 Data_Size=8 bits 		 Slave_address=0x02 		 Selected_Register=Status Register    		  Data_to_Write=0xff 		 Status=Pass
Time=2307246970.000 ns 		 SPI_clock_frequency=3000Hz 		 SPI_MODE=0 		 Operation=Read  		 Data_Size=8 bits 		 Slave_address=0x02 		 Selected_Register=Status Register     		  Data_to_Write=0x0 		 Status=Pass
Time=2312414370.000 ns 		 SPI_clock_frequency=3000Hz 		 SPI_MODE=0 		 Operation=Read  		 Data_Size=8 bits 		 Slave_address=0x02 		 Selected_Register=Status Register     		  Data_to_Write=0x55 		 Status=Pass
Time=2317581770.000 ns 		 SPI_clock_frequency=3000Hz 		 SPI_MODE=0 		 Operation=Read  		 Data_Size=8 bits 		 Slave_address=0x02 		 Selected_Register=Status Register     		  Data_to_Write=0xaa 		 Status=Pass
Time=2322749170.000 ns 		 SPI_clock_frequency=3000Hz 		 SPI_MODE=0 		 Operation=Read  		 Data_Size=8 bits 		 Slave_address=0x02 		 Selected_Register=Status Register     		  Data_to_Write=0xbe 		 Status=Pass
Time=2327916570.000 ns 		 SPI_clock_frequency=3000Hz 		 SPI_MODE=0 		 Operation=Read  		 Data_Size=8 bits 		 Slave_address=0x02 		 Selected_Register=Status Register     		  Data_to_Write=0xff 		 Status=Pass
Time=2333083970.000 ns 		 SPI_clock_frequency=3000Hz 		 SPI_MODE=1 		 Operation=Write 		 Data_Size=8 bits 		 Slave_address=0x02 		 Selected_Register=Status Register    		  Data_to_Write=0x0 		 Status=Pass
Time=2338251370.000 ns 		 SPI_clock_frequency=3000Hz 		 SPI_MODE=1 		 Operation=Write 		 Data_Size=8 bits 		 Slave_address=0x02 		 Selected_Register=Status Register    		  Data_to_Write=0x55 		 Status=Pass
Time=2343418770.000 ns 		 SPI_clock_frequency=3000Hz 		 SPI_MODE=1 		 Operation=Write 		 Data_Size=8 bits 		 Slave_address=0x02 		 Selected_Register=Status Register    		  Data_to_Write=0xaa 		 Status=Pass
Time=2348586170.000 ns 		 SPI_clock_frequency=3000Hz 		 SPI_MODE=1 		 Operation=Write 		 Data_Size=8 bits 		 Slave_address=0x02 		 Selected_Register=Status Register    		  Data_to_Write=0xbe 		 Status=Pass
Time=2353753570.000 ns 		 SPI_clock_frequency=3000Hz 		 SPI_MODE=1 		 Operation=Write 		 Data_Size=8 bits 		 Slave_address=0x02 		 Selected_Register=Status Register    		  Data_to_Write=0xff 		 Status=Pass
Time=2358920970.000 ns 		 SPI_clock_frequency=3000Hz 		 SPI_MODE=1 		 Operation=Read  		 Data_Size=8 bits 		 Slave_address=0x02 		 Selected_Register=Status Register     		  Data_to_Write=0x0 		 Status=Pass
Time=2364088370.000 ns 		 SPI_clock_frequency=3000Hz 		 SPI_MODE=1 		 Operation=Read  		 Data_Size=8 bits 		 Slave_address=0x02 		 Selected_Register=Status Register     		  Data_to_Write=0x55 		 Status=Pass
Time=2369255770.000 ns 		 SPI_clock_frequency=3000Hz 		 SPI_MODE=1 		 Operation=Read  		 Data_Size=8 bits 		 Slave_address=0x02 		 Selected_Register=Status Register     		  Data_to_Write=0xaa 		 Status=Pass
Time=2374423170.000 ns 		 SPI_clock_frequency=3000Hz 		 SPI_MODE=1 		 Operation=Read  		 Data_Size=8 bits 		 Slave_address=0x02 		 Selected_Register=Status Register     		  Data_to_Write=0xbe 		 Status=Pass
Time=2379590570.000 ns 		 SPI_clock_frequency=3000Hz 		 SPI_MODE=1 		 Operation=Read  		 Data_Size=8 bits 		 Slave_address=0x02 		 Selected_Register=Status Register     		  Data_to_Write=0xff 		 Status=Pass
Time=2385091290.000 ns 		 SPI_clock_frequency=3000Hz 		 SPI_MODE=2 		 Operation=Write 		 Data_Size=8 bits 		 Slave_address=0x02 		 Selected_Register=Status Register    		  Data_to_Write=0x0 		 Status=Pass
Time=2390592010.000 ns 		 SPI_clock_frequency=3000Hz 		 SPI_MODE=2 		 Operation=Write 		 Data_Size=8 bits 		 Slave_address=0x02 		 Selected_Register=Status Register    		  Data_to_Write=0x55 		 Status=Pass
Time=2396092730.000 ns 		 SPI_clock_frequency=3000Hz 		 SPI_MODE=2 		 Operation=Write 		 Data_Size=8 bits 		 Slave_address=0x02 		 Selected_Register=Status Register    		  Data_to_Write=0xaa 		 Status=Pass
Time=2401593450.000 ns 		 SPI_clock_frequency=3000Hz 		 SPI_MODE=2 		 Operation=Write 		 Data_Size=8 bits 		 Slave_address=0x02 		 Selected_Register=Status Register    		  Data_to_Write=0xbe 		 Status=Pass
Time=2407094170.000 ns 		 SPI_clock_frequency=3000Hz 		 SPI_MODE=2 		 Operation=Write 		 Data_Size=8 bits 		 Slave_address=0x02 		 Selected_Register=Status Register    		  Data_to_Write=0xff 		 Status=Pass
Time=2412594890.000 ns 		 SPI_clock_frequency=3000Hz 		 SPI_MODE=2 		 Operation=Read  		 Data_Size=8 bits 		 Slave_address=0x02 		 Selected_Register=Status Register     		  Data_to_Write=0x0 		 Status=Pass
Time=2418095610.000 ns 		 SPI_clock_frequency=3000Hz 		 SPI_MODE=2 		 Operation=Read  		 Data_Size=8 bits 		 Slave_address=0x02 		 Selected_Register=Status Register     		  Data_to_Write=0x55 		 Status=Pass
Time=2423596330.000 ns 		 SPI_clock_frequency=3000Hz 		 SPI_MODE=2 		 Operation=Read  		 Data_Size=8 bits 		 Slave_address=0x02 		 Selected_Register=Status Register     		  Data_to_Write=0xaa 		 Status=Pass
Time=2429097050.000 ns 		 SPI_clock_frequency=3000Hz 		 SPI_MODE=2 		 Operation=Read  		 Data_Size=8 bits 		 Slave_address=0x02 		 Selected_Register=Status Register     		  Data_to_Write=0xbe 		 Status=Pass
Time=2434597770.000 ns 		 SPI_clock_frequency=3000Hz 		 SPI_MODE=2 		 Operation=Read  		 Data_Size=8 bits 		 Slave_address=0x02 		 Selected_Register=Status Register     		  Data_to_Write=0xff 		 Status=Pass
Time=2440098490.000 ns 		 SPI_clock_frequency=3000Hz 		 SPI_MODE=3 		 Operation=Write 		 Data_Size=8 bits 		 Slave_address=0x02 		 Selected_Register=Status Register    		  Data_to_Write=0x0 		 Status=Pass
Time=2445599210.000 ns 		 SPI_clock_frequency=3000Hz 		 SPI_MODE=3 		 Operation=Write 		 Data_Size=8 bits 		 Slave_address=0x02 		 Selected_Register=Status Register    		  Data_to_Write=0x55 		 Status=Pass
Time=2451099930.000 ns 		 SPI_clock_frequency=3000Hz 		 SPI_MODE=3 		 Operation=Write 		 Data_Size=8 bits 		 Slave_address=0x02 		 Selected_Register=Status Register    		  Data_to_Write=0xaa 		 Status=Pass
Time=2456600650.000 ns 		 SPI_clock_frequency=3000Hz 		 SPI_MODE=3 		 Operation=Write 		 Data_Size=8 bits 		 Slave_address=0x02 		 Selected_Register=Status Register    		  Data_to_Write=0xbe 		 Status=Pass
Time=2462101370.000 ns 		 SPI_clock_frequency=3000Hz 		 SPI_MODE=3 		 Operation=Write 		 Data_Size=8 bits 		 Slave_address=0x02 		 Selected_Register=Status Register    		  Data_to_Write=0xff 		 Status=Pass
Time=2467602090.000 ns 		 SPI_clock_frequency=3000Hz 		 SPI_MODE=3 		 Operation=Read  		 Data_Size=8 bits 		 Slave_address=0x02 		 Selected_Register=Status Register     		  Data_to_Write=0x0 		 Status=Pass
Time=2473102810.000 ns 		 SPI_clock_frequency=3000Hz 		 SPI_MODE=3 		 Operation=Read  		 Data_Size=8 bits 		 Slave_address=0x02 		 Selected_Register=Status Register     		  Data_to_Write=0x55 		 Status=Pass
Time=2478603530.000 ns 		 SPI_clock_frequency=3000Hz 		 SPI_MODE=3 		 Operation=Read  		 Data_Size=8 bits 		 Slave_address=0x02 		 Selected_Register=Status Register     		  Data_to_Write=0xaa 		 Status=Pass
Time=2484104250.000 ns 		 SPI_clock_frequency=3000Hz 		 SPI_MODE=3 		 Operation=Read  		 Data_Size=8 bits 		 Slave_address=0x02 		 Selected_Register=Status Register     		  Data_to_Write=0xbe 		 Status=Pass
Time=2489604970.000 ns 		 SPI_clock_frequency=3000Hz 		 SPI_MODE=3 		 Operation=Read  		 Data_Size=8 bits 		 Slave_address=0x02 		 Selected_Register=Status Register     		  Data_to_Write=0xff 		 Status=Pass
Time=2494772370.000 ns 		 SPI_clock_frequency=3000Hz 		 SPI_MODE=0 		 Operation=Write 		 Data_Size=8 bits 		 Slave_address=0x03 		 Selected_Register=Data Register      		  Data_to_Write=0x0 		 Status=Pass
Time=2499939770.000 ns 		 SPI_clock_frequency=3000Hz 		 SPI_MODE=0 		 Operation=Write 		 Data_Size=8 bits 		 Slave_address=0x03 		 Selected_Register=Data Register      		  Data_to_Write=0x55 		 Status=Pass
Time=2505107170.000 ns 		 SPI_clock_frequency=3000Hz 		 SPI_MODE=0 		 Operation=Write 		 Data_Size=8 bits 		 Slave_address=0x03 		 Selected_Register=Data Register      		  Data_to_Write=0xaa 		 Status=Pass
Time=2510274570.000 ns 		 SPI_clock_frequency=3000Hz 		 SPI_MODE=0 		 Operation=Write 		 Data_Size=8 bits 		 Slave_address=0x03 		 Selected_Register=Data Register      		  Data_to_Write=0xbe 		 Status=Pass
Time=2515441970.000 ns 		 SPI_clock_frequency=3000Hz 		 SPI_MODE=0 		 Operation=Write 		 Data_Size=8 bits 		 Slave_address=0x03 		 Selected_Register=Data Register      		  Data_to_Write=0xff 		 Status=Pass
Time=2520609370.000 ns 		 SPI_clock_frequency=3000Hz 		 SPI_MODE=0 		 Operation=Read  		 Data_Size=8 bits 		 Slave_address=0x03 		 Selected_Register=Data Register       		  Data_to_Write=0x0 		 Status=Pass
Time=2525776770.000 ns 		 SPI_clock_frequency=3000Hz 		 SPI_MODE=0 		 Operation=Read  		 Data_Size=8 bits 		 Slave_address=0x03 		 Selected_Register=Data Register       		  Data_to_Write=0x55 		 Status=Pass
Time=2530944170.000 ns 		 SPI_clock_frequency=3000Hz 		 SPI_MODE=0 		 Operation=Read  		 Data_Size=8 bits 		 Slave_address=0x03 		 Selected_Register=Data Register       		  Data_to_Write=0xaa 		 Status=Pass
Time=2536111570.000 ns 		 SPI_clock_frequency=3000Hz 		 SPI_MODE=0 		 Operation=Read  		 Data_Size=8 bits 		 Slave_address=0x03 		 Selected_Register=Data Register       		  Data_to_Write=0xbe 		 Status=Pass
Time=2541278970.000 ns 		 SPI_clock_frequency=3000Hz 		 SPI_MODE=0 		 Operation=Read  		 Data_Size=8 bits 		 Slave_address=0x03 		 Selected_Register=Data Register       		  Data_to_Write=0xff 		 Status=Pass
Time=2546446370.000 ns 		 SPI_clock_frequency=3000Hz 		 SPI_MODE=1 		 Operation=Write 		 Data_Size=8 bits 		 Slave_address=0x03 		 Selected_Register=Data Register      		  Data_to_Write=0x0 		 Status=Pass
Time=2551613770.000 ns 		 SPI_clock_frequency=3000Hz 		 SPI_MODE=1 		 Operation=Write 		 Data_Size=8 bits 		 Slave_address=0x03 		 Selected_Register=Data Register      		  Data_to_Write=0x55 		 Status=Pass
Time=2556781170.000 ns 		 SPI_clock_frequency=3000Hz 		 SPI_MODE=1 		 Operation=Write 		 Data_Size=8 bits 		 Slave_address=0x03 		 Selected_Register=Data Register      		  Data_to_Write=0xaa 		 Status=Pass
Time=2561948570.000 ns 		 SPI_clock_frequency=3000Hz 		 SPI_MODE=1 		 Operation=Write 		 Data_Size=8 bits 		 Slave_address=0x03 		 Selected_Register=Data Register      		  Data_to_Write=0xbe 		 Status=Pass
Time=2567115970.000 ns 		 SPI_clock_frequency=3000Hz 		 SPI_MODE=1 		 Operation=Write 		 Data_Size=8 bits 		 Slave_address=0x03 		 Selected_Register=Data Register      		  Data_to_Write=0xff 		 Status=Pass
Time=2572283370.000 ns 		 SPI_clock_frequency=3000Hz 		 SPI_MODE=1 		 Operation=Read  		 Data_Size=8 bits 		 Slave_address=0x03 		 Selected_Register=Data Register       		  Data_to_Write=0x0 		 Status=Pass
Time=2577450770.000 ns 		 SPI_clock_frequency=3000Hz 		 SPI_MODE=1 		 Operation=Read  		 Data_Size=8 bits 		 Slave_address=0x03 		 Selected_Register=Data Register       		  Data_to_Write=0x55 		 Status=Pass
Time=2582618170.000 ns 		 SPI_clock_frequency=3000Hz 		 SPI_MODE=1 		 Operation=Read  		 Data_Size=8 bits 		 Slave_address=0x03 		 Selected_Register=Data Register       		  Data_to_Write=0xaa 		 Status=Pass
Time=2587785570.000 ns 		 SPI_clock_frequency=3000Hz 		 SPI_MODE=1 		 Operation=Read  		 Data_Size=8 bits 		 Slave_address=0x03 		 Selected_Register=Data Register       		  Data_to_Write=0xbe 		 Status=Pass
Time=2592952970.000 ns 		 SPI_clock_frequency=3000Hz 		 SPI_MODE=1 		 Operation=Read  		 Data_Size=8 bits 		 Slave_address=0x03 		 Selected_Register=Data Register       		  Data_to_Write=0xff 		 Status=Pass
Time=2598453690.000 ns 		 SPI_clock_frequency=3000Hz 		 SPI_MODE=2 		 Operation=Write 		 Data_Size=8 bits 		 Slave_address=0x03 		 Selected_Register=Data Register      		  Data_to_Write=0x0 		 Status=Pass
Time=2603954410.000 ns 		 SPI_clock_frequency=3000Hz 		 SPI_MODE=2 		 Operation=Write 		 Data_Size=8 bits 		 Slave_address=0x03 		 Selected_Register=Data Register      		  Data_to_Write=0x55 		 Status=Pass
Time=2609455130.000 ns 		 SPI_clock_frequency=3000Hz 		 SPI_MODE=2 		 Operation=Write 		 Data_Size=8 bits 		 Slave_address=0x03 		 Selected_Register=Data Register      		  Data_to_Write=0xaa 		 Status=Pass
Time=2614955850.000 ns 		 SPI_clock_frequency=3000Hz 		 SPI_MODE=2 		 Operation=Write 		 Data_Size=8 bits 		 Slave_address=0x03 		 Selected_Register=Data Register      		  Data_to_Write=0xbe 		 Status=Pass
Time=2620456570.000 ns 		 SPI_clock_frequency=3000Hz 		 SPI_MODE=2 		 Operation=Write 		 Data_Size=8 bits 		 Slave_address=0x03 		 Selected_Register=Data Register      		  Data_to_Write=0xff 		 Status=Pass
Time=2625957290.000 ns 		 SPI_clock_frequency=3000Hz 		 SPI_MODE=2 		 Operation=Read  		 Data_Size=8 bits 		 Slave_address=0x03 		 Selected_Register=Data Register       		  Data_to_Write=0x0 		 Status=Pass
Time=2631458010.000 ns 		 SPI_clock_frequency=3000Hz 		 SPI_MODE=2 		 Operation=Read  		 Data_Size=8 bits 		 Slave_address=0x03 		 Selected_Register=Data Register       		  Data_to_Write=0x55 		 Status=Pass
Time=2636958730.000 ns 		 SPI_clock_frequency=3000Hz 		 SPI_MODE=2 		 Operation=Read  		 Data_Size=8 bits 		 Slave_address=0x03 		 Selected_Register=Data Register       		  Data_to_Write=0xaa 		 Status=Pass
Time=2642459450.000 ns 		 SPI_clock_frequency=3000Hz 		 SPI_MODE=2 		 Operation=Read  		 Data_Size=8 bits 		 Slave_address=0x03 		 Selected_Register=Data Register       		  Data_to_Write=0xbe 		 Status=Pass
Time=2647960170.000 ns 		 SPI_clock_frequency=3000Hz 		 SPI_MODE=2 		 Operation=Read  		 Data_Size=8 bits 		 Slave_address=0x03 		 Selected_Register=Data Register       		  Data_to_Write=0xff 		 Status=Pass
Time=2653460890.000 ns 		 SPI_clock_frequency=3000Hz 		 SPI_MODE=3 		 Operation=Write 		 Data_Size=8 bits 		 Slave_address=0x03 		 Selected_Register=Data Register      		  Data_to_Write=0x0 		 Status=Pass
Time=2658961610.000 ns 		 SPI_clock_frequency=3000Hz 		 SPI_MODE=3 		 Operation=Write 		 Data_Size=8 bits 		 Slave_address=0x03 		 Selected_Register=Data Register      		  Data_to_Write=0x55 		 Status=Pass
Time=2664462330.000 ns 		 SPI_clock_frequency=3000Hz 		 SPI_MODE=3 		 Operation=Write 		 Data_Size=8 bits 		 Slave_address=0x03 		 Selected_Register=Data Register      		  Data_to_Write=0xaa 		 Status=Pass
Time=2669963050.000 ns 		 SPI_clock_frequency=3000Hz 		 SPI_MODE=3 		 Operation=Write 		 Data_Size=8 bits 		 Slave_address=0x03 		 Selected_Register=Data Register      		  Data_to_Write=0xbe 		 Status=Pass
Time=2675463770.000 ns 		 SPI_clock_frequency=3000Hz 		 SPI_MODE=3 		 Operation=Write 		 Data_Size=8 bits 		 Slave_address=0x03 		 Selected_Register=Data Register      		  Data_to_Write=0xff 		 Status=Pass
Time=2680964490.000 ns 		 SPI_clock_frequency=3000Hz 		 SPI_MODE=3 		 Operation=Read  		 Data_Size=8 bits 		 Slave_address=0x03 		 Selected_Register=Data Register       		  Data_to_Write=0x0 		 Status=Pass
Time=2686465210.000 ns 		 SPI_clock_frequency=3000Hz 		 SPI_MODE=3 		 Operation=Read  		 Data_Size=8 bits 		 Slave_address=0x03 		 Selected_Register=Data Register       		  Data_to_Write=0x55 		 Status=Pass
Time=2691965930.000 ns 		 SPI_clock_frequency=3000Hz 		 SPI_MODE=3 		 Operation=Read  		 Data_Size=8 bits 		 Slave_address=0x03 		 Selected_Register=Data Register       		  Data_to_Write=0xaa 		 Status=Pass
Time=2697466650.000 ns 		 SPI_clock_frequency=3000Hz 		 SPI_MODE=3 		 Operation=Read  		 Data_Size=8 bits 		 Slave_address=0x03 		 Selected_Register=Data Register       		  Data_to_Write=0xbe 		 Status=Pass
Time=2702967370.000 ns 		 SPI_clock_frequency=3000Hz 		 SPI_MODE=3 		 Operation=Read  		 Data_Size=8 bits 		 Slave_address=0x03 		 Selected_Register=Data Register       		  Data_to_Write=0xff 		 Status=Pass
 ERROR: Invalid Slave Address (04)
 ERROR: Invalid Slave Address (04)
 ERROR: Invalid Slave Address (04)
 ERROR: Invalid Slave Address (04)
 ERROR: Invalid Slave Address (04)
 ERROR: Invalid Slave Address (04)
 ERROR: Invalid Slave Address (04)
 ERROR: Invalid Slave Address (04)
 ERROR: Invalid Slave Address (04)
 ERROR: Invalid Slave Address (04)
 ERROR: Invalid Slave Address (04)
 ERROR: Invalid Slave Address (04)
 ERROR: Invalid Slave Address (04)
 ERROR: Invalid Slave Address (04)
 ERROR: Invalid Slave Address (04)
 ERROR: Invalid Slave Address (04)
 ERROR: Invalid Slave Address (04)
 ERROR: Invalid Slave Address (04)
 ERROR: Invalid Slave Address (04)
 ERROR: Invalid Slave Address (04)
 ERROR: Invalid Slave Address (04)
 ERROR: Invalid Slave Address (04)
 ERROR: Invalid Slave Address (04)
 ERROR: Invalid Slave Address (04)
 ERROR: Invalid Slave Address (04)
 ERROR: Invalid Slave Address (04)
 ERROR: Invalid Slave Address (04)
 ERROR: Invalid Slave Address (04)
 ERROR: Invalid Slave Address (04)
 ERROR: Invalid Slave Address (04)
 ERROR: Invalid Slave Address (04)
 ERROR: Invalid Slave Address (04)
 ERROR: Invalid Slave Address (04)
 ERROR: Invalid Slave Address (04)
 ERROR: Invalid Slave Address (04)
 ERROR: Invalid Slave Address (04)
 ERROR: Invalid Slave Address (04)
 ERROR: Invalid Slave Address (04)
 ERROR: Invalid Slave Address (04)
 ERROR: Invalid Slave Address (04)
 ERROR: Invalid Slave Address (05)
 ERROR: Invalid Slave Address (05)
 ERROR: Invalid Slave Address (05)
 ERROR: Invalid Slave Address (05)
 ERROR: Invalid Slave Address (05)
 ERROR: Invalid Slave Address (05)
 ERROR: Invalid Slave Address (05)
 ERROR: Invalid Slave Address (05)
 ERROR: Invalid Slave Address (05)
 ERROR: Invalid Slave Address (05)
 ERROR: Invalid Slave Address (05)
 ERROR: Invalid Slave Address (05)
 ERROR: Invalid Slave Address (05)
 ERROR: Invalid Slave Address (05)
 ERROR: Invalid Slave Address (05)
 ERROR: Invalid Slave Address (05)
 ERROR: Invalid Slave Address (05)
 ERROR: Invalid Slave Address (05)
 ERROR: Invalid Slave Address (05)
 ERROR: Invalid Slave Address (05)
 ERROR: Invalid Slave Address (05)
 ERROR: Invalid Slave Address (05)
 ERROR: Invalid Slave Address (05)
 ERROR: Invalid Slave Address (05)
 ERROR: Invalid Slave Address (05)
 ERROR: Invalid Slave Address (05)
 ERROR: Invalid Slave Address (05)
 ERROR: Invalid Slave Address (05)
 ERROR: Invalid Slave Address (05)
 ERROR: Invalid Slave Address (05)
 ERROR: Invalid Slave Address (05)
 ERROR: Invalid Slave Address (05)
 ERROR: Invalid Slave Address (05)
 ERROR: Invalid Slave Address (05)
 ERROR: Invalid Slave Address (05)
 ERROR: Invalid Slave Address (05)
 ERROR: Invalid Slave Address (05)
 ERROR: Invalid Slave Address (05)
 ERROR: Invalid Slave Address (05)
 ERROR: Invalid Slave Address (05)
 ERROR: Writing a read only register (Device ID)
 ERROR: Writing a read only register (Device ID)
 ERROR: Writing a read only register (Device ID)
 ERROR: Writing a read only register (Device ID)
 ERROR: Writing a read only register (Device ID)
Time=2710806430.000 ns 		 SPI_clock_frequency=3000Hz 		 SPI_MODE=0 		 Operation=Read  		 Data_Size=16 bits 		 Slave_address=0x00 		 Selected_Register=Device ID          		  Data_to_Write=0x0 		 Status=Pass
Time=2718640390.000 ns 		 SPI_clock_frequency=3000Hz 		 SPI_MODE=0 		 Operation=Read  		 Data_Size=16 bits 		 Slave_address=0x00 		 Selected_Register=Device ID          		  Data_to_Write=0x5555 		 Status=Pass
Time=2726474350.000 ns 		 SPI_clock_frequency=3000Hz 		 SPI_MODE=0 		 Operation=Read  		 Data_Size=16 bits 		 Slave_address=0x00 		 Selected_Register=Device ID          		  Data_to_Write=0xaaaa 		 Status=Pass
Time=2734308310.000 ns 		 SPI_clock_frequency=3000Hz 		 SPI_MODE=0 		 Operation=Read  		 Data_Size=16 bits 		 Slave_address=0x00 		 Selected_Register=Device ID          		  Data_to_Write=0x3478 		 Status=Pass
Time=2742142270.000 ns 		 SPI_clock_frequency=3000Hz 		 SPI_MODE=0 		 Operation=Read  		 Data_Size=16 bits 		 Slave_address=0x00 		 Selected_Register=Device ID          		  Data_to_Write=0xffff 		 Status=Pass
 ERROR: Writing a read only register (Device ID)
 ERROR: Writing a read only register (Device ID)
 ERROR: Writing a read only register (Device ID)
 ERROR: Writing a read only register (Device ID)
 ERROR: Writing a read only register (Device ID)
Time=2749976530.000 ns 		 SPI_clock_frequency=3000Hz 		 SPI_MODE=1 		 Operation=Read  		 Data_Size=16 bits 		 Slave_address=0x00 		 Selected_Register=Device ID          		  Data_to_Write=0x0 		 Status=Pass
Time=2757810490.000 ns 		 SPI_clock_frequency=3000Hz 		 SPI_MODE=1 		 Operation=Read  		 Data_Size=16 bits 		 Slave_address=0x00 		 Selected_Register=Device ID          		  Data_to_Write=0x5555 		 Status=Pass
Time=2765644450.000 ns 		 SPI_clock_frequency=3000Hz 		 SPI_MODE=1 		 Operation=Read  		 Data_Size=16 bits 		 Slave_address=0x00 		 Selected_Register=Device ID          		  Data_to_Write=0xaaaa 		 Status=Pass
Time=2773478410.000 ns 		 SPI_clock_frequency=3000Hz 		 SPI_MODE=1 		 Operation=Read  		 Data_Size=16 bits 		 Slave_address=0x00 		 Selected_Register=Device ID          		  Data_to_Write=0x3478 		 Status=Pass
Time=2781312370.000 ns 		 SPI_clock_frequency=3000Hz 		 SPI_MODE=1 		 Operation=Read  		 Data_Size=16 bits 		 Slave_address=0x00 		 Selected_Register=Device ID          		  Data_to_Write=0xffff 		 Status=Pass
 ERROR: Writing a read only register (Device ID)
 ERROR: Writing a read only register (Device ID)
 ERROR: Writing a read only register (Device ID)
 ERROR: Writing a read only register (Device ID)
 ERROR: Writing a read only register (Device ID)
Time=2789479950.000 ns 		 SPI_clock_frequency=3000Hz 		 SPI_MODE=2 		 Operation=Read  		 Data_Size=16 bits 		 Slave_address=0x00 		 Selected_Register=Device ID          		  Data_to_Write=0x0 		 Status=Pass
Time=2797647230.000 ns 		 SPI_clock_frequency=3000Hz 		 SPI_MODE=2 		 Operation=Read  		 Data_Size=16 bits 		 Slave_address=0x00 		 Selected_Register=Device ID          		  Data_to_Write=0x5555 		 Status=Pass
Time=2805814510.000 ns 		 SPI_clock_frequency=3000Hz 		 SPI_MODE=2 		 Operation=Read  		 Data_Size=16 bits 		 Slave_address=0x00 		 Selected_Register=Device ID          		  Data_to_Write=0xaaaa 		 Status=Pass
Time=2813981790.000 ns 		 SPI_clock_frequency=3000Hz 		 SPI_MODE=2 		 Operation=Read  		 Data_Size=16 bits 		 Slave_address=0x00 		 Selected_Register=Device ID          		  Data_to_Write=0x3478 		 Status=Pass
Time=2822149070.000 ns 		 SPI_clock_frequency=3000Hz 		 SPI_MODE=2 		 Operation=Read  		 Data_Size=16 bits 		 Slave_address=0x00 		 Selected_Register=Device ID          		  Data_to_Write=0xffff 		 Status=Pass
 ERROR: Writing a read only register (Device ID)
 ERROR: Writing a read only register (Device ID)
 ERROR: Writing a read only register (Device ID)
 ERROR: Writing a read only register (Device ID)
 ERROR: Writing a read only register (Device ID)
Time=2830316650.000 ns 		 SPI_clock_frequency=3000Hz 		 SPI_MODE=3 		 Operation=Read  		 Data_Size=16 bits 		 Slave_address=0x00 		 Selected_Register=Device ID          		  Data_to_Write=0x0 		 Status=Pass
Time=2838483930.000 ns 		 SPI_clock_frequency=3000Hz 		 SPI_MODE=3 		 Operation=Read  		 Data_Size=16 bits 		 Slave_address=0x00 		 Selected_Register=Device ID          		  Data_to_Write=0x5555 		 Status=Pass
Time=2846651210.000 ns 		 SPI_clock_frequency=3000Hz 		 SPI_MODE=3 		 Operation=Read  		 Data_Size=16 bits 		 Slave_address=0x00 		 Selected_Register=Device ID          		  Data_to_Write=0xaaaa 		 Status=Pass
Time=2854818490.000 ns 		 SPI_clock_frequency=3000Hz 		 SPI_MODE=3 		 Operation=Read  		 Data_Size=16 bits 		 Slave_address=0x00 		 Selected_Register=Device ID          		  Data_to_Write=0x3478 		 Status=Pass
Time=2862985770.000 ns 		 SPI_clock_frequency=3000Hz 		 SPI_MODE=3 		 Operation=Read  		 Data_Size=16 bits 		 Slave_address=0x00 		 Selected_Register=Device ID          		  Data_to_Write=0xffff 		 Status=Pass
Time=2870819730.000 ns 		 SPI_clock_frequency=3000Hz 		 SPI_MODE=0 		 Operation=Write 		 Data_Size=16 bits 		 Slave_address=0x01 		 Selected_Register=Control Register 		  Data_to_Write=0x0 		 Status=Pass
Time=2878653690.000 ns 		 SPI_clock_frequency=3000Hz 		 SPI_MODE=0 		 Operation=Write 		 Data_Size=16 bits 		 Slave_address=0x01 		 Selected_Register=Control Register 		  Data_to_Write=0x5555 		 Status=Pass
Time=2886487650.000 ns 		 SPI_clock_frequency=3000Hz 		 SPI_MODE=0 		 Operation=Write 		 Data_Size=16 bits 		 Slave_address=0x01 		 Selected_Register=Control Register 		  Data_to_Write=0xaaaa 		 Status=Pass
Time=2894321610.000 ns 		 SPI_clock_frequency=3000Hz 		 SPI_MODE=0 		 Operation=Write 		 Data_Size=16 bits 		 Slave_address=0x01 		 Selected_Register=Control Register 		  Data_to_Write=0x3478 		 Status=Pass
Time=2902155570.000 ns 		 SPI_clock_frequency=3000Hz 		 SPI_MODE=0 		 Operation=Write 		 Data_Size=16 bits 		 Slave_address=0x01 		 Selected_Register=Control Register 		  Data_to_Write=0xffff 		 Status=Pass
Time=2909989530.000 ns 		 SPI_clock_frequency=3000Hz 		 SPI_MODE=0 		 Operation=Read  		 Data_Size=16 bits 		 Slave_address=0x01 		 Selected_Register=Control Register 		  Data_to_Write=0x0 		 Status=Pass
Time=2917823490.000 ns 		 SPI_clock_frequency=3000Hz 		 SPI_MODE=0 		 Operation=Read  		 Data_Size=16 bits 		 Slave_address=0x01 		 Selected_Register=Control Register 		  Data_to_Write=0x5555 		 Status=Pass
Time=2925657450.000 ns 		 SPI_clock_frequency=3000Hz 		 SPI_MODE=0 		 Operation=Read  		 Data_Size=16 bits 		 Slave_address=0x01 		 Selected_Register=Control Register 		  Data_to_Write=0xaaaa 		 Status=Pass
Time=2933491410.000 ns 		 SPI_clock_frequency=3000Hz 		 SPI_MODE=0 		 Operation=Read  		 Data_Size=16 bits 		 Slave_address=0x01 		 Selected_Register=Control Register 		  Data_to_Write=0x3478 		 Status=Pass
Time=2941325370.000 ns 		 SPI_clock_frequency=3000Hz 		 SPI_MODE=0 		 Operation=Read  		 Data_Size=16 bits 		 Slave_address=0x01 		 Selected_Register=Control Register 		  Data_to_Write=0xffff 		 Status=Pass
Time=2949159330.000 ns 		 SPI_clock_frequency=3000Hz 		 SPI_MODE=1 		 Operation=Write 		 Data_Size=16 bits 		 Slave_address=0x01 		 Selected_Register=Control Register 		  Data_to_Write=0x0 		 Status=Pass
Time=2956993290.000 ns 		 SPI_clock_frequency=3000Hz 		 SPI_MODE=1 		 Operation=Write 		 Data_Size=16 bits 		 Slave_address=0x01 		 Selected_Register=Control Register 		  Data_to_Write=0x5555 		 Status=Pass
Time=2964827250.000 ns 		 SPI_clock_frequency=3000Hz 		 SPI_MODE=1 		 Operation=Write 		 Data_Size=16 bits 		 Slave_address=0x01 		 Selected_Register=Control Register 		  Data_to_Write=0xaaaa 		 Status=Pass
Time=2972661210.000 ns 		 SPI_clock_frequency=3000Hz 		 SPI_MODE=1 		 Operation=Write 		 Data_Size=16 bits 		 Slave_address=0x01 		 Selected_Register=Control Register 		  Data_to_Write=0x3478 		 Status=Pass
Time=2980495170.000 ns 		 SPI_clock_frequency=3000Hz 		 SPI_MODE=1 		 Operation=Write 		 Data_Size=16 bits 		 Slave_address=0x01 		 Selected_Register=Control Register 		  Data_to_Write=0xffff 		 Status=Pass
Time=2988329130.000 ns 		 SPI_clock_frequency=3000Hz 		 SPI_MODE=1 		 Operation=Read  		 Data_Size=16 bits 		 Slave_address=0x01 		 Selected_Register=Control Register 		  Data_to_Write=0x0 		 Status=Pass
Time=2996163090.000 ns 		 SPI_clock_frequency=3000Hz 		 SPI_MODE=1 		 Operation=Read  		 Data_Size=16 bits 		 Slave_address=0x01 		 Selected_Register=Control Register 		  Data_to_Write=0x5555 		 Status=Pass
Time=3003997050.000 ns 		 SPI_clock_frequency=3000Hz 		 SPI_MODE=1 		 Operation=Read  		 Data_Size=16 bits 		 Slave_address=0x01 		 Selected_Register=Control Register 		  Data_to_Write=0xaaaa 		 Status=Pass
Time=3011831010.000 ns 		 SPI_clock_frequency=3000Hz 		 SPI_MODE=1 		 Operation=Read  		 Data_Size=16 bits 		 Slave_address=0x01 		 Selected_Register=Control Register 		  Data_to_Write=0x3478 		 Status=Pass
Time=3019664970.000 ns 		 SPI_clock_frequency=3000Hz 		 SPI_MODE=1 		 Operation=Read  		 Data_Size=16 bits 		 Slave_address=0x01 		 Selected_Register=Control Register 		  Data_to_Write=0xffff 		 Status=Pass
Time=3027832250.000 ns 		 SPI_clock_frequency=3000Hz 		 SPI_MODE=2 		 Operation=Write 		 Data_Size=16 bits 		 Slave_address=0x01 		 Selected_Register=Control Register 		  Data_to_Write=0x0 		 Status=Pass
Time=3035999530.000 ns 		 SPI_clock_frequency=3000Hz 		 SPI_MODE=2 		 Operation=Write 		 Data_Size=16 bits 		 Slave_address=0x01 		 Selected_Register=Control Register 		  Data_to_Write=0x5555 		 Status=Pass
Time=3044166810.000 ns 		 SPI_clock_frequency=3000Hz 		 SPI_MODE=2 		 Operation=Write 		 Data_Size=16 bits 		 Slave_address=0x01 		 Selected_Register=Control Register 		  Data_to_Write=0xaaaa 		 Status=Pass
Time=3052334090.000 ns 		 SPI_clock_frequency=3000Hz 		 SPI_MODE=2 		 Operation=Write 		 Data_Size=16 bits 		 Slave_address=0x01 		 Selected_Register=Control Register 		  Data_to_Write=0x3478 		 Status=Pass
Time=3060501370.000 ns 		 SPI_clock_frequency=3000Hz 		 SPI_MODE=2 		 Operation=Write 		 Data_Size=16 bits 		 Slave_address=0x01 		 Selected_Register=Control Register 		  Data_to_Write=0xffff 		 Status=Pass
Time=3068668650.000 ns 		 SPI_clock_frequency=3000Hz 		 SPI_MODE=2 		 Operation=Read  		 Data_Size=16 bits 		 Slave_address=0x01 		 Selected_Register=Control Register 		  Data_to_Write=0x0 		 Status=Pass
Time=3076835930.000 ns 		 SPI_clock_frequency=3000Hz 		 SPI_MODE=2 		 Operation=Read  		 Data_Size=16 bits 		 Slave_address=0x01 		 Selected_Register=Control Register 		  Data_to_Write=0x5555 		 Status=Pass
Time=3085003210.000 ns 		 SPI_clock_frequency=3000Hz 		 SPI_MODE=2 		 Operation=Read  		 Data_Size=16 bits 		 Slave_address=0x01 		 Selected_Register=Control Register 		  Data_to_Write=0xaaaa 		 Status=Pass
Time=3093170490.000 ns 		 SPI_clock_frequency=3000Hz 		 SPI_MODE=2 		 Operation=Read  		 Data_Size=16 bits 		 Slave_address=0x01 		 Selected_Register=Control Register 		  Data_to_Write=0x3478 		 Status=Pass
Time=3101337770.000 ns 		 SPI_clock_frequency=3000Hz 		 SPI_MODE=2 		 Operation=Read  		 Data_Size=16 bits 		 Slave_address=0x01 		 Selected_Register=Control Register 		  Data_to_Write=0xffff 		 Status=Pass
Time=3109505050.000 ns 		 SPI_clock_frequency=3000Hz 		 SPI_MODE=3 		 Operation=Write 		 Data_Size=16 bits 		 Slave_address=0x01 		 Selected_Register=Control Register 		  Data_to_Write=0x0 		 Status=Pass
Time=3117672330.000 ns 		 SPI_clock_frequency=3000Hz 		 SPI_MODE=3 		 Operation=Write 		 Data_Size=16 bits 		 Slave_address=0x01 		 Selected_Register=Control Register 		  Data_to_Write=0x5555 		 Status=Pass
Time=3125839610.000 ns 		 SPI_clock_frequency=3000Hz 		 SPI_MODE=3 		 Operation=Write 		 Data_Size=16 bits 		 Slave_address=0x01 		 Selected_Register=Control Register 		  Data_to_Write=0xaaaa 		 Status=Pass
Time=3134006890.000 ns 		 SPI_clock_frequency=3000Hz 		 SPI_MODE=3 		 Operation=Write 		 Data_Size=16 bits 		 Slave_address=0x01 		 Selected_Register=Control Register 		  Data_to_Write=0x3478 		 Status=Pass
Time=3142174170.000 ns 		 SPI_clock_frequency=3000Hz 		 SPI_MODE=3 		 Operation=Write 		 Data_Size=16 bits 		 Slave_address=0x01 		 Selected_Register=Control Register 		  Data_to_Write=0xffff 		 Status=Pass
Time=3150341450.000 ns 		 SPI_clock_frequency=3000Hz 		 SPI_MODE=3 		 Operation=Read  		 Data_Size=16 bits 		 Slave_address=0x01 		 Selected_Register=Control Register 		  Data_to_Write=0x0 		 Status=Pass
Time=3158508730.000 ns 		 SPI_clock_frequency=3000Hz 		 SPI_MODE=3 		 Operation=Read  		 Data_Size=16 bits 		 Slave_address=0x01 		 Selected_Register=Control Register 		  Data_to_Write=0x5555 		 Status=Pass
Time=3166676010.000 ns 		 SPI_clock_frequency=3000Hz 		 SPI_MODE=3 		 Operation=Read  		 Data_Size=16 bits 		 Slave_address=0x01 		 Selected_Register=Control Register 		  Data_to_Write=0xaaaa 		 Status=Pass
Time=3174843290.000 ns 		 SPI_clock_frequency=3000Hz 		 SPI_MODE=3 		 Operation=Read  		 Data_Size=16 bits 		 Slave_address=0x01 		 Selected_Register=Control Register 		  Data_to_Write=0x3478 		 Status=Pass
Time=3183010570.000 ns 		 SPI_clock_frequency=3000Hz 		 SPI_MODE=3 		 Operation=Read  		 Data_Size=16 bits 		 Slave_address=0x01 		 Selected_Register=Control Register 		  Data_to_Write=0xffff 		 Status=Pass
Time=3190844530.000 ns 		 SPI_clock_frequency=3000Hz 		 SPI_MODE=0 		 Operation=Write 		 Data_Size=16 bits 		 Slave_address=0x02 		 Selected_Register=Status Register    		  Data_to_Write=0x0 		 Status=Pass
Time=3198678490.000 ns 		 SPI_clock_frequency=3000Hz 		 SPI_MODE=0 		 Operation=Write 		 Data_Size=16 bits 		 Slave_address=0x02 		 Selected_Register=Status Register    		  Data_to_Write=0x5555 		 Status=Pass
Time=3206512450.000 ns 		 SPI_clock_frequency=3000Hz 		 SPI_MODE=0 		 Operation=Write 		 Data_Size=16 bits 		 Slave_address=0x02 		 Selected_Register=Status Register    		  Data_to_Write=0xaaaa 		 Status=Pass
Time=3214346410.000 ns 		 SPI_clock_frequency=3000Hz 		 SPI_MODE=0 		 Operation=Write 		 Data_Size=16 bits 		 Slave_address=0x02 		 Selected_Register=Status Register    		  Data_to_Write=0x3478 		 Status=Pass
Time=3222180370.000 ns 		 SPI_clock_frequency=3000Hz 		 SPI_MODE=0 		 Operation=Write 		 Data_Size=16 bits 		 Slave_address=0x02 		 Selected_Register=Status Register    		  Data_to_Write=0xffff 		 Status=Pass
Time=3230014330.000 ns 		 SPI_clock_frequency=3000Hz 		 SPI_MODE=0 		 Operation=Read  		 Data_Size=16 bits 		 Slave_address=0x02 		 Selected_Register=Status Register     		  Data_to_Write=0x0 		 Status=Pass
Time=3237848290.000 ns 		 SPI_clock_frequency=3000Hz 		 SPI_MODE=0 		 Operation=Read  		 Data_Size=16 bits 		 Slave_address=0x02 		 Selected_Register=Status Register     		  Data_to_Write=0x5555 		 Status=Pass
Time=3245682250.000 ns 		 SPI_clock_frequency=3000Hz 		 SPI_MODE=0 		 Operation=Read  		 Data_Size=16 bits 		 Slave_address=0x02 		 Selected_Register=Status Register     		  Data_to_Write=0xaaaa 		 Status=Pass
Time=3253516210.000 ns 		 SPI_clock_frequency=3000Hz 		 SPI_MODE=0 		 Operation=Read  		 Data_Size=16 bits 		 Slave_address=0x02 		 Selected_Register=Status Register     		  Data_to_Write=0x3478 		 Status=Pass
Time=3261350170.000 ns 		 SPI_clock_frequency=3000Hz 		 SPI_MODE=0 		 Operation=Read  		 Data_Size=16 bits 		 Slave_address=0x02 		 Selected_Register=Status Register     		  Data_to_Write=0xffff 		 Status=Pass
Time=3269184130.000 ns 		 SPI_clock_frequency=3000Hz 		 SPI_MODE=1 		 Operation=Write 		 Data_Size=16 bits 		 Slave_address=0x02 		 Selected_Register=Status Register    		  Data_to_Write=0x0 		 Status=Pass
Time=3277018090.000 ns 		 SPI_clock_frequency=3000Hz 		 SPI_MODE=1 		 Operation=Write 		 Data_Size=16 bits 		 Slave_address=0x02 		 Selected_Register=Status Register    		  Data_to_Write=0x5555 		 Status=Pass
Time=3284852050.000 ns 		 SPI_clock_frequency=3000Hz 		 SPI_MODE=1 		 Operation=Write 		 Data_Size=16 bits 		 Slave_address=0x02 		 Selected_Register=Status Register    		  Data_to_Write=0xaaaa 		 Status=Pass
Time=3292686010.000 ns 		 SPI_clock_frequency=3000Hz 		 SPI_MODE=1 		 Operation=Write 		 Data_Size=16 bits 		 Slave_address=0x02 		 Selected_Register=Status Register    		  Data_to_Write=0x3478 		 Status=Pass
Time=3300519970.000 ns 		 SPI_clock_frequency=3000Hz 		 SPI_MODE=1 		 Operation=Write 		 Data_Size=16 bits 		 Slave_address=0x02 		 Selected_Register=Status Register    		  Data_to_Write=0xffff 		 Status=Pass
Time=3308353930.000 ns 		 SPI_clock_frequency=3000Hz 		 SPI_MODE=1 		 Operation=Read  		 Data_Size=16 bits 		 Slave_address=0x02 		 Selected_Register=Status Register     		  Data_to_Write=0x0 		 Status=Pass
Time=3316187890.000 ns 		 SPI_clock_frequency=3000Hz 		 SPI_MODE=1 		 Operation=Read  		 Data_Size=16 bits 		 Slave_address=0x02 		 Selected_Register=Status Register     		  Data_to_Write=0x5555 		 Status=Pass
Time=3324021850.000 ns 		 SPI_clock_frequency=3000Hz 		 SPI_MODE=1 		 Operation=Read  		 Data_Size=16 bits 		 Slave_address=0x02 		 Selected_Register=Status Register     		  Data_to_Write=0xaaaa 		 Status=Pass
Time=3331855810.000 ns 		 SPI_clock_frequency=3000Hz 		 SPI_MODE=1 		 Operation=Read  		 Data_Size=16 bits 		 Slave_address=0x02 		 Selected_Register=Status Register     		  Data_to_Write=0x3478 		 Status=Pass
Time=3339689770.000 ns 		 SPI_clock_frequency=3000Hz 		 SPI_MODE=1 		 Operation=Read  		 Data_Size=16 bits 		 Slave_address=0x02 		 Selected_Register=Status Register     		  Data_to_Write=0xffff 		 Status=Pass
Time=3347857050.000 ns 		 SPI_clock_frequency=3000Hz 		 SPI_MODE=2 		 Operation=Write 		 Data_Size=16 bits 		 Slave_address=0x02 		 Selected_Register=Status Register    		  Data_to_Write=0x0 		 Status=Pass
Time=3356024330.000 ns 		 SPI_clock_frequency=3000Hz 		 SPI_MODE=2 		 Operation=Write 		 Data_Size=16 bits 		 Slave_address=0x02 		 Selected_Register=Status Register    		  Data_to_Write=0x5555 		 Status=Pass
Time=3364191610.000 ns 		 SPI_clock_frequency=3000Hz 		 SPI_MODE=2 		 Operation=Write 		 Data_Size=16 bits 		 Slave_address=0x02 		 Selected_Register=Status Register    		  Data_to_Write=0xaaaa 		 Status=Pass
Time=3372358890.000 ns 		 SPI_clock_frequency=3000Hz 		 SPI_MODE=2 		 Operation=Write 		 Data_Size=16 bits 		 Slave_address=0x02 		 Selected_Register=Status Register    		  Data_to_Write=0x3478 		 Status=Pass
Time=3380526170.000 ns 		 SPI_clock_frequency=3000Hz 		 SPI_MODE=2 		 Operation=Write 		 Data_Size=16 bits 		 Slave_address=0x02 		 Selected_Register=Status Register    		  Data_to_Write=0xffff 		 Status=Pass
Time=3388693450.000 ns 		 SPI_clock_frequency=3000Hz 		 SPI_MODE=2 		 Operation=Read  		 Data_Size=16 bits 		 Slave_address=0x02 		 Selected_Register=Status Register     		  Data_to_Write=0x0 		 Status=Pass
Time=3396860730.000 ns 		 SPI_clock_frequency=3000Hz 		 SPI_MODE=2 		 Operation=Read  		 Data_Size=16 bits 		 Slave_address=0x02 		 Selected_Register=Status Register     		  Data_to_Write=0x5555 		 Status=Pass
Time=3405028010.000 ns 		 SPI_clock_frequency=3000Hz 		 SPI_MODE=2 		 Operation=Read  		 Data_Size=16 bits 		 Slave_address=0x02 		 Selected_Register=Status Register     		  Data_to_Write=0xaaaa 		 Status=Pass
Time=3413195290.000 ns 		 SPI_clock_frequency=3000Hz 		 SPI_MODE=2 		 Operation=Read  		 Data_Size=16 bits 		 Slave_address=0x02 		 Selected_Register=Status Register     		  Data_to_Write=0x3478 		 Status=Pass
Time=3421362570.000 ns 		 SPI_clock_frequency=3000Hz 		 SPI_MODE=2 		 Operation=Read  		 Data_Size=16 bits 		 Slave_address=0x02 		 Selected_Register=Status Register     		  Data_to_Write=0xffff 		 Status=Pass
Time=3429529850.000 ns 		 SPI_clock_frequency=3000Hz 		 SPI_MODE=3 		 Operation=Write 		 Data_Size=16 bits 		 Slave_address=0x02 		 Selected_Register=Status Register    		  Data_to_Write=0x0 		 Status=Pass
Time=3437697130.000 ns 		 SPI_clock_frequency=3000Hz 		 SPI_MODE=3 		 Operation=Write 		 Data_Size=16 bits 		 Slave_address=0x02 		 Selected_Register=Status Register    		  Data_to_Write=0x5555 		 Status=Pass
Time=3445864410.000 ns 		 SPI_clock_frequency=3000Hz 		 SPI_MODE=3 		 Operation=Write 		 Data_Size=16 bits 		 Slave_address=0x02 		 Selected_Register=Status Register    		  Data_to_Write=0xaaaa 		 Status=Pass
Time=3454031690.000 ns 		 SPI_clock_frequency=3000Hz 		 SPI_MODE=3 		 Operation=Write 		 Data_Size=16 bits 		 Slave_address=0x02 		 Selected_Register=Status Register    		  Data_to_Write=0x3478 		 Status=Pass
Time=3462198970.000 ns 		 SPI_clock_frequency=3000Hz 		 SPI_MODE=3 		 Operation=Write 		 Data_Size=16 bits 		 Slave_address=0x02 		 Selected_Register=Status Register    		  Data_to_Write=0xffff 		 Status=Pass
Time=3470366250.000 ns 		 SPI_clock_frequency=3000Hz 		 SPI_MODE=3 		 Operation=Read  		 Data_Size=16 bits 		 Slave_address=0x02 		 Selected_Register=Status Register     		  Data_to_Write=0x0 		 Status=Pass
Time=3478533530.000 ns 		 SPI_clock_frequency=3000Hz 		 SPI_MODE=3 		 Operation=Read  		 Data_Size=16 bits 		 Slave_address=0x02 		 Selected_Register=Status Register     		  Data_to_Write=0x5555 		 Status=Pass
Time=3486700810.000 ns 		 SPI_clock_frequency=3000Hz 		 SPI_MODE=3 		 Operation=Read  		 Data_Size=16 bits 		 Slave_address=0x02 		 Selected_Register=Status Register     		  Data_to_Write=0xaaaa 		 Status=Pass
Time=3494868090.000 ns 		 SPI_clock_frequency=3000Hz 		 SPI_MODE=3 		 Operation=Read  		 Data_Size=16 bits 		 Slave_address=0x02 		 Selected_Register=Status Register     		  Data_to_Write=0x3478 		 Status=Pass
Time=3503035370.000 ns 		 SPI_clock_frequency=3000Hz 		 SPI_MODE=3 		 Operation=Read  		 Data_Size=16 bits 		 Slave_address=0x02 		 Selected_Register=Status Register     		  Data_to_Write=0xffff 		 Status=Pass
Time=3510869330.000 ns 		 SPI_clock_frequency=3000Hz 		 SPI_MODE=0 		 Operation=Write 		 Data_Size=16 bits 		 Slave_address=0x03 		 Selected_Register=Data Register      		  Data_to_Write=0x0 		 Status=Pass
Time=3518703290.000 ns 		 SPI_clock_frequency=3000Hz 		 SPI_MODE=0 		 Operation=Write 		 Data_Size=16 bits 		 Slave_address=0x03 		 Selected_Register=Data Register      		  Data_to_Write=0x5555 		 Status=Pass
Time=3526537250.000 ns 		 SPI_clock_frequency=3000Hz 		 SPI_MODE=0 		 Operation=Write 		 Data_Size=16 bits 		 Slave_address=0x03 		 Selected_Register=Data Register      		  Data_to_Write=0xaaaa 		 Status=Pass
Time=3534371210.000 ns 		 SPI_clock_frequency=3000Hz 		 SPI_MODE=0 		 Operation=Write 		 Data_Size=16 bits 		 Slave_address=0x03 		 Selected_Register=Data Register      		  Data_to_Write=0x3478 		 Status=Pass
Time=3542205170.000 ns 		 SPI_clock_frequency=3000Hz 		 SPI_MODE=0 		 Operation=Write 		 Data_Size=16 bits 		 Slave_address=0x03 		 Selected_Register=Data Register      		  Data_to_Write=0xffff 		 Status=Pass
Time=3550039130.000 ns 		 SPI_clock_frequency=3000Hz 		 SPI_MODE=0 		 Operation=Read  		 Data_Size=16 bits 		 Slave_address=0x03 		 Selected_Register=Data Register       		  Data_to_Write=0x0 		 Status=Pass
Time=3557873090.000 ns 		 SPI_clock_frequency=3000Hz 		 SPI_MODE=0 		 Operation=Read  		 Data_Size=16 bits 		 Slave_address=0x03 		 Selected_Register=Data Register       		  Data_to_Write=0x5555 		 Status=Pass
Time=3565707050.000 ns 		 SPI_clock_frequency=3000Hz 		 SPI_MODE=0 		 Operation=Read  		 Data_Size=16 bits 		 Slave_address=0x03 		 Selected_Register=Data Register       		  Data_to_Write=0xaaaa 		 Status=Pass
Time=3573541010.000 ns 		 SPI_clock_frequency=3000Hz 		 SPI_MODE=0 		 Operation=Read  		 Data_Size=16 bits 		 Slave_address=0x03 		 Selected_Register=Data Register       		  Data_to_Write=0x3478 		 Status=Pass
Time=3581374970.000 ns 		 SPI_clock_frequency=3000Hz 		 SPI_MODE=0 		 Operation=Read  		 Data_Size=16 bits 		 Slave_address=0x03 		 Selected_Register=Data Register       		  Data_to_Write=0xffff 		 Status=Pass
Time=3589208930.000 ns 		 SPI_clock_frequency=3000Hz 		 SPI_MODE=1 		 Operation=Write 		 Data_Size=16 bits 		 Slave_address=0x03 		 Selected_Register=Data Register      		  Data_to_Write=0x0 		 Status=Pass
Time=3597042890.000 ns 		 SPI_clock_frequency=3000Hz 		 SPI_MODE=1 		 Operation=Write 		 Data_Size=16 bits 		 Slave_address=0x03 		 Selected_Register=Data Register      		  Data_to_Write=0x5555 		 Status=Pass
Time=3604876850.000 ns 		 SPI_clock_frequency=3000Hz 		 SPI_MODE=1 		 Operation=Write 		 Data_Size=16 bits 		 Slave_address=0x03 		 Selected_Register=Data Register      		  Data_to_Write=0xaaaa 		 Status=Pass
Time=3612710810.000 ns 		 SPI_clock_frequency=3000Hz 		 SPI_MODE=1 		 Operation=Write 		 Data_Size=16 bits 		 Slave_address=0x03 		 Selected_Register=Data Register      		  Data_to_Write=0x3478 		 Status=Pass
Time=3620544770.000 ns 		 SPI_clock_frequency=3000Hz 		 SPI_MODE=1 		 Operation=Write 		 Data_Size=16 bits 		 Slave_address=0x03 		 Selected_Register=Data Register      		  Data_to_Write=0xffff 		 Status=Pass
Time=3628378730.000 ns 		 SPI_clock_frequency=3000Hz 		 SPI_MODE=1 		 Operation=Read  		 Data_Size=16 bits 		 Slave_address=0x03 		 Selected_Register=Data Register       		  Data_to_Write=0x0 		 Status=Pass
Time=3636212690.000 ns 		 SPI_clock_frequency=3000Hz 		 SPI_MODE=1 		 Operation=Read  		 Data_Size=16 bits 		 Slave_address=0x03 		 Selected_Register=Data Register       		  Data_to_Write=0x5555 		 Status=Pass
Time=3644046650.000 ns 		 SPI_clock_frequency=3000Hz 		 SPI_MODE=1 		 Operation=Read  		 Data_Size=16 bits 		 Slave_address=0x03 		 Selected_Register=Data Register       		  Data_to_Write=0xaaaa 		 Status=Pass
Time=3651880610.000 ns 		 SPI_clock_frequency=3000Hz 		 SPI_MODE=1 		 Operation=Read  		 Data_Size=16 bits 		 Slave_address=0x03 		 Selected_Register=Data Register       		  Data_to_Write=0x3478 		 Status=Pass
Time=3659714570.000 ns 		 SPI_clock_frequency=3000Hz 		 SPI_MODE=1 		 Operation=Read  		 Data_Size=16 bits 		 Slave_address=0x03 		 Selected_Register=Data Register       		  Data_to_Write=0xffff 		 Status=Pass
Time=3667881850.000 ns 		 SPI_clock_frequency=3000Hz 		 SPI_MODE=2 		 Operation=Write 		 Data_Size=16 bits 		 Slave_address=0x03 		 Selected_Register=Data Register      		  Data_to_Write=0x0 		 Status=Pass
Time=3676049130.000 ns 		 SPI_clock_frequency=3000Hz 		 SPI_MODE=2 		 Operation=Write 		 Data_Size=16 bits 		 Slave_address=0x03 		 Selected_Register=Data Register      		  Data_to_Write=0x5555 		 Status=Pass
Time=3684216410.000 ns 		 SPI_clock_frequency=3000Hz 		 SPI_MODE=2 		 Operation=Write 		 Data_Size=16 bits 		 Slave_address=0x03 		 Selected_Register=Data Register      		  Data_to_Write=0xaaaa 		 Status=Pass
Time=3692383690.000 ns 		 SPI_clock_frequency=3000Hz 		 SPI_MODE=2 		 Operation=Write 		 Data_Size=16 bits 		 Slave_address=0x03 		 Selected_Register=Data Register      		  Data_to_Write=0x3478 		 Status=Pass
Time=3700550970.000 ns 		 SPI_clock_frequency=3000Hz 		 SPI_MODE=2 		 Operation=Write 		 Data_Size=16 bits 		 Slave_address=0x03 		 Selected_Register=Data Register      		  Data_to_Write=0xffff 		 Status=Pass
Time=3708718250.000 ns 		 SPI_clock_frequency=3000Hz 		 SPI_MODE=2 		 Operation=Read  		 Data_Size=16 bits 		 Slave_address=0x03 		 Selected_Register=Data Register       		  Data_to_Write=0x0 		 Status=Pass
Time=3716885530.000 ns 		 SPI_clock_frequency=3000Hz 		 SPI_MODE=2 		 Operation=Read  		 Data_Size=16 bits 		 Slave_address=0x03 		 Selected_Register=Data Register       		  Data_to_Write=0x5555 		 Status=Pass
Time=3725052810.000 ns 		 SPI_clock_frequency=3000Hz 		 SPI_MODE=2 		 Operation=Read  		 Data_Size=16 bits 		 Slave_address=0x03 		 Selected_Register=Data Register       		  Data_to_Write=0xaaaa 		 Status=Pass
Time=3733220090.000 ns 		 SPI_clock_frequency=3000Hz 		 SPI_MODE=2 		 Operation=Read  		 Data_Size=16 bits 		 Slave_address=0x03 		 Selected_Register=Data Register       		  Data_to_Write=0x3478 		 Status=Pass
Time=3741387370.000 ns 		 SPI_clock_frequency=3000Hz 		 SPI_MODE=2 		 Operation=Read  		 Data_Size=16 bits 		 Slave_address=0x03 		 Selected_Register=Data Register       		  Data_to_Write=0xffff 		 Status=Pass
Time=3749554650.000 ns 		 SPI_clock_frequency=3000Hz 		 SPI_MODE=3 		 Operation=Write 		 Data_Size=16 bits 		 Slave_address=0x03 		 Selected_Register=Data Register      		  Data_to_Write=0x0 		 Status=Pass
Time=3757721930.000 ns 		 SPI_clock_frequency=3000Hz 		 SPI_MODE=3 		 Operation=Write 		 Data_Size=16 bits 		 Slave_address=0x03 		 Selected_Register=Data Register      		  Data_to_Write=0x5555 		 Status=Pass
Time=3765889210.000 ns 		 SPI_clock_frequency=3000Hz 		 SPI_MODE=3 		 Operation=Write 		 Data_Size=16 bits 		 Slave_address=0x03 		 Selected_Register=Data Register      		  Data_to_Write=0xaaaa 		 Status=Pass
Time=3774056490.000 ns 		 SPI_clock_frequency=3000Hz 		 SPI_MODE=3 		 Operation=Write 		 Data_Size=16 bits 		 Slave_address=0x03 		 Selected_Register=Data Register      		  Data_to_Write=0x3478 		 Status=Pass
Time=3782223770.000 ns 		 SPI_clock_frequency=3000Hz 		 SPI_MODE=3 		 Operation=Write 		 Data_Size=16 bits 		 Slave_address=0x03 		 Selected_Register=Data Register      		  Data_to_Write=0xffff 		 Status=Pass
Time=3790391050.000 ns 		 SPI_clock_frequency=3000Hz 		 SPI_MODE=3 		 Operation=Read  		 Data_Size=16 bits 		 Slave_address=0x03 		 Selected_Register=Data Register       		  Data_to_Write=0x0 		 Status=Pass
Time=3798558330.000 ns 		 SPI_clock_frequency=3000Hz 		 SPI_MODE=3 		 Operation=Read  		 Data_Size=16 bits 		 Slave_address=0x03 		 Selected_Register=Data Register       		  Data_to_Write=0x5555 		 Status=Pass
Time=3806725610.000 ns 		 SPI_clock_frequency=3000Hz 		 SPI_MODE=3 		 Operation=Read  		 Data_Size=16 bits 		 Slave_address=0x03 		 Selected_Register=Data Register       		  Data_to_Write=0xaaaa 		 Status=Pass
Time=3814892890.000 ns 		 SPI_clock_frequency=3000Hz 		 SPI_MODE=3 		 Operation=Read  		 Data_Size=16 bits 		 Slave_address=0x03 		 Selected_Register=Data Register       		  Data_to_Write=0x3478 		 Status=Pass
Time=3823060170.000 ns 		 SPI_clock_frequency=3000Hz 		 SPI_MODE=3 		 Operation=Read  		 Data_Size=16 bits 		 Slave_address=0x03 		 Selected_Register=Data Register       		  Data_to_Write=0xffff 		 Status=Pass
 ERROR: Invalid Slave Address (04)
 ERROR: Invalid Slave Address (04)
 ERROR: Invalid Slave Address (04)
 ERROR: Invalid Slave Address (04)
 ERROR: Invalid Slave Address (04)
 ERROR: Invalid Slave Address (04)
 ERROR: Invalid Slave Address (04)
 ERROR: Invalid Slave Address (04)
 ERROR: Invalid Slave Address (04)
 ERROR: Invalid Slave Address (04)
 ERROR: Invalid Slave Address (04)
 ERROR: Invalid Slave Address (04)
 ERROR: Invalid Slave Address (04)
 ERROR: Invalid Slave Address (04)
 ERROR: Invalid Slave Address (04)
 ERROR: Invalid Slave Address (04)
 ERROR: Invalid Slave Address (04)
 ERROR: Invalid Slave Address (04)
 ERROR: Invalid Slave Address (04)
 ERROR: Invalid Slave Address (04)
 ERROR: Invalid Slave Address (04)
 ERROR: Invalid Slave Address (04)
 ERROR: Invalid Slave Address (04)
 ERROR: Invalid Slave Address (04)
 ERROR: Invalid Slave Address (04)
 ERROR: Invalid Slave Address (04)
 ERROR: Invalid Slave Address (04)
 ERROR: Invalid Slave Address (04)
 ERROR: Invalid Slave Address (04)
 ERROR: Invalid Slave Address (04)
 ERROR: Invalid Slave Address (04)
 ERROR: Invalid Slave Address (04)
 ERROR: Invalid Slave Address (04)
 ERROR: Invalid Slave Address (04)
 ERROR: Invalid Slave Address (04)
 ERROR: Invalid Slave Address (04)
 ERROR: Invalid Slave Address (04)
 ERROR: Invalid Slave Address (04)
 ERROR: Invalid Slave Address (04)
 ERROR: Invalid Slave Address (04)
 ERROR: Invalid Slave Address (05)
 ERROR: Invalid Slave Address (05)
 ERROR: Invalid Slave Address (05)
 ERROR: Invalid Slave Address (05)
 ERROR: Invalid Slave Address (05)
 ERROR: Invalid Slave Address (05)
 ERROR: Invalid Slave Address (05)
 ERROR: Invalid Slave Address (05)
 ERROR: Invalid Slave Address (05)
 ERROR: Invalid Slave Address (05)
 ERROR: Invalid Slave Address (05)
 ERROR: Invalid Slave Address (05)
 ERROR: Invalid Slave Address (05)
 ERROR: Invalid Slave Address (05)
 ERROR: Invalid Slave Address (05)
 ERROR: Invalid Slave Address (05)
 ERROR: Invalid Slave Address (05)
 ERROR: Invalid Slave Address (05)
 ERROR: Invalid Slave Address (05)
 ERROR: Invalid Slave Address (05)
 ERROR: Invalid Slave Address (05)
 ERROR: Invalid Slave Address (05)
 ERROR: Invalid Slave Address (05)
 ERROR: Invalid Slave Address (05)
 ERROR: Invalid Slave Address (05)
 ERROR: Invalid Slave Address (05)
 ERROR: Invalid Slave Address (05)
 ERROR: Invalid Slave Address (05)
 ERROR: Invalid Slave Address (05)
 ERROR: Invalid Slave Address (05)
 ERROR: Invalid Slave Address (05)
 ERROR: Invalid Slave Address (05)
 ERROR: Invalid Slave Address (05)
 ERROR: Invalid Slave Address (05)
 ERROR: Invalid Slave Address (05)
 ERROR: Invalid Slave Address (05)
 ERROR: Invalid Slave Address (05)
 ERROR: Invalid Slave Address (05)
 ERROR: Invalid Slave Address (05)
 ERROR: Invalid Slave Address (05)
 ERROR: Writing a read only register (Device ID)
 ERROR: Writing a read only register (Device ID)
 ERROR: Writing a read only register (Device ID)
 ERROR: Writing a read only register (Device ID)
 ERROR: Writing a read only register (Device ID)
Time=3823081710.000 ns 		 SPI_clock_frequency=1000000Hz 		 SPI_MODE=0 		 Operation=Read  		 Data_Size=8 bits 		 Slave_address=0x00 		 Selected_Register=Device ID          		  Data_to_Write=0x0 		 Status=Pass
Time=3823098150.000 ns 		 SPI_clock_frequency=1000000Hz 		 SPI_MODE=0 		 Operation=Read  		 Data_Size=8 bits 		 Slave_address=0x00 		 Selected_Register=Device ID          		  Data_to_Write=0x55 		 Status=Pass
Time=3823114590.000 ns 		 SPI_clock_frequency=1000000Hz 		 SPI_MODE=0 		 Operation=Read  		 Data_Size=8 bits 		 Slave_address=0x00 		 Selected_Register=Device ID          		  Data_to_Write=0xaa 		 Status=Pass
Time=3823131030.000 ns 		 SPI_clock_frequency=1000000Hz 		 SPI_MODE=0 		 Operation=Read  		 Data_Size=8 bits 		 Slave_address=0x00 		 Selected_Register=Device ID          		  Data_to_Write=0xbe 		 Status=Pass
Time=3823147470.000 ns 		 SPI_clock_frequency=1000000Hz 		 SPI_MODE=0 		 Operation=Read  		 Data_Size=8 bits 		 Slave_address=0x00 		 Selected_Register=Device ID          		  Data_to_Write=0xff 		 Status=Pass
 ERROR: Writing a read only register (Device ID)
 ERROR: Writing a read only register (Device ID)
 ERROR: Writing a read only register (Device ID)
 ERROR: Writing a read only register (Device ID)
 ERROR: Writing a read only register (Device ID)
Time=3823164210.000 ns 		 SPI_clock_frequency=1000000Hz 		 SPI_MODE=1 		 Operation=Read  		 Data_Size=8 bits 		 Slave_address=0x00 		 Selected_Register=Device ID          		  Data_to_Write=0x0 		 Status=Pass
Time=3823180650.000 ns 		 SPI_clock_frequency=1000000Hz 		 SPI_MODE=1 		 Operation=Read  		 Data_Size=8 bits 		 Slave_address=0x00 		 Selected_Register=Device ID          		  Data_to_Write=0x55 		 Status=Pass
Time=3823197090.000 ns 		 SPI_clock_frequency=1000000Hz 		 SPI_MODE=1 		 Operation=Read  		 Data_Size=8 bits 		 Slave_address=0x00 		 Selected_Register=Device ID          		  Data_to_Write=0xaa 		 Status=Pass
Time=3823213530.000 ns 		 SPI_clock_frequency=1000000Hz 		 SPI_MODE=1 		 Operation=Read  		 Data_Size=8 bits 		 Slave_address=0x00 		 Selected_Register=Device ID          		  Data_to_Write=0xbe 		 Status=Pass
Time=3823229970.000 ns 		 SPI_clock_frequency=1000000Hz 		 SPI_MODE=1 		 Operation=Read  		 Data_Size=8 bits 		 Slave_address=0x00 		 Selected_Register=Device ID          		  Data_to_Write=0xff 		 Status=Pass
 ERROR: Writing a read only register (Device ID)
 ERROR: Writing a read only register (Device ID)
 ERROR: Writing a read only register (Device ID)
 ERROR: Writing a read only register (Device ID)
 ERROR: Writing a read only register (Device ID)
Time=3823247710.000 ns 		 SPI_clock_frequency=1000000Hz 		 SPI_MODE=2 		 Operation=Read  		 Data_Size=8 bits 		 Slave_address=0x00 		 Selected_Register=Device ID          		  Data_to_Write=0x0 		 Status=Pass
Time=3823265150.000 ns 		 SPI_clock_frequency=1000000Hz 		 SPI_MODE=2 		 Operation=Read  		 Data_Size=8 bits 		 Slave_address=0x00 		 Selected_Register=Device ID          		  Data_to_Write=0x55 		 Status=Pass
Time=3823282590.000 ns 		 SPI_clock_frequency=1000000Hz 		 SPI_MODE=2 		 Operation=Read  		 Data_Size=8 bits 		 Slave_address=0x00 		 Selected_Register=Device ID          		  Data_to_Write=0xaa 		 Status=Pass
Time=3823300030.000 ns 		 SPI_clock_frequency=1000000Hz 		 SPI_MODE=2 		 Operation=Read  		 Data_Size=8 bits 		 Slave_address=0x00 		 Selected_Register=Device ID          		  Data_to_Write=0xbe 		 Status=Pass
Time=3823317470.000 ns 		 SPI_clock_frequency=1000000Hz 		 SPI_MODE=2 		 Operation=Read  		 Data_Size=8 bits 		 Slave_address=0x00 		 Selected_Register=Device ID          		  Data_to_Write=0xff 		 Status=Pass
 ERROR: Writing a read only register (Device ID)
 ERROR: Writing a read only register (Device ID)
 ERROR: Writing a read only register (Device ID)
 ERROR: Writing a read only register (Device ID)
 ERROR: Writing a read only register (Device ID)
Time=3823335210.000 ns 		 SPI_clock_frequency=1000000Hz 		 SPI_MODE=3 		 Operation=Read  		 Data_Size=8 bits 		 Slave_address=0x00 		 Selected_Register=Device ID          		  Data_to_Write=0x0 		 Status=Pass
Time=3823352650.000 ns 		 SPI_clock_frequency=1000000Hz 		 SPI_MODE=3 		 Operation=Read  		 Data_Size=8 bits 		 Slave_address=0x00 		 Selected_Register=Device ID          		  Data_to_Write=0x55 		 Status=Pass
Time=3823370090.000 ns 		 SPI_clock_frequency=1000000Hz 		 SPI_MODE=3 		 Operation=Read  		 Data_Size=8 bits 		 Slave_address=0x00 		 Selected_Register=Device ID          		  Data_to_Write=0xaa 		 Status=Pass
Time=3823387530.000 ns 		 SPI_clock_frequency=1000000Hz 		 SPI_MODE=3 		 Operation=Read  		 Data_Size=8 bits 		 Slave_address=0x00 		 Selected_Register=Device ID          		  Data_to_Write=0xbe 		 Status=Pass
Time=3823404970.000 ns 		 SPI_clock_frequency=1000000Hz 		 SPI_MODE=3 		 Operation=Read  		 Data_Size=8 bits 		 Slave_address=0x00 		 Selected_Register=Device ID          		  Data_to_Write=0xff 		 Status=Pass
Time=3823421410.000 ns 		 SPI_clock_frequency=1000000Hz 		 SPI_MODE=0 		 Operation=Write 		 Data_Size=8 bits 		 Slave_address=0x01 		 Selected_Register=Control Register 		  Data_to_Write=0x0 		 Status=Pass
Time=3823437850.000 ns 		 SPI_clock_frequency=1000000Hz 		 SPI_MODE=0 		 Operation=Write 		 Data_Size=8 bits 		 Slave_address=0x01 		 Selected_Register=Control Register 		  Data_to_Write=0x55 		 Status=Pass
Time=3823454290.000 ns 		 SPI_clock_frequency=1000000Hz 		 SPI_MODE=0 		 Operation=Write 		 Data_Size=8 bits 		 Slave_address=0x01 		 Selected_Register=Control Register 		  Data_to_Write=0xaa 		 Status=Pass
Time=3823470730.000 ns 		 SPI_clock_frequency=1000000Hz 		 SPI_MODE=0 		 Operation=Write 		 Data_Size=8 bits 		 Slave_address=0x01 		 Selected_Register=Control Register 		  Data_to_Write=0xbe 		 Status=Pass
Time=3823487170.000 ns 		 SPI_clock_frequency=1000000Hz 		 SPI_MODE=0 		 Operation=Write 		 Data_Size=8 bits 		 Slave_address=0x01 		 Selected_Register=Control Register 		  Data_to_Write=0xff 		 Status=Pass
Time=3823503610.000 ns 		 SPI_clock_frequency=1000000Hz 		 SPI_MODE=0 		 Operation=Read  		 Data_Size=8 bits 		 Slave_address=0x01 		 Selected_Register=Control Register 		  Data_to_Write=0x0 		 Status=Pass
Time=3823520050.000 ns 		 SPI_clock_frequency=1000000Hz 		 SPI_MODE=0 		 Operation=Read  		 Data_Size=8 bits 		 Slave_address=0x01 		 Selected_Register=Control Register 		  Data_to_Write=0x55 		 Status=Pass
Time=3823536490.000 ns 		 SPI_clock_frequency=1000000Hz 		 SPI_MODE=0 		 Operation=Read  		 Data_Size=8 bits 		 Slave_address=0x01 		 Selected_Register=Control Register 		  Data_to_Write=0xaa 		 Status=Pass
Time=3823552930.000 ns 		 SPI_clock_frequency=1000000Hz 		 SPI_MODE=0 		 Operation=Read  		 Data_Size=8 bits 		 Slave_address=0x01 		 Selected_Register=Control Register 		  Data_to_Write=0xbe 		 Status=Pass
Time=3823569370.000 ns 		 SPI_clock_frequency=1000000Hz 		 SPI_MODE=0 		 Operation=Read  		 Data_Size=8 bits 		 Slave_address=0x01 		 Selected_Register=Control Register 		  Data_to_Write=0xff 		 Status=Pass
Time=3823585810.000 ns 		 SPI_clock_frequency=1000000Hz 		 SPI_MODE=1 		 Operation=Write 		 Data_Size=8 bits 		 Slave_address=0x01 		 Selected_Register=Control Register 		  Data_to_Write=0x0 		 Status=Pass
Time=3823602250.000 ns 		 SPI_clock_frequency=1000000Hz 		 SPI_MODE=1 		 Operation=Write 		 Data_Size=8 bits 		 Slave_address=0x01 		 Selected_Register=Control Register 		  Data_to_Write=0x55 		 Status=Pass
Time=3823618690.000 ns 		 SPI_clock_frequency=1000000Hz 		 SPI_MODE=1 		 Operation=Write 		 Data_Size=8 bits 		 Slave_address=0x01 		 Selected_Register=Control Register 		  Data_to_Write=0xaa 		 Status=Pass
Time=3823635130.000 ns 		 SPI_clock_frequency=1000000Hz 		 SPI_MODE=1 		 Operation=Write 		 Data_Size=8 bits 		 Slave_address=0x01 		 Selected_Register=Control Register 		  Data_to_Write=0xbe 		 Status=Pass
Time=3823651570.000 ns 		 SPI_clock_frequency=1000000Hz 		 SPI_MODE=1 		 Operation=Write 		 Data_Size=8 bits 		 Slave_address=0x01 		 Selected_Register=Control Register 		  Data_to_Write=0xff 		 Status=Pass
Time=3823668010.000 ns 		 SPI_clock_frequency=1000000Hz 		 SPI_MODE=1 		 Operation=Read  		 Data_Size=8 bits 		 Slave_address=0x01 		 Selected_Register=Control Register 		  Data_to_Write=0x0 		 Status=Pass
Time=3823684450.000 ns 		 SPI_clock_frequency=1000000Hz 		 SPI_MODE=1 		 Operation=Read  		 Data_Size=8 bits 		 Slave_address=0x01 		 Selected_Register=Control Register 		  Data_to_Write=0x55 		 Status=Pass
Time=3823700890.000 ns 		 SPI_clock_frequency=1000000Hz 		 SPI_MODE=1 		 Operation=Read  		 Data_Size=8 bits 		 Slave_address=0x01 		 Selected_Register=Control Register 		  Data_to_Write=0xaa 		 Status=Pass
Time=3823717330.000 ns 		 SPI_clock_frequency=1000000Hz 		 SPI_MODE=1 		 Operation=Read  		 Data_Size=8 bits 		 Slave_address=0x01 		 Selected_Register=Control Register 		  Data_to_Write=0xbe 		 Status=Pass
Time=3823733770.000 ns 		 SPI_clock_frequency=1000000Hz 		 SPI_MODE=1 		 Operation=Read  		 Data_Size=8 bits 		 Slave_address=0x01 		 Selected_Register=Control Register 		  Data_to_Write=0xff 		 Status=Pass
Time=3823751210.000 ns 		 SPI_clock_frequency=1000000Hz 		 SPI_MODE=2 		 Operation=Write 		 Data_Size=8 bits 		 Slave_address=0x01 		 Selected_Register=Control Register 		  Data_to_Write=0x0 		 Status=Pass
Time=3823768650.000 ns 		 SPI_clock_frequency=1000000Hz 		 SPI_MODE=2 		 Operation=Write 		 Data_Size=8 bits 		 Slave_address=0x01 		 Selected_Register=Control Register 		  Data_to_Write=0x55 		 Status=Pass
Time=3823786090.000 ns 		 SPI_clock_frequency=1000000Hz 		 SPI_MODE=2 		 Operation=Write 		 Data_Size=8 bits 		 Slave_address=0x01 		 Selected_Register=Control Register 		  Data_to_Write=0xaa 		 Status=Pass
Time=3823803530.000 ns 		 SPI_clock_frequency=1000000Hz 		 SPI_MODE=2 		 Operation=Write 		 Data_Size=8 bits 		 Slave_address=0x01 		 Selected_Register=Control Register 		  Data_to_Write=0xbe 		 Status=Pass
Time=3823820970.000 ns 		 SPI_clock_frequency=1000000Hz 		 SPI_MODE=2 		 Operation=Write 		 Data_Size=8 bits 		 Slave_address=0x01 		 Selected_Register=Control Register 		  Data_to_Write=0xff 		 Status=Pass
Time=3823838410.000 ns 		 SPI_clock_frequency=1000000Hz 		 SPI_MODE=2 		 Operation=Read  		 Data_Size=8 bits 		 Slave_address=0x01 		 Selected_Register=Control Register 		  Data_to_Write=0x0 		 Status=Pass
Time=3823855850.000 ns 		 SPI_clock_frequency=1000000Hz 		 SPI_MODE=2 		 Operation=Read  		 Data_Size=8 bits 		 Slave_address=0x01 		 Selected_Register=Control Register 		  Data_to_Write=0x55 		 Status=Pass
Time=3823873290.000 ns 		 SPI_clock_frequency=1000000Hz 		 SPI_MODE=2 		 Operation=Read  		 Data_Size=8 bits 		 Slave_address=0x01 		 Selected_Register=Control Register 		  Data_to_Write=0xaa 		 Status=Pass
Time=3823890730.000 ns 		 SPI_clock_frequency=1000000Hz 		 SPI_MODE=2 		 Operation=Read  		 Data_Size=8 bits 		 Slave_address=0x01 		 Selected_Register=Control Register 		  Data_to_Write=0xbe 		 Status=Pass
Time=3823908170.000 ns 		 SPI_clock_frequency=1000000Hz 		 SPI_MODE=2 		 Operation=Read  		 Data_Size=8 bits 		 Slave_address=0x01 		 Selected_Register=Control Register 		  Data_to_Write=0xff 		 Status=Pass
Time=3823925610.000 ns 		 SPI_clock_frequency=1000000Hz 		 SPI_MODE=3 		 Operation=Write 		 Data_Size=8 bits 		 Slave_address=0x01 		 Selected_Register=Control Register 		  Data_to_Write=0x0 		 Status=Pass
Time=3823943050.000 ns 		 SPI_clock_frequency=1000000Hz 		 SPI_MODE=3 		 Operation=Write 		 Data_Size=8 bits 		 Slave_address=0x01 		 Selected_Register=Control Register 		  Data_to_Write=0x55 		 Status=Pass
Time=3823960490.000 ns 		 SPI_clock_frequency=1000000Hz 		 SPI_MODE=3 		 Operation=Write 		 Data_Size=8 bits 		 Slave_address=0x01 		 Selected_Register=Control Register 		  Data_to_Write=0xaa 		 Status=Pass
Time=3823977930.000 ns 		 SPI_clock_frequency=1000000Hz 		 SPI_MODE=3 		 Operation=Write 		 Data_Size=8 bits 		 Slave_address=0x01 		 Selected_Register=Control Register 		  Data_to_Write=0xbe 		 Status=Pass
Time=3823995370.000 ns 		 SPI_clock_frequency=1000000Hz 		 SPI_MODE=3 		 Operation=Write 		 Data_Size=8 bits 		 Slave_address=0x01 		 Selected_Register=Control Register 		  Data_to_Write=0xff 		 Status=Pass
Time=3824012810.000 ns 		 SPI_clock_frequency=1000000Hz 		 SPI_MODE=3 		 Operation=Read  		 Data_Size=8 bits 		 Slave_address=0x01 		 Selected_Register=Control Register 		  Data_to_Write=0x0 		 Status=Pass
Time=3824030250.000 ns 		 SPI_clock_frequency=1000000Hz 		 SPI_MODE=3 		 Operation=Read  		 Data_Size=8 bits 		 Slave_address=0x01 		 Selected_Register=Control Register 		  Data_to_Write=0x55 		 Status=Pass
Time=3824047690.000 ns 		 SPI_clock_frequency=1000000Hz 		 SPI_MODE=3 		 Operation=Read  		 Data_Size=8 bits 		 Slave_address=0x01 		 Selected_Register=Control Register 		  Data_to_Write=0xaa 		 Status=Pass
Time=3824065130.000 ns 		 SPI_clock_frequency=1000000Hz 		 SPI_MODE=3 		 Operation=Read  		 Data_Size=8 bits 		 Slave_address=0x01 		 Selected_Register=Control Register 		  Data_to_Write=0xbe 		 Status=Pass
Time=3824082570.000 ns 		 SPI_clock_frequency=1000000Hz 		 SPI_MODE=3 		 Operation=Read  		 Data_Size=8 bits 		 Slave_address=0x01 		 Selected_Register=Control Register 		  Data_to_Write=0xff 		 Status=Pass
Time=3824099010.000 ns 		 SPI_clock_frequency=1000000Hz 		 SPI_MODE=0 		 Operation=Write 		 Data_Size=8 bits 		 Slave_address=0x02 		 Selected_Register=Status Register    		  Data_to_Write=0x0 		 Status=Pass
Time=3824115450.000 ns 		 SPI_clock_frequency=1000000Hz 		 SPI_MODE=0 		 Operation=Write 		 Data_Size=8 bits 		 Slave_address=0x02 		 Selected_Register=Status Register    		  Data_to_Write=0x55 		 Status=Pass
Time=3824131890.000 ns 		 SPI_clock_frequency=1000000Hz 		 SPI_MODE=0 		 Operation=Write 		 Data_Size=8 bits 		 Slave_address=0x02 		 Selected_Register=Status Register    		  Data_to_Write=0xaa 		 Status=Pass
Time=3824148330.000 ns 		 SPI_clock_frequency=1000000Hz 		 SPI_MODE=0 		 Operation=Write 		 Data_Size=8 bits 		 Slave_address=0x02 		 Selected_Register=Status Register    		  Data_to_Write=0xbe 		 Status=Pass
Time=3824164770.000 ns 		 SPI_clock_frequency=1000000Hz 		 SPI_MODE=0 		 Operation=Write 		 Data_Size=8 bits 		 Slave_address=0x02 		 Selected_Register=Status Register    		  Data_to_Write=0xff 		 Status=Pass
Time=3824181210.000 ns 		 SPI_clock_frequency=1000000Hz 		 SPI_MODE=0 		 Operation=Read  		 Data_Size=8 bits 		 Slave_address=0x02 		 Selected_Register=Status Register     		  Data_to_Write=0x0 		 Status=Pass
Time=3824197650.000 ns 		 SPI_clock_frequency=1000000Hz 		 SPI_MODE=0 		 Operation=Read  		 Data_Size=8 bits 		 Slave_address=0x02 		 Selected_Register=Status Register     		  Data_to_Write=0x55 		 Status=Pass
Time=3824214090.000 ns 		 SPI_clock_frequency=1000000Hz 		 SPI_MODE=0 		 Operation=Read  		 Data_Size=8 bits 		 Slave_address=0x02 		 Selected_Register=Status Register     		  Data_to_Write=0xaa 		 Status=Pass
Time=3824230530.000 ns 		 SPI_clock_frequency=1000000Hz 		 SPI_MODE=0 		 Operation=Read  		 Data_Size=8 bits 		 Slave_address=0x02 		 Selected_Register=Status Register     		  Data_to_Write=0xbe 		 Status=Pass
Time=3824246970.000 ns 		 SPI_clock_frequency=1000000Hz 		 SPI_MODE=0 		 Operation=Read  		 Data_Size=8 bits 		 Slave_address=0x02 		 Selected_Register=Status Register     		  Data_to_Write=0xff 		 Status=Pass
Time=3824263410.000 ns 		 SPI_clock_frequency=1000000Hz 		 SPI_MODE=1 		 Operation=Write 		 Data_Size=8 bits 		 Slave_address=0x02 		 Selected_Register=Status Register    		  Data_to_Write=0x0 		 Status=Pass
Time=3824279850.000 ns 		 SPI_clock_frequency=1000000Hz 		 SPI_MODE=1 		 Operation=Write 		 Data_Size=8 bits 		 Slave_address=0x02 		 Selected_Register=Status Register    		  Data_to_Write=0x55 		 Status=Pass
Time=3824296290.000 ns 		 SPI_clock_frequency=1000000Hz 		 SPI_MODE=1 		 Operation=Write 		 Data_Size=8 bits 		 Slave_address=0x02 		 Selected_Register=Status Register    		  Data_to_Write=0xaa 		 Status=Pass
Time=3824312730.000 ns 		 SPI_clock_frequency=1000000Hz 		 SPI_MODE=1 		 Operation=Write 		 Data_Size=8 bits 		 Slave_address=0x02 		 Selected_Register=Status Register    		  Data_to_Write=0xbe 		 Status=Pass
Time=3824329170.000 ns 		 SPI_clock_frequency=1000000Hz 		 SPI_MODE=1 		 Operation=Write 		 Data_Size=8 bits 		 Slave_address=0x02 		 Selected_Register=Status Register    		  Data_to_Write=0xff 		 Status=Pass
Time=3824345610.000 ns 		 SPI_clock_frequency=1000000Hz 		 SPI_MODE=1 		 Operation=Read  		 Data_Size=8 bits 		 Slave_address=0x02 		 Selected_Register=Status Register     		  Data_to_Write=0x0 		 Status=Pass
Time=3824362050.000 ns 		 SPI_clock_frequency=1000000Hz 		 SPI_MODE=1 		 Operation=Read  		 Data_Size=8 bits 		 Slave_address=0x02 		 Selected_Register=Status Register     		  Data_to_Write=0x55 		 Status=Pass
Time=3824378490.000 ns 		 SPI_clock_frequency=1000000Hz 		 SPI_MODE=1 		 Operation=Read  		 Data_Size=8 bits 		 Slave_address=0x02 		 Selected_Register=Status Register     		  Data_to_Write=0xaa 		 Status=Pass
Time=3824394930.000 ns 		 SPI_clock_frequency=1000000Hz 		 SPI_MODE=1 		 Operation=Read  		 Data_Size=8 bits 		 Slave_address=0x02 		 Selected_Register=Status Register     		  Data_to_Write=0xbe 		 Status=Pass
Time=3824411370.000 ns 		 SPI_clock_frequency=1000000Hz 		 SPI_MODE=1 		 Operation=Read  		 Data_Size=8 bits 		 Slave_address=0x02 		 Selected_Register=Status Register     		  Data_to_Write=0xff 		 Status=Pass
Time=3824428810.000 ns 		 SPI_clock_frequency=1000000Hz 		 SPI_MODE=2 		 Operation=Write 		 Data_Size=8 bits 		 Slave_address=0x02 		 Selected_Register=Status Register    		  Data_to_Write=0x0 		 Status=Pass
Time=3824446250.000 ns 		 SPI_clock_frequency=1000000Hz 		 SPI_MODE=2 		 Operation=Write 		 Data_Size=8 bits 		 Slave_address=0x02 		 Selected_Register=Status Register    		  Data_to_Write=0x55 		 Status=Pass
Time=3824463690.000 ns 		 SPI_clock_frequency=1000000Hz 		 SPI_MODE=2 		 Operation=Write 		 Data_Size=8 bits 		 Slave_address=0x02 		 Selected_Register=Status Register    		  Data_to_Write=0xaa 		 Status=Pass
Time=3824481130.000 ns 		 SPI_clock_frequency=1000000Hz 		 SPI_MODE=2 		 Operation=Write 		 Data_Size=8 bits 		 Slave_address=0x02 		 Selected_Register=Status Register    		  Data_to_Write=0xbe 		 Status=Pass
Time=3824498570.000 ns 		 SPI_clock_frequency=1000000Hz 		 SPI_MODE=2 		 Operation=Write 		 Data_Size=8 bits 		 Slave_address=0x02 		 Selected_Register=Status Register    		  Data_to_Write=0xff 		 Status=Pass
Time=3824516010.000 ns 		 SPI_clock_frequency=1000000Hz 		 SPI_MODE=2 		 Operation=Read  		 Data_Size=8 bits 		 Slave_address=0x02 		 Selected_Register=Status Register     		  Data_to_Write=0x0 		 Status=Pass
Time=3824533450.000 ns 		 SPI_clock_frequency=1000000Hz 		 SPI_MODE=2 		 Operation=Read  		 Data_Size=8 bits 		 Slave_address=0x02 		 Selected_Register=Status Register     		  Data_to_Write=0x55 		 Status=Pass
Time=3824550890.000 ns 		 SPI_clock_frequency=1000000Hz 		 SPI_MODE=2 		 Operation=Read  		 Data_Size=8 bits 		 Slave_address=0x02 		 Selected_Register=Status Register     		  Data_to_Write=0xaa 		 Status=Pass
Time=3824568330.000 ns 		 SPI_clock_frequency=1000000Hz 		 SPI_MODE=2 		 Operation=Read  		 Data_Size=8 bits 		 Slave_address=0x02 		 Selected_Register=Status Register     		  Data_to_Write=0xbe 		 Status=Pass
Time=3824585770.000 ns 		 SPI_clock_frequency=1000000Hz 		 SPI_MODE=2 		 Operation=Read  		 Data_Size=8 bits 		 Slave_address=0x02 		 Selected_Register=Status Register     		  Data_to_Write=0xff 		 Status=Pass
Time=3824603210.000 ns 		 SPI_clock_frequency=1000000Hz 		 SPI_MODE=3 		 Operation=Write 		 Data_Size=8 bits 		 Slave_address=0x02 		 Selected_Register=Status Register    		  Data_to_Write=0x0 		 Status=Pass
Time=3824620650.000 ns 		 SPI_clock_frequency=1000000Hz 		 SPI_MODE=3 		 Operation=Write 		 Data_Size=8 bits 		 Slave_address=0x02 		 Selected_Register=Status Register    		  Data_to_Write=0x55 		 Status=Pass
Time=3824638090.000 ns 		 SPI_clock_frequency=1000000Hz 		 SPI_MODE=3 		 Operation=Write 		 Data_Size=8 bits 		 Slave_address=0x02 		 Selected_Register=Status Register    		  Data_to_Write=0xaa 		 Status=Pass
Time=3824655530.000 ns 		 SPI_clock_frequency=1000000Hz 		 SPI_MODE=3 		 Operation=Write 		 Data_Size=8 bits 		 Slave_address=0x02 		 Selected_Register=Status Register    		  Data_to_Write=0xbe 		 Status=Pass
Time=3824672970.000 ns 		 SPI_clock_frequency=1000000Hz 		 SPI_MODE=3 		 Operation=Write 		 Data_Size=8 bits 		 Slave_address=0x02 		 Selected_Register=Status Register    		  Data_to_Write=0xff 		 Status=Pass
Time=3824690410.000 ns 		 SPI_clock_frequency=1000000Hz 		 SPI_MODE=3 		 Operation=Read  		 Data_Size=8 bits 		 Slave_address=0x02 		 Selected_Register=Status Register     		  Data_to_Write=0x0 		 Status=Pass
Time=3824707850.000 ns 		 SPI_clock_frequency=1000000Hz 		 SPI_MODE=3 		 Operation=Read  		 Data_Size=8 bits 		 Slave_address=0x02 		 Selected_Register=Status Register     		  Data_to_Write=0x55 		 Status=Pass
Time=3824725290.000 ns 		 SPI_clock_frequency=1000000Hz 		 SPI_MODE=3 		 Operation=Read  		 Data_Size=8 bits 		 Slave_address=0x02 		 Selected_Register=Status Register     		  Data_to_Write=0xaa 		 Status=Pass
Time=3824742730.000 ns 		 SPI_clock_frequency=1000000Hz 		 SPI_MODE=3 		 Operation=Read  		 Data_Size=8 bits 		 Slave_address=0x02 		 Selected_Register=Status Register     		  Data_to_Write=0xbe 		 Status=Pass
Time=3824760170.000 ns 		 SPI_clock_frequency=1000000Hz 		 SPI_MODE=3 		 Operation=Read  		 Data_Size=8 bits 		 Slave_address=0x02 		 Selected_Register=Status Register     		  Data_to_Write=0xff 		 Status=Pass
Time=3824776610.000 ns 		 SPI_clock_frequency=1000000Hz 		 SPI_MODE=0 		 Operation=Write 		 Data_Size=8 bits 		 Slave_address=0x03 		 Selected_Register=Data Register      		  Data_to_Write=0x0 		 Status=Pass
Time=3824793050.000 ns 		 SPI_clock_frequency=1000000Hz 		 SPI_MODE=0 		 Operation=Write 		 Data_Size=8 bits 		 Slave_address=0x03 		 Selected_Register=Data Register      		  Data_to_Write=0x55 		 Status=Pass
Time=3824809490.000 ns 		 SPI_clock_frequency=1000000Hz 		 SPI_MODE=0 		 Operation=Write 		 Data_Size=8 bits 		 Slave_address=0x03 		 Selected_Register=Data Register      		  Data_to_Write=0xaa 		 Status=Pass
Time=3824825930.000 ns 		 SPI_clock_frequency=1000000Hz 		 SPI_MODE=0 		 Operation=Write 		 Data_Size=8 bits 		 Slave_address=0x03 		 Selected_Register=Data Register      		  Data_to_Write=0xbe 		 Status=Pass
Time=3824842370.000 ns 		 SPI_clock_frequency=1000000Hz 		 SPI_MODE=0 		 Operation=Write 		 Data_Size=8 bits 		 Slave_address=0x03 		 Selected_Register=Data Register      		  Data_to_Write=0xff 		 Status=Pass
Time=3824858810.000 ns 		 SPI_clock_frequency=1000000Hz 		 SPI_MODE=0 		 Operation=Read  		 Data_Size=8 bits 		 Slave_address=0x03 		 Selected_Register=Data Register       		  Data_to_Write=0x0 		 Status=Pass
Time=3824875250.000 ns 		 SPI_clock_frequency=1000000Hz 		 SPI_MODE=0 		 Operation=Read  		 Data_Size=8 bits 		 Slave_address=0x03 		 Selected_Register=Data Register       		  Data_to_Write=0x55 		 Status=Pass
Time=3824891690.000 ns 		 SPI_clock_frequency=1000000Hz 		 SPI_MODE=0 		 Operation=Read  		 Data_Size=8 bits 		 Slave_address=0x03 		 Selected_Register=Data Register       		  Data_to_Write=0xaa 		 Status=Pass
Time=3824908130.000 ns 		 SPI_clock_frequency=1000000Hz 		 SPI_MODE=0 		 Operation=Read  		 Data_Size=8 bits 		 Slave_address=0x03 		 Selected_Register=Data Register       		  Data_to_Write=0xbe 		 Status=Pass
Time=3824924570.000 ns 		 SPI_clock_frequency=1000000Hz 		 SPI_MODE=0 		 Operation=Read  		 Data_Size=8 bits 		 Slave_address=0x03 		 Selected_Register=Data Register       		  Data_to_Write=0xff 		 Status=Pass
Time=3824941010.000 ns 		 SPI_clock_frequency=1000000Hz 		 SPI_MODE=1 		 Operation=Write 		 Data_Size=8 bits 		 Slave_address=0x03 		 Selected_Register=Data Register      		  Data_to_Write=0x0 		 Status=Pass
Time=3824957450.000 ns 		 SPI_clock_frequency=1000000Hz 		 SPI_MODE=1 		 Operation=Write 		 Data_Size=8 bits 		 Slave_address=0x03 		 Selected_Register=Data Register      		  Data_to_Write=0x55 		 Status=Pass
Time=3824973890.000 ns 		 SPI_clock_frequency=1000000Hz 		 SPI_MODE=1 		 Operation=Write 		 Data_Size=8 bits 		 Slave_address=0x03 		 Selected_Register=Data Register      		  Data_to_Write=0xaa 		 Status=Pass
Time=3824990330.000 ns 		 SPI_clock_frequency=1000000Hz 		 SPI_MODE=1 		 Operation=Write 		 Data_Size=8 bits 		 Slave_address=0x03 		 Selected_Register=Data Register      		  Data_to_Write=0xbe 		 Status=Pass
Time=3825006770.000 ns 		 SPI_clock_frequency=1000000Hz 		 SPI_MODE=1 		 Operation=Write 		 Data_Size=8 bits 		 Slave_address=0x03 		 Selected_Register=Data Register      		  Data_to_Write=0xff 		 Status=Pass
Time=3825023210.000 ns 		 SPI_clock_frequency=1000000Hz 		 SPI_MODE=1 		 Operation=Read  		 Data_Size=8 bits 		 Slave_address=0x03 		 Selected_Register=Data Register       		  Data_to_Write=0x0 		 Status=Pass
Time=3825039650.000 ns 		 SPI_clock_frequency=1000000Hz 		 SPI_MODE=1 		 Operation=Read  		 Data_Size=8 bits 		 Slave_address=0x03 		 Selected_Register=Data Register       		  Data_to_Write=0x55 		 Status=Pass
Time=3825056090.000 ns 		 SPI_clock_frequency=1000000Hz 		 SPI_MODE=1 		 Operation=Read  		 Data_Size=8 bits 		 Slave_address=0x03 		 Selected_Register=Data Register       		  Data_to_Write=0xaa 		 Status=Pass
Time=3825072530.000 ns 		 SPI_clock_frequency=1000000Hz 		 SPI_MODE=1 		 Operation=Read  		 Data_Size=8 bits 		 Slave_address=0x03 		 Selected_Register=Data Register       		  Data_to_Write=0xbe 		 Status=Pass
Time=3825088970.000 ns 		 SPI_clock_frequency=1000000Hz 		 SPI_MODE=1 		 Operation=Read  		 Data_Size=8 bits 		 Slave_address=0x03 		 Selected_Register=Data Register       		  Data_to_Write=0xff 		 Status=Pass
Time=3825106410.000 ns 		 SPI_clock_frequency=1000000Hz 		 SPI_MODE=2 		 Operation=Write 		 Data_Size=8 bits 		 Slave_address=0x03 		 Selected_Register=Data Register      		  Data_to_Write=0x0 		 Status=Pass
Time=3825123850.000 ns 		 SPI_clock_frequency=1000000Hz 		 SPI_MODE=2 		 Operation=Write 		 Data_Size=8 bits 		 Slave_address=0x03 		 Selected_Register=Data Register      		  Data_to_Write=0x55 		 Status=Pass
Time=3825141290.000 ns 		 SPI_clock_frequency=1000000Hz 		 SPI_MODE=2 		 Operation=Write 		 Data_Size=8 bits 		 Slave_address=0x03 		 Selected_Register=Data Register      		  Data_to_Write=0xaa 		 Status=Pass
Time=3825158730.000 ns 		 SPI_clock_frequency=1000000Hz 		 SPI_MODE=2 		 Operation=Write 		 Data_Size=8 bits 		 Slave_address=0x03 		 Selected_Register=Data Register      		  Data_to_Write=0xbe 		 Status=Pass
Time=3825176170.000 ns 		 SPI_clock_frequency=1000000Hz 		 SPI_MODE=2 		 Operation=Write 		 Data_Size=8 bits 		 Slave_address=0x03 		 Selected_Register=Data Register      		  Data_to_Write=0xff 		 Status=Pass
Time=3825193610.000 ns 		 SPI_clock_frequency=1000000Hz 		 SPI_MODE=2 		 Operation=Read  		 Data_Size=8 bits 		 Slave_address=0x03 		 Selected_Register=Data Register       		  Data_to_Write=0x0 		 Status=Pass
Time=3825211050.000 ns 		 SPI_clock_frequency=1000000Hz 		 SPI_MODE=2 		 Operation=Read  		 Data_Size=8 bits 		 Slave_address=0x03 		 Selected_Register=Data Register       		  Data_to_Write=0x55 		 Status=Pass
Time=3825228490.000 ns 		 SPI_clock_frequency=1000000Hz 		 SPI_MODE=2 		 Operation=Read  		 Data_Size=8 bits 		 Slave_address=0x03 		 Selected_Register=Data Register       		  Data_to_Write=0xaa 		 Status=Pass
Time=3825245930.000 ns 		 SPI_clock_frequency=1000000Hz 		 SPI_MODE=2 		 Operation=Read  		 Data_Size=8 bits 		 Slave_address=0x03 		 Selected_Register=Data Register       		  Data_to_Write=0xbe 		 Status=Pass
Time=3825263370.000 ns 		 SPI_clock_frequency=1000000Hz 		 SPI_MODE=2 		 Operation=Read  		 Data_Size=8 bits 		 Slave_address=0x03 		 Selected_Register=Data Register       		  Data_to_Write=0xff 		 Status=Pass
Time=3825280810.000 ns 		 SPI_clock_frequency=1000000Hz 		 SPI_MODE=3 		 Operation=Write 		 Data_Size=8 bits 		 Slave_address=0x03 		 Selected_Register=Data Register      		  Data_to_Write=0x0 		 Status=Pass
Time=3825298250.000 ns 		 SPI_clock_frequency=1000000Hz 		 SPI_MODE=3 		 Operation=Write 		 Data_Size=8 bits 		 Slave_address=0x03 		 Selected_Register=Data Register      		  Data_to_Write=0x55 		 Status=Pass
Time=3825315690.000 ns 		 SPI_clock_frequency=1000000Hz 		 SPI_MODE=3 		 Operation=Write 		 Data_Size=8 bits 		 Slave_address=0x03 		 Selected_Register=Data Register      		  Data_to_Write=0xaa 		 Status=Pass
Time=3825333130.000 ns 		 SPI_clock_frequency=1000000Hz 		 SPI_MODE=3 		 Operation=Write 		 Data_Size=8 bits 		 Slave_address=0x03 		 Selected_Register=Data Register      		  Data_to_Write=0xbe 		 Status=Pass
Time=3825350570.000 ns 		 SPI_clock_frequency=1000000Hz 		 SPI_MODE=3 		 Operation=Write 		 Data_Size=8 bits 		 Slave_address=0x03 		 Selected_Register=Data Register      		  Data_to_Write=0xff 		 Status=Pass
Time=3825368010.000 ns 		 SPI_clock_frequency=1000000Hz 		 SPI_MODE=3 		 Operation=Read  		 Data_Size=8 bits 		 Slave_address=0x03 		 Selected_Register=Data Register       		  Data_to_Write=0x0 		 Status=Pass
Time=3825385450.000 ns 		 SPI_clock_frequency=1000000Hz 		 SPI_MODE=3 		 Operation=Read  		 Data_Size=8 bits 		 Slave_address=0x03 		 Selected_Register=Data Register       		  Data_to_Write=0x55 		 Status=Pass
Time=3825402890.000 ns 		 SPI_clock_frequency=1000000Hz 		 SPI_MODE=3 		 Operation=Read  		 Data_Size=8 bits 		 Slave_address=0x03 		 Selected_Register=Data Register       		  Data_to_Write=0xaa 		 Status=Pass
Time=3825420330.000 ns 		 SPI_clock_frequency=1000000Hz 		 SPI_MODE=3 		 Operation=Read  		 Data_Size=8 bits 		 Slave_address=0x03 		 Selected_Register=Data Register       		  Data_to_Write=0xbe 		 Status=Pass
Time=3825437770.000 ns 		 SPI_clock_frequency=1000000Hz 		 SPI_MODE=3 		 Operation=Read  		 Data_Size=8 bits 		 Slave_address=0x03 		 Selected_Register=Data Register       		  Data_to_Write=0xff 		 Status=Pass
 ERROR: Invalid Slave Address (04)
 ERROR: Invalid Slave Address (04)
 ERROR: Invalid Slave Address (04)
 ERROR: Invalid Slave Address (04)
 ERROR: Invalid Slave Address (04)
 ERROR: Invalid Slave Address (04)
 ERROR: Invalid Slave Address (04)
 ERROR: Invalid Slave Address (04)
 ERROR: Invalid Slave Address (04)
 ERROR: Invalid Slave Address (04)
 ERROR: Invalid Slave Address (04)
 ERROR: Invalid Slave Address (04)
 ERROR: Invalid Slave Address (04)
 ERROR: Invalid Slave Address (04)
 ERROR: Invalid Slave Address (04)
 ERROR: Invalid Slave Address (04)
 ERROR: Invalid Slave Address (04)
 ERROR: Invalid Slave Address (04)
 ERROR: Invalid Slave Address (04)
 ERROR: Invalid Slave Address (04)
 ERROR: Invalid Slave Address (04)
 ERROR: Invalid Slave Address (04)
 ERROR: Invalid Slave Address (04)
 ERROR: Invalid Slave Address (04)
 ERROR: Invalid Slave Address (04)
 ERROR: Invalid Slave Address (04)
 ERROR: Invalid Slave Address (04)
 ERROR: Invalid Slave Address (04)
 ERROR: Invalid Slave Address (04)
 ERROR: Invalid Slave Address (04)
 ERROR: Invalid Slave Address (04)
 ERROR: Invalid Slave Address (04)
 ERROR: Invalid Slave Address (04)
 ERROR: Invalid Slave Address (04)
 ERROR: Invalid Slave Address (04)
 ERROR: Invalid Slave Address (04)
 ERROR: Invalid Slave Address (04)
 ERROR: Invalid Slave Address (04)
 ERROR: Invalid Slave Address (04)
 ERROR: Invalid Slave Address (04)
 ERROR: Invalid Slave Address (05)
 ERROR: Invalid Slave Address (05)
 ERROR: Invalid Slave Address (05)
 ERROR: Invalid Slave Address (05)
 ERROR: Invalid Slave Address (05)
 ERROR: Invalid Slave Address (05)
 ERROR: Invalid Slave Address (05)
 ERROR: Invalid Slave Address (05)
 ERROR: Invalid Slave Address (05)
 ERROR: Invalid Slave Address (05)
 ERROR: Invalid Slave Address (05)
 ERROR: Invalid Slave Address (05)
 ERROR: Invalid Slave Address (05)
 ERROR: Invalid Slave Address (05)
 ERROR: Invalid Slave Address (05)
 ERROR: Invalid Slave Address (05)
 ERROR: Invalid Slave Address (05)
 ERROR: Invalid Slave Address (05)
 ERROR: Invalid Slave Address (05)
 ERROR: Invalid Slave Address (05)
 ERROR: Invalid Slave Address (05)
 ERROR: Invalid Slave Address (05)
 ERROR: Invalid Slave Address (05)
 ERROR: Invalid Slave Address (05)
 ERROR: Invalid Slave Address (05)
 ERROR: Invalid Slave Address (05)
 ERROR: Invalid Slave Address (05)
 ERROR: Invalid Slave Address (05)
 ERROR: Invalid Slave Address (05)
 ERROR: Invalid Slave Address (05)
 ERROR: Invalid Slave Address (05)
 ERROR: Invalid Slave Address (05)
 ERROR: Invalid Slave Address (05)
 ERROR: Invalid Slave Address (05)
 ERROR: Invalid Slave Address (05)
 ERROR: Invalid Slave Address (05)
 ERROR: Invalid Slave Address (05)
 ERROR: Invalid Slave Address (05)
 ERROR: Invalid Slave Address (05)
 ERROR: Invalid Slave Address (05)
 ERROR: Writing a read only register (Device ID)
 ERROR: Writing a read only register (Device ID)
 ERROR: Writing a read only register (Device ID)
 ERROR: Writing a read only register (Device ID)
 ERROR: Writing a read only register (Device ID)
Time=3825467310.000 ns 		 SPI_clock_frequency=1000000Hz 		 SPI_MODE=0 		 Operation=Read  		 Data_Size=16 bits 		 Slave_address=0x00 		 Selected_Register=Device ID          		  Data_to_Write=0x0 		 Status=Pass
Time=3825491750.000 ns 		 SPI_clock_frequency=1000000Hz 		 SPI_MODE=0 		 Operation=Read  		 Data_Size=16 bits 		 Slave_address=0x00 		 Selected_Register=Device ID          		  Data_to_Write=0x5555 		 Status=Pass
Time=3825516190.000 ns 		 SPI_clock_frequency=1000000Hz 		 SPI_MODE=0 		 Operation=Read  		 Data_Size=16 bits 		 Slave_address=0x00 		 Selected_Register=Device ID          		  Data_to_Write=0xaaaa 		 Status=Pass
Time=3825540630.000 ns 		 SPI_clock_frequency=1000000Hz 		 SPI_MODE=0 		 Operation=Read  		 Data_Size=16 bits 		 Slave_address=0x00 		 Selected_Register=Device ID          		  Data_to_Write=0x3478 		 Status=Pass
Time=3825565070.000 ns 		 SPI_clock_frequency=1000000Hz 		 SPI_MODE=0 		 Operation=Read  		 Data_Size=16 bits 		 Slave_address=0x00 		 Selected_Register=Device ID          		  Data_to_Write=0xffff 		 Status=Pass
 ERROR: Writing a read only register (Device ID)
 ERROR: Writing a read only register (Device ID)
 ERROR: Writing a read only register (Device ID)
 ERROR: Writing a read only register (Device ID)
 ERROR: Writing a read only register (Device ID)
Time=3825589810.000 ns 		 SPI_clock_frequency=1000000Hz 		 SPI_MODE=1 		 Operation=Read  		 Data_Size=16 bits 		 Slave_address=0x00 		 Selected_Register=Device ID          		  Data_to_Write=0x0 		 Status=Pass
Time=3825614250.000 ns 		 SPI_clock_frequency=1000000Hz 		 SPI_MODE=1 		 Operation=Read  		 Data_Size=16 bits 		 Slave_address=0x00 		 Selected_Register=Device ID          		  Data_to_Write=0x5555 		 Status=Pass
Time=3825638690.000 ns 		 SPI_clock_frequency=1000000Hz 		 SPI_MODE=1 		 Operation=Read  		 Data_Size=16 bits 		 Slave_address=0x00 		 Selected_Register=Device ID          		  Data_to_Write=0xaaaa 		 Status=Pass
Time=3825663130.000 ns 		 SPI_clock_frequency=1000000Hz 		 SPI_MODE=1 		 Operation=Read  		 Data_Size=16 bits 		 Slave_address=0x00 		 Selected_Register=Device ID          		  Data_to_Write=0x3478 		 Status=Pass
Time=3825687570.000 ns 		 SPI_clock_frequency=1000000Hz 		 SPI_MODE=1 		 Operation=Read  		 Data_Size=16 bits 		 Slave_address=0x00 		 Selected_Register=Device ID          		  Data_to_Write=0xffff 		 Status=Pass
 ERROR: Writing a read only register (Device ID)
 ERROR: Writing a read only register (Device ID)
 ERROR: Writing a read only register (Device ID)
 ERROR: Writing a read only register (Device ID)
 ERROR: Writing a read only register (Device ID)
Time=3825713310.000 ns 		 SPI_clock_frequency=1000000Hz 		 SPI_MODE=2 		 Operation=Read  		 Data_Size=16 bits 		 Slave_address=0x00 		 Selected_Register=Device ID          		  Data_to_Write=0x0 		 Status=Pass
Time=3825738750.000 ns 		 SPI_clock_frequency=1000000Hz 		 SPI_MODE=2 		 Operation=Read  		 Data_Size=16 bits 		 Slave_address=0x00 		 Selected_Register=Device ID          		  Data_to_Write=0x5555 		 Status=Pass
Time=3825764190.000 ns 		 SPI_clock_frequency=1000000Hz 		 SPI_MODE=2 		 Operation=Read  		 Data_Size=16 bits 		 Slave_address=0x00 		 Selected_Register=Device ID          		  Data_to_Write=0xaaaa 		 Status=Pass
Time=3825789630.000 ns 		 SPI_clock_frequency=1000000Hz 		 SPI_MODE=2 		 Operation=Read  		 Data_Size=16 bits 		 Slave_address=0x00 		 Selected_Register=Device ID          		  Data_to_Write=0x3478 		 Status=Pass
Time=3825815070.000 ns 		 SPI_clock_frequency=1000000Hz 		 SPI_MODE=2 		 Operation=Read  		 Data_Size=16 bits 		 Slave_address=0x00 		 Selected_Register=Device ID          		  Data_to_Write=0xffff 		 Status=Pass
 ERROR: Writing a read only register (Device ID)
 ERROR: Writing a read only register (Device ID)
 ERROR: Writing a read only register (Device ID)
 ERROR: Writing a read only register (Device ID)
 ERROR: Writing a read only register (Device ID)
Time=3825840810.000 ns 		 SPI_clock_frequency=1000000Hz 		 SPI_MODE=3 		 Operation=Read  		 Data_Size=16 bits 		 Slave_address=0x00 		 Selected_Register=Device ID          		  Data_to_Write=0x0 		 Status=Pass
Time=3825866250.000 ns 		 SPI_clock_frequency=1000000Hz 		 SPI_MODE=3 		 Operation=Read  		 Data_Size=16 bits 		 Slave_address=0x00 		 Selected_Register=Device ID          		  Data_to_Write=0x5555 		 Status=Pass
Time=3825891690.000 ns 		 SPI_clock_frequency=1000000Hz 		 SPI_MODE=3 		 Operation=Read  		 Data_Size=16 bits 		 Slave_address=0x00 		 Selected_Register=Device ID          		  Data_to_Write=0xaaaa 		 Status=Pass
Time=3825917130.000 ns 		 SPI_clock_frequency=1000000Hz 		 SPI_MODE=3 		 Operation=Read  		 Data_Size=16 bits 		 Slave_address=0x00 		 Selected_Register=Device ID          		  Data_to_Write=0x3478 		 Status=Pass
Time=3825942570.000 ns 		 SPI_clock_frequency=1000000Hz 		 SPI_MODE=3 		 Operation=Read  		 Data_Size=16 bits 		 Slave_address=0x00 		 Selected_Register=Device ID          		  Data_to_Write=0xffff 		 Status=Pass
Time=3825967010.000 ns 		 SPI_clock_frequency=1000000Hz 		 SPI_MODE=0 		 Operation=Write 		 Data_Size=16 bits 		 Slave_address=0x01 		 Selected_Register=Control Register 		  Data_to_Write=0x0 		 Status=Pass
Time=3825991450.000 ns 		 SPI_clock_frequency=1000000Hz 		 SPI_MODE=0 		 Operation=Write 		 Data_Size=16 bits 		 Slave_address=0x01 		 Selected_Register=Control Register 		  Data_to_Write=0x5555 		 Status=Pass
Time=3826015890.000 ns 		 SPI_clock_frequency=1000000Hz 		 SPI_MODE=0 		 Operation=Write 		 Data_Size=16 bits 		 Slave_address=0x01 		 Selected_Register=Control Register 		  Data_to_Write=0xaaaa 		 Status=Pass
Time=3826040330.000 ns 		 SPI_clock_frequency=1000000Hz 		 SPI_MODE=0 		 Operation=Write 		 Data_Size=16 bits 		 Slave_address=0x01 		 Selected_Register=Control Register 		  Data_to_Write=0x3478 		 Status=Pass
Time=3826064770.000 ns 		 SPI_clock_frequency=1000000Hz 		 SPI_MODE=0 		 Operation=Write 		 Data_Size=16 bits 		 Slave_address=0x01 		 Selected_Register=Control Register 		  Data_to_Write=0xffff 		 Status=Pass
Time=3826089210.000 ns 		 SPI_clock_frequency=1000000Hz 		 SPI_MODE=0 		 Operation=Read  		 Data_Size=16 bits 		 Slave_address=0x01 		 Selected_Register=Control Register 		  Data_to_Write=0x0 		 Status=Pass
Time=3826113650.000 ns 		 SPI_clock_frequency=1000000Hz 		 SPI_MODE=0 		 Operation=Read  		 Data_Size=16 bits 		 Slave_address=0x01 		 Selected_Register=Control Register 		  Data_to_Write=0x5555 		 Status=Pass
Time=3826138090.000 ns 		 SPI_clock_frequency=1000000Hz 		 SPI_MODE=0 		 Operation=Read  		 Data_Size=16 bits 		 Slave_address=0x01 		 Selected_Register=Control Register 		  Data_to_Write=0xaaaa 		 Status=Pass
Time=3826162530.000 ns 		 SPI_clock_frequency=1000000Hz 		 SPI_MODE=0 		 Operation=Read  		 Data_Size=16 bits 		 Slave_address=0x01 		 Selected_Register=Control Register 		  Data_to_Write=0x3478 		 Status=Pass
Time=3826186970.000 ns 		 SPI_clock_frequency=1000000Hz 		 SPI_MODE=0 		 Operation=Read  		 Data_Size=16 bits 		 Slave_address=0x01 		 Selected_Register=Control Register 		  Data_to_Write=0xffff 		 Status=Pass
Time=3826211410.000 ns 		 SPI_clock_frequency=1000000Hz 		 SPI_MODE=1 		 Operation=Write 		 Data_Size=16 bits 		 Slave_address=0x01 		 Selected_Register=Control Register 		  Data_to_Write=0x0 		 Status=Pass
Time=3826235850.000 ns 		 SPI_clock_frequency=1000000Hz 		 SPI_MODE=1 		 Operation=Write 		 Data_Size=16 bits 		 Slave_address=0x01 		 Selected_Register=Control Register 		  Data_to_Write=0x5555 		 Status=Pass
Time=3826260290.000 ns 		 SPI_clock_frequency=1000000Hz 		 SPI_MODE=1 		 Operation=Write 		 Data_Size=16 bits 		 Slave_address=0x01 		 Selected_Register=Control Register 		  Data_to_Write=0xaaaa 		 Status=Pass
Time=3826284730.000 ns 		 SPI_clock_frequency=1000000Hz 		 SPI_MODE=1 		 Operation=Write 		 Data_Size=16 bits 		 Slave_address=0x01 		 Selected_Register=Control Register 		  Data_to_Write=0x3478 		 Status=Pass
Time=3826309170.000 ns 		 SPI_clock_frequency=1000000Hz 		 SPI_MODE=1 		 Operation=Write 		 Data_Size=16 bits 		 Slave_address=0x01 		 Selected_Register=Control Register 		  Data_to_Write=0xffff 		 Status=Pass
Time=3826333610.000 ns 		 SPI_clock_frequency=1000000Hz 		 SPI_MODE=1 		 Operation=Read  		 Data_Size=16 bits 		 Slave_address=0x01 		 Selected_Register=Control Register 		  Data_to_Write=0x0 		 Status=Pass
Time=3826358050.000 ns 		 SPI_clock_frequency=1000000Hz 		 SPI_MODE=1 		 Operation=Read  		 Data_Size=16 bits 		 Slave_address=0x01 		 Selected_Register=Control Register 		  Data_to_Write=0x5555 		 Status=Pass
Time=3826382490.000 ns 		 SPI_clock_frequency=1000000Hz 		 SPI_MODE=1 		 Operation=Read  		 Data_Size=16 bits 		 Slave_address=0x01 		 Selected_Register=Control Register 		  Data_to_Write=0xaaaa 		 Status=Pass
Time=3826406930.000 ns 		 SPI_clock_frequency=1000000Hz 		 SPI_MODE=1 		 Operation=Read  		 Data_Size=16 bits 		 Slave_address=0x01 		 Selected_Register=Control Register 		  Data_to_Write=0x3478 		 Status=Pass
Time=3826431370.000 ns 		 SPI_clock_frequency=1000000Hz 		 SPI_MODE=1 		 Operation=Read  		 Data_Size=16 bits 		 Slave_address=0x01 		 Selected_Register=Control Register 		  Data_to_Write=0xffff 		 Status=Pass
Time=3826456810.000 ns 		 SPI_clock_frequency=1000000Hz 		 SPI_MODE=2 		 Operation=Write 		 Data_Size=16 bits 		 Slave_address=0x01 		 Selected_Register=Control Register 		  Data_to_Write=0x0 		 Status=Pass
Time=3826482250.000 ns 		 SPI_clock_frequency=1000000Hz 		 SPI_MODE=2 		 Operation=Write 		 Data_Size=16 bits 		 Slave_address=0x01 		 Selected_Register=Control Register 		  Data_to_Write=0x5555 		 Status=Pass
Time=3826507690.000 ns 		 SPI_clock_frequency=1000000Hz 		 SPI_MODE=2 		 Operation=Write 		 Data_Size=16 bits 		 Slave_address=0x01 		 Selected_Register=Control Register 		  Data_to_Write=0xaaaa 		 Status=Pass
Time=3826533130.000 ns 		 SPI_clock_frequency=1000000Hz 		 SPI_MODE=2 		 Operation=Write 		 Data_Size=16 bits 		 Slave_address=0x01 		 Selected_Register=Control Register 		  Data_to_Write=0x3478 		 Status=Pass
Time=3826558570.000 ns 		 SPI_clock_frequency=1000000Hz 		 SPI_MODE=2 		 Operation=Write 		 Data_Size=16 bits 		 Slave_address=0x01 		 Selected_Register=Control Register 		  Data_to_Write=0xffff 		 Status=Pass
Time=3826584010.000 ns 		 SPI_clock_frequency=1000000Hz 		 SPI_MODE=2 		 Operation=Read  		 Data_Size=16 bits 		 Slave_address=0x01 		 Selected_Register=Control Register 		  Data_to_Write=0x0 		 Status=Pass
Time=3826609450.000 ns 		 SPI_clock_frequency=1000000Hz 		 SPI_MODE=2 		 Operation=Read  		 Data_Size=16 bits 		 Slave_address=0x01 		 Selected_Register=Control Register 		  Data_to_Write=0x5555 		 Status=Pass
Time=3826634890.000 ns 		 SPI_clock_frequency=1000000Hz 		 SPI_MODE=2 		 Operation=Read  		 Data_Size=16 bits 		 Slave_address=0x01 		 Selected_Register=Control Register 		  Data_to_Write=0xaaaa 		 Status=Pass
Time=3826660330.000 ns 		 SPI_clock_frequency=1000000Hz 		 SPI_MODE=2 		 Operation=Read  		 Data_Size=16 bits 		 Slave_address=0x01 		 Selected_Register=Control Register 		  Data_to_Write=0x3478 		 Status=Pass
Time=3826685770.000 ns 		 SPI_clock_frequency=1000000Hz 		 SPI_MODE=2 		 Operation=Read  		 Data_Size=16 bits 		 Slave_address=0x01 		 Selected_Register=Control Register 		  Data_to_Write=0xffff 		 Status=Pass
Time=3826711210.000 ns 		 SPI_clock_frequency=1000000Hz 		 SPI_MODE=3 		 Operation=Write 		 Data_Size=16 bits 		 Slave_address=0x01 		 Selected_Register=Control Register 		  Data_to_Write=0x0 		 Status=Pass
Time=3826736650.000 ns 		 SPI_clock_frequency=1000000Hz 		 SPI_MODE=3 		 Operation=Write 		 Data_Size=16 bits 		 Slave_address=0x01 		 Selected_Register=Control Register 		  Data_to_Write=0x5555 		 Status=Pass
Time=3826762090.000 ns 		 SPI_clock_frequency=1000000Hz 		 SPI_MODE=3 		 Operation=Write 		 Data_Size=16 bits 		 Slave_address=0x01 		 Selected_Register=Control Register 		  Data_to_Write=0xaaaa 		 Status=Pass
Time=3826787530.000 ns 		 SPI_clock_frequency=1000000Hz 		 SPI_MODE=3 		 Operation=Write 		 Data_Size=16 bits 		 Slave_address=0x01 		 Selected_Register=Control Register 		  Data_to_Write=0x3478 		 Status=Pass
Time=3826812970.000 ns 		 SPI_clock_frequency=1000000Hz 		 SPI_MODE=3 		 Operation=Write 		 Data_Size=16 bits 		 Slave_address=0x01 		 Selected_Register=Control Register 		  Data_to_Write=0xffff 		 Status=Pass
Time=3826838410.000 ns 		 SPI_clock_frequency=1000000Hz 		 SPI_MODE=3 		 Operation=Read  		 Data_Size=16 bits 		 Slave_address=0x01 		 Selected_Register=Control Register 		  Data_to_Write=0x0 		 Status=Pass
Time=3826863850.000 ns 		 SPI_clock_frequency=1000000Hz 		 SPI_MODE=3 		 Operation=Read  		 Data_Size=16 bits 		 Slave_address=0x01 		 Selected_Register=Control Register 		  Data_to_Write=0x5555 		 Status=Pass
Time=3826889290.000 ns 		 SPI_clock_frequency=1000000Hz 		 SPI_MODE=3 		 Operation=Read  		 Data_Size=16 bits 		 Slave_address=0x01 		 Selected_Register=Control Register 		  Data_to_Write=0xaaaa 		 Status=Pass
Time=3826914730.000 ns 		 SPI_clock_frequency=1000000Hz 		 SPI_MODE=3 		 Operation=Read  		 Data_Size=16 bits 		 Slave_address=0x01 		 Selected_Register=Control Register 		  Data_to_Write=0x3478 		 Status=Pass
Time=3826940170.000 ns 		 SPI_clock_frequency=1000000Hz 		 SPI_MODE=3 		 Operation=Read  		 Data_Size=16 bits 		 Slave_address=0x01 		 Selected_Register=Control Register 		  Data_to_Write=0xffff 		 Status=Pass
Time=3826964610.000 ns 		 SPI_clock_frequency=1000000Hz 		 SPI_MODE=0 		 Operation=Write 		 Data_Size=16 bits 		 Slave_address=0x02 		 Selected_Register=Status Register    		  Data_to_Write=0x0 		 Status=Pass
Time=3826989050.000 ns 		 SPI_clock_frequency=1000000Hz 		 SPI_MODE=0 		 Operation=Write 		 Data_Size=16 bits 		 Slave_address=0x02 		 Selected_Register=Status Register    		  Data_to_Write=0x5555 		 Status=Pass
Time=3827013490.000 ns 		 SPI_clock_frequency=1000000Hz 		 SPI_MODE=0 		 Operation=Write 		 Data_Size=16 bits 		 Slave_address=0x02 		 Selected_Register=Status Register    		  Data_to_Write=0xaaaa 		 Status=Pass
Time=3827037930.000 ns 		 SPI_clock_frequency=1000000Hz 		 SPI_MODE=0 		 Operation=Write 		 Data_Size=16 bits 		 Slave_address=0x02 		 Selected_Register=Status Register    		  Data_to_Write=0x3478 		 Status=Pass
Time=3827062370.000 ns 		 SPI_clock_frequency=1000000Hz 		 SPI_MODE=0 		 Operation=Write 		 Data_Size=16 bits 		 Slave_address=0x02 		 Selected_Register=Status Register    		  Data_to_Write=0xffff 		 Status=Pass
Time=3827086810.000 ns 		 SPI_clock_frequency=1000000Hz 		 SPI_MODE=0 		 Operation=Read  		 Data_Size=16 bits 		 Slave_address=0x02 		 Selected_Register=Status Register     		  Data_to_Write=0x0 		 Status=Pass
Time=3827111250.000 ns 		 SPI_clock_frequency=1000000Hz 		 SPI_MODE=0 		 Operation=Read  		 Data_Size=16 bits 		 Slave_address=0x02 		 Selected_Register=Status Register     		  Data_to_Write=0x5555 		 Status=Pass
Time=3827135690.000 ns 		 SPI_clock_frequency=1000000Hz 		 SPI_MODE=0 		 Operation=Read  		 Data_Size=16 bits 		 Slave_address=0x02 		 Selected_Register=Status Register     		  Data_to_Write=0xaaaa 		 Status=Pass
Time=3827160130.000 ns 		 SPI_clock_frequency=1000000Hz 		 SPI_MODE=0 		 Operation=Read  		 Data_Size=16 bits 		 Slave_address=0x02 		 Selected_Register=Status Register     		  Data_to_Write=0x3478 		 Status=Pass
Time=3827184570.000 ns 		 SPI_clock_frequency=1000000Hz 		 SPI_MODE=0 		 Operation=Read  		 Data_Size=16 bits 		 Slave_address=0x02 		 Selected_Register=Status Register     		  Data_to_Write=0xffff 		 Status=Pass
Time=3827209010.000 ns 		 SPI_clock_frequency=1000000Hz 		 SPI_MODE=1 		 Operation=Write 		 Data_Size=16 bits 		 Slave_address=0x02 		 Selected_Register=Status Register    		  Data_to_Write=0x0 		 Status=Pass
Time=3827233450.000 ns 		 SPI_clock_frequency=1000000Hz 		 SPI_MODE=1 		 Operation=Write 		 Data_Size=16 bits 		 Slave_address=0x02 		 Selected_Register=Status Register    		  Data_to_Write=0x5555 		 Status=Pass
Time=3827257890.000 ns 		 SPI_clock_frequency=1000000Hz 		 SPI_MODE=1 		 Operation=Write 		 Data_Size=16 bits 		 Slave_address=0x02 		 Selected_Register=Status Register    		  Data_to_Write=0xaaaa 		 Status=Pass
Time=3827282330.000 ns 		 SPI_clock_frequency=1000000Hz 		 SPI_MODE=1 		 Operation=Write 		 Data_Size=16 bits 		 Slave_address=0x02 		 Selected_Register=Status Register    		  Data_to_Write=0x3478 		 Status=Pass
Time=3827306770.000 ns 		 SPI_clock_frequency=1000000Hz 		 SPI_MODE=1 		 Operation=Write 		 Data_Size=16 bits 		 Slave_address=0x02 		 Selected_Register=Status Register    		  Data_to_Write=0xffff 		 Status=Pass
Time=3827331210.000 ns 		 SPI_clock_frequency=1000000Hz 		 SPI_MODE=1 		 Operation=Read  		 Data_Size=16 bits 		 Slave_address=0x02 		 Selected_Register=Status Register     		  Data_to_Write=0x0 		 Status=Pass
Time=3827355650.000 ns 		 SPI_clock_frequency=1000000Hz 		 SPI_MODE=1 		 Operation=Read  		 Data_Size=16 bits 		 Slave_address=0x02 		 Selected_Register=Status Register     		  Data_to_Write=0x5555 		 Status=Pass
Time=3827380090.000 ns 		 SPI_clock_frequency=1000000Hz 		 SPI_MODE=1 		 Operation=Read  		 Data_Size=16 bits 		 Slave_address=0x02 		 Selected_Register=Status Register     		  Data_to_Write=0xaaaa 		 Status=Pass
Time=3827404530.000 ns 		 SPI_clock_frequency=1000000Hz 		 SPI_MODE=1 		 Operation=Read  		 Data_Size=16 bits 		 Slave_address=0x02 		 Selected_Register=Status Register     		  Data_to_Write=0x3478 		 Status=Pass
Time=3827428970.000 ns 		 SPI_clock_frequency=1000000Hz 		 SPI_MODE=1 		 Operation=Read  		 Data_Size=16 bits 		 Slave_address=0x02 		 Selected_Register=Status Register     		  Data_to_Write=0xffff 		 Status=Pass
Time=3827454410.000 ns 		 SPI_clock_frequency=1000000Hz 		 SPI_MODE=2 		 Operation=Write 		 Data_Size=16 bits 		 Slave_address=0x02 		 Selected_Register=Status Register    		  Data_to_Write=0x0 		 Status=Pass
Time=3827479850.000 ns 		 SPI_clock_frequency=1000000Hz 		 SPI_MODE=2 		 Operation=Write 		 Data_Size=16 bits 		 Slave_address=0x02 		 Selected_Register=Status Register    		  Data_to_Write=0x5555 		 Status=Pass
Time=3827505290.000 ns 		 SPI_clock_frequency=1000000Hz 		 SPI_MODE=2 		 Operation=Write 		 Data_Size=16 bits 		 Slave_address=0x02 		 Selected_Register=Status Register    		  Data_to_Write=0xaaaa 		 Status=Pass
Time=3827530730.000 ns 		 SPI_clock_frequency=1000000Hz 		 SPI_MODE=2 		 Operation=Write 		 Data_Size=16 bits 		 Slave_address=0x02 		 Selected_Register=Status Register    		  Data_to_Write=0x3478 		 Status=Pass
Time=3827556170.000 ns 		 SPI_clock_frequency=1000000Hz 		 SPI_MODE=2 		 Operation=Write 		 Data_Size=16 bits 		 Slave_address=0x02 		 Selected_Register=Status Register    		  Data_to_Write=0xffff 		 Status=Pass
Time=3827581610.000 ns 		 SPI_clock_frequency=1000000Hz 		 SPI_MODE=2 		 Operation=Read  		 Data_Size=16 bits 		 Slave_address=0x02 		 Selected_Register=Status Register     		  Data_to_Write=0x0 		 Status=Pass
Time=3827607050.000 ns 		 SPI_clock_frequency=1000000Hz 		 SPI_MODE=2 		 Operation=Read  		 Data_Size=16 bits 		 Slave_address=0x02 		 Selected_Register=Status Register     		  Data_to_Write=0x5555 		 Status=Pass
Time=3827632490.000 ns 		 SPI_clock_frequency=1000000Hz 		 SPI_MODE=2 		 Operation=Read  		 Data_Size=16 bits 		 Slave_address=0x02 		 Selected_Register=Status Register     		  Data_to_Write=0xaaaa 		 Status=Pass
Time=3827657930.000 ns 		 SPI_clock_frequency=1000000Hz 		 SPI_MODE=2 		 Operation=Read  		 Data_Size=16 bits 		 Slave_address=0x02 		 Selected_Register=Status Register     		  Data_to_Write=0x3478 		 Status=Pass
Time=3827683370.000 ns 		 SPI_clock_frequency=1000000Hz 		 SPI_MODE=2 		 Operation=Read  		 Data_Size=16 bits 		 Slave_address=0x02 		 Selected_Register=Status Register     		  Data_to_Write=0xffff 		 Status=Pass
Time=3827708810.000 ns 		 SPI_clock_frequency=1000000Hz 		 SPI_MODE=3 		 Operation=Write 		 Data_Size=16 bits 		 Slave_address=0x02 		 Selected_Register=Status Register    		  Data_to_Write=0x0 		 Status=Pass
Time=3827734250.000 ns 		 SPI_clock_frequency=1000000Hz 		 SPI_MODE=3 		 Operation=Write 		 Data_Size=16 bits 		 Slave_address=0x02 		 Selected_Register=Status Register    		  Data_to_Write=0x5555 		 Status=Pass
Time=3827759690.000 ns 		 SPI_clock_frequency=1000000Hz 		 SPI_MODE=3 		 Operation=Write 		 Data_Size=16 bits 		 Slave_address=0x02 		 Selected_Register=Status Register    		  Data_to_Write=0xaaaa 		 Status=Pass
Time=3827785130.000 ns 		 SPI_clock_frequency=1000000Hz 		 SPI_MODE=3 		 Operation=Write 		 Data_Size=16 bits 		 Slave_address=0x02 		 Selected_Register=Status Register    		  Data_to_Write=0x3478 		 Status=Pass
Time=3827810570.000 ns 		 SPI_clock_frequency=1000000Hz 		 SPI_MODE=3 		 Operation=Write 		 Data_Size=16 bits 		 Slave_address=0x02 		 Selected_Register=Status Register    		  Data_to_Write=0xffff 		 Status=Pass
Time=3827836010.000 ns 		 SPI_clock_frequency=1000000Hz 		 SPI_MODE=3 		 Operation=Read  		 Data_Size=16 bits 		 Slave_address=0x02 		 Selected_Register=Status Register     		  Data_to_Write=0x0 		 Status=Pass
Time=3827861450.000 ns 		 SPI_clock_frequency=1000000Hz 		 SPI_MODE=3 		 Operation=Read  		 Data_Size=16 bits 		 Slave_address=0x02 		 Selected_Register=Status Register     		  Data_to_Write=0x5555 		 Status=Pass
Time=3827886890.000 ns 		 SPI_clock_frequency=1000000Hz 		 SPI_MODE=3 		 Operation=Read  		 Data_Size=16 bits 		 Slave_address=0x02 		 Selected_Register=Status Register     		  Data_to_Write=0xaaaa 		 Status=Pass
Time=3827912330.000 ns 		 SPI_clock_frequency=1000000Hz 		 SPI_MODE=3 		 Operation=Read  		 Data_Size=16 bits 		 Slave_address=0x02 		 Selected_Register=Status Register     		  Data_to_Write=0x3478 		 Status=Pass
Time=3827937770.000 ns 		 SPI_clock_frequency=1000000Hz 		 SPI_MODE=3 		 Operation=Read  		 Data_Size=16 bits 		 Slave_address=0x02 		 Selected_Register=Status Register     		  Data_to_Write=0xffff 		 Status=Pass
Time=3827962210.000 ns 		 SPI_clock_frequency=1000000Hz 		 SPI_MODE=0 		 Operation=Write 		 Data_Size=16 bits 		 Slave_address=0x03 		 Selected_Register=Data Register      		  Data_to_Write=0x0 		 Status=Pass
Time=3827986650.000 ns 		 SPI_clock_frequency=1000000Hz 		 SPI_MODE=0 		 Operation=Write 		 Data_Size=16 bits 		 Slave_address=0x03 		 Selected_Register=Data Register      		  Data_to_Write=0x5555 		 Status=Pass
Time=3828011090.000 ns 		 SPI_clock_frequency=1000000Hz 		 SPI_MODE=0 		 Operation=Write 		 Data_Size=16 bits 		 Slave_address=0x03 		 Selected_Register=Data Register      		  Data_to_Write=0xaaaa 		 Status=Pass
Time=3828035530.000 ns 		 SPI_clock_frequency=1000000Hz 		 SPI_MODE=0 		 Operation=Write 		 Data_Size=16 bits 		 Slave_address=0x03 		 Selected_Register=Data Register      		  Data_to_Write=0x3478 		 Status=Pass
Time=3828059970.000 ns 		 SPI_clock_frequency=1000000Hz 		 SPI_MODE=0 		 Operation=Write 		 Data_Size=16 bits 		 Slave_address=0x03 		 Selected_Register=Data Register      		  Data_to_Write=0xffff 		 Status=Pass
Time=3828084410.000 ns 		 SPI_clock_frequency=1000000Hz 		 SPI_MODE=0 		 Operation=Read  		 Data_Size=16 bits 		 Slave_address=0x03 		 Selected_Register=Data Register       		  Data_to_Write=0x0 		 Status=Pass
Time=3828108850.000 ns 		 SPI_clock_frequency=1000000Hz 		 SPI_MODE=0 		 Operation=Read  		 Data_Size=16 bits 		 Slave_address=0x03 		 Selected_Register=Data Register       		  Data_to_Write=0x5555 		 Status=Pass
Time=3828133290.000 ns 		 SPI_clock_frequency=1000000Hz 		 SPI_MODE=0 		 Operation=Read  		 Data_Size=16 bits 		 Slave_address=0x03 		 Selected_Register=Data Register       		  Data_to_Write=0xaaaa 		 Status=Pass
Time=3828157730.000 ns 		 SPI_clock_frequency=1000000Hz 		 SPI_MODE=0 		 Operation=Read  		 Data_Size=16 bits 		 Slave_address=0x03 		 Selected_Register=Data Register       		  Data_to_Write=0x3478 		 Status=Pass
Time=3828182170.000 ns 		 SPI_clock_frequency=1000000Hz 		 SPI_MODE=0 		 Operation=Read  		 Data_Size=16 bits 		 Slave_address=0x03 		 Selected_Register=Data Register       		  Data_to_Write=0xffff 		 Status=Pass
Time=3828206610.000 ns 		 SPI_clock_frequency=1000000Hz 		 SPI_MODE=1 		 Operation=Write 		 Data_Size=16 bits 		 Slave_address=0x03 		 Selected_Register=Data Register      		  Data_to_Write=0x0 		 Status=Pass
Time=3828231050.000 ns 		 SPI_clock_frequency=1000000Hz 		 SPI_MODE=1 		 Operation=Write 		 Data_Size=16 bits 		 Slave_address=0x03 		 Selected_Register=Data Register      		  Data_to_Write=0x5555 		 Status=Pass
Time=3828255490.000 ns 		 SPI_clock_frequency=1000000Hz 		 SPI_MODE=1 		 Operation=Write 		 Data_Size=16 bits 		 Slave_address=0x03 		 Selected_Register=Data Register      		  Data_to_Write=0xaaaa 		 Status=Pass
Time=3828279930.000 ns 		 SPI_clock_frequency=1000000Hz 		 SPI_MODE=1 		 Operation=Write 		 Data_Size=16 bits 		 Slave_address=0x03 		 Selected_Register=Data Register      		  Data_to_Write=0x3478 		 Status=Pass
Time=3828304370.000 ns 		 SPI_clock_frequency=1000000Hz 		 SPI_MODE=1 		 Operation=Write 		 Data_Size=16 bits 		 Slave_address=0x03 		 Selected_Register=Data Register      		  Data_to_Write=0xffff 		 Status=Pass
Time=3828328810.000 ns 		 SPI_clock_frequency=1000000Hz 		 SPI_MODE=1 		 Operation=Read  		 Data_Size=16 bits 		 Slave_address=0x03 		 Selected_Register=Data Register       		  Data_to_Write=0x0 		 Status=Pass
Time=3828353250.000 ns 		 SPI_clock_frequency=1000000Hz 		 SPI_MODE=1 		 Operation=Read  		 Data_Size=16 bits 		 Slave_address=0x03 		 Selected_Register=Data Register       		  Data_to_Write=0x5555 		 Status=Pass
Time=3828377690.000 ns 		 SPI_clock_frequency=1000000Hz 		 SPI_MODE=1 		 Operation=Read  		 Data_Size=16 bits 		 Slave_address=0x03 		 Selected_Register=Data Register       		  Data_to_Write=0xaaaa 		 Status=Pass
Time=3828402130.000 ns 		 SPI_clock_frequency=1000000Hz 		 SPI_MODE=1 		 Operation=Read  		 Data_Size=16 bits 		 Slave_address=0x03 		 Selected_Register=Data Register       		  Data_to_Write=0x3478 		 Status=Pass
Time=3828426570.000 ns 		 SPI_clock_frequency=1000000Hz 		 SPI_MODE=1 		 Operation=Read  		 Data_Size=16 bits 		 Slave_address=0x03 		 Selected_Register=Data Register       		  Data_to_Write=0xffff 		 Status=Pass
Time=3828452010.000 ns 		 SPI_clock_frequency=1000000Hz 		 SPI_MODE=2 		 Operation=Write 		 Data_Size=16 bits 		 Slave_address=0x03 		 Selected_Register=Data Register      		  Data_to_Write=0x0 		 Status=Pass
Time=3828477450.000 ns 		 SPI_clock_frequency=1000000Hz 		 SPI_MODE=2 		 Operation=Write 		 Data_Size=16 bits 		 Slave_address=0x03 		 Selected_Register=Data Register      		  Data_to_Write=0x5555 		 Status=Pass
Time=3828502890.000 ns 		 SPI_clock_frequency=1000000Hz 		 SPI_MODE=2 		 Operation=Write 		 Data_Size=16 bits 		 Slave_address=0x03 		 Selected_Register=Data Register      		  Data_to_Write=0xaaaa 		 Status=Pass
Time=3828528330.000 ns 		 SPI_clock_frequency=1000000Hz 		 SPI_MODE=2 		 Operation=Write 		 Data_Size=16 bits 		 Slave_address=0x03 		 Selected_Register=Data Register      		  Data_to_Write=0x3478 		 Status=Pass
Time=3828553770.000 ns 		 SPI_clock_frequency=1000000Hz 		 SPI_MODE=2 		 Operation=Write 		 Data_Size=16 bits 		 Slave_address=0x03 		 Selected_Register=Data Register      		  Data_to_Write=0xffff 		 Status=Pass
Time=3828579210.000 ns 		 SPI_clock_frequency=1000000Hz 		 SPI_MODE=2 		 Operation=Read  		 Data_Size=16 bits 		 Slave_address=0x03 		 Selected_Register=Data Register       		  Data_to_Write=0x0 		 Status=Pass
Time=3828604650.000 ns 		 SPI_clock_frequency=1000000Hz 		 SPI_MODE=2 		 Operation=Read  		 Data_Size=16 bits 		 Slave_address=0x03 		 Selected_Register=Data Register       		  Data_to_Write=0x5555 		 Status=Pass
Time=3828630090.000 ns 		 SPI_clock_frequency=1000000Hz 		 SPI_MODE=2 		 Operation=Read  		 Data_Size=16 bits 		 Slave_address=0x03 		 Selected_Register=Data Register       		  Data_to_Write=0xaaaa 		 Status=Pass
Time=3828655530.000 ns 		 SPI_clock_frequency=1000000Hz 		 SPI_MODE=2 		 Operation=Read  		 Data_Size=16 bits 		 Slave_address=0x03 		 Selected_Register=Data Register       		  Data_to_Write=0x3478 		 Status=Pass
Time=3828680970.000 ns 		 SPI_clock_frequency=1000000Hz 		 SPI_MODE=2 		 Operation=Read  		 Data_Size=16 bits 		 Slave_address=0x03 		 Selected_Register=Data Register       		  Data_to_Write=0xffff 		 Status=Pass
Time=3828706410.000 ns 		 SPI_clock_frequency=1000000Hz 		 SPI_MODE=3 		 Operation=Write 		 Data_Size=16 bits 		 Slave_address=0x03 		 Selected_Register=Data Register      		  Data_to_Write=0x0 		 Status=Pass
Time=3828731850.000 ns 		 SPI_clock_frequency=1000000Hz 		 SPI_MODE=3 		 Operation=Write 		 Data_Size=16 bits 		 Slave_address=0x03 		 Selected_Register=Data Register      		  Data_to_Write=0x5555 		 Status=Pass
Time=3828757290.000 ns 		 SPI_clock_frequency=1000000Hz 		 SPI_MODE=3 		 Operation=Write 		 Data_Size=16 bits 		 Slave_address=0x03 		 Selected_Register=Data Register      		  Data_to_Write=0xaaaa 		 Status=Pass
Time=3828782730.000 ns 		 SPI_clock_frequency=1000000Hz 		 SPI_MODE=3 		 Operation=Write 		 Data_Size=16 bits 		 Slave_address=0x03 		 Selected_Register=Data Register      		  Data_to_Write=0x3478 		 Status=Pass
Time=3828808170.000 ns 		 SPI_clock_frequency=1000000Hz 		 SPI_MODE=3 		 Operation=Write 		 Data_Size=16 bits 		 Slave_address=0x03 		 Selected_Register=Data Register      		  Data_to_Write=0xffff 		 Status=Pass
Time=3828833610.000 ns 		 SPI_clock_frequency=1000000Hz 		 SPI_MODE=3 		 Operation=Read  		 Data_Size=16 bits 		 Slave_address=0x03 		 Selected_Register=Data Register       		  Data_to_Write=0x0 		 Status=Pass
Time=3828859050.000 ns 		 SPI_clock_frequency=1000000Hz 		 SPI_MODE=3 		 Operation=Read  		 Data_Size=16 bits 		 Slave_address=0x03 		 Selected_Register=Data Register       		  Data_to_Write=0x5555 		 Status=Pass
Time=3828884490.000 ns 		 SPI_clock_frequency=1000000Hz 		 SPI_MODE=3 		 Operation=Read  		 Data_Size=16 bits 		 Slave_address=0x03 		 Selected_Register=Data Register       		  Data_to_Write=0xaaaa 		 Status=Pass
Time=3828909930.000 ns 		 SPI_clock_frequency=1000000Hz 		 SPI_MODE=3 		 Operation=Read  		 Data_Size=16 bits 		 Slave_address=0x03 		 Selected_Register=Data Register       		  Data_to_Write=0x3478 		 Status=Pass
Time=3828935370.000 ns 		 SPI_clock_frequency=1000000Hz 		 SPI_MODE=3 		 Operation=Read  		 Data_Size=16 bits 		 Slave_address=0x03 		 Selected_Register=Data Register       		  Data_to_Write=0xffff 		 Status=Pass
 ERROR: Invalid Slave Address (04)
 ERROR: Invalid Slave Address (04)
 ERROR: Invalid Slave Address (04)
 ERROR: Invalid Slave Address (04)
 ERROR: Invalid Slave Address (04)
 ERROR: Invalid Slave Address (04)
 ERROR: Invalid Slave Address (04)
 ERROR: Invalid Slave Address (04)
 ERROR: Invalid Slave Address (04)
 ERROR: Invalid Slave Address (04)
 ERROR: Invalid Slave Address (04)
 ERROR: Invalid Slave Address (04)
 ERROR: Invalid Slave Address (04)
 ERROR: Invalid Slave Address (04)
 ERROR: Invalid Slave Address (04)
 ERROR: Invalid Slave Address (04)
 ERROR: Invalid Slave Address (04)
 ERROR: Invalid Slave Address (04)
 ERROR: Invalid Slave Address (04)
 ERROR: Invalid Slave Address (04)
 ERROR: Invalid Slave Address (04)
 ERROR: Invalid Slave Address (04)
 ERROR: Invalid Slave Address (04)
 ERROR: Invalid Slave Address (04)
 ERROR: Invalid Slave Address (04)
 ERROR: Invalid Slave Address (04)
 ERROR: Invalid Slave Address (04)
 ERROR: Invalid Slave Address (04)
 ERROR: Invalid Slave Address (04)
 ERROR: Invalid Slave Address (04)
 ERROR: Invalid Slave Address (04)
 ERROR: Invalid Slave Address (04)
 ERROR: Invalid Slave Address (04)
 ERROR: Invalid Slave Address (04)
 ERROR: Invalid Slave Address (04)
 ERROR: Invalid Slave Address (04)
 ERROR: Invalid Slave Address (04)
 ERROR: Invalid Slave Address (04)
 ERROR: Invalid Slave Address (04)
 ERROR: Invalid Slave Address (04)
 ERROR: Invalid Slave Address (05)
 ERROR: Invalid Slave Address (05)
 ERROR: Invalid Slave Address (05)
 ERROR: Invalid Slave Address (05)
 ERROR: Invalid Slave Address (05)
 ERROR: Invalid Slave Address (05)
 ERROR: Invalid Slave Address (05)
 ERROR: Invalid Slave Address (05)
 ERROR: Invalid Slave Address (05)
 ERROR: Invalid Slave Address (05)
 ERROR: Invalid Slave Address (05)
 ERROR: Invalid Slave Address (05)
 ERROR: Invalid Slave Address (05)
 ERROR: Invalid Slave Address (05)
 ERROR: Invalid Slave Address (05)
 ERROR: Invalid Slave Address (05)
 ERROR: Invalid Slave Address (05)
 ERROR: Invalid Slave Address (05)
 ERROR: Invalid Slave Address (05)
 ERROR: Invalid Slave Address (05)
 ERROR: Invalid Slave Address (05)
 ERROR: Invalid Slave Address (05)
 ERROR: Invalid Slave Address (05)
 ERROR: Invalid Slave Address (05)
 ERROR: Invalid Slave Address (05)
 ERROR: Invalid Slave Address (05)
 ERROR: Invalid Slave Address (05)
 ERROR: Invalid Slave Address (05)
 ERROR: Invalid Slave Address (05)
 ERROR: Invalid Slave Address (05)
 ERROR: Invalid Slave Address (05)
 ERROR: Invalid Slave Address (05)
 ERROR: Invalid Slave Address (05)
 ERROR: Invalid Slave Address (05)
 ERROR: Invalid Slave Address (05)
 ERROR: Invalid Slave Address (05)
 ERROR: Invalid Slave Address (05)
 ERROR: Invalid Slave Address (05)
 ERROR: Invalid Slave Address (05)
 ERROR: Invalid Slave Address (05)
 ERROR: Writing a read only register (Device ID)
 ERROR: Writing a read only register (Device ID)
 ERROR: Writing a read only register (Device ID)
 ERROR: Writing a read only register (Device ID)
 ERROR: Writing a read only register (Device ID)
 ERROR: Timed out
 ERROR: Timed out
 ERROR: Timed out
 ERROR: Timed out
 ERROR: Timed out
 ERROR: Writing a read only register (Device ID)
 ERROR: Writing a read only register (Device ID)
 ERROR: Writing a read only register (Device ID)
 ERROR: Writing a read only register (Device ID)
 ERROR: Writing a read only register (Device ID)
 ERROR: Timed out
 ERROR: Timed out
 ERROR: Timed out
 ERROR: Timed out
 ERROR: Timed out
 ERROR: Writing a read only register (Device ID)
 ERROR: Writing a read only register (Device ID)
 ERROR: Writing a read only register (Device ID)
 ERROR: Writing a read only register (Device ID)
 ERROR: Writing a read only register (Device ID)
 ERROR: Timed out
 ERROR: Timed out
 ERROR: Timed out
 ERROR: Timed out
 ERROR: Timed out
 ERROR: Writing a read only register (Device ID)
 ERROR: Writing a read only register (Device ID)
 ERROR: Writing a read only register (Device ID)
 ERROR: Writing a read only register (Device ID)
 ERROR: Writing a read only register (Device ID)
 ERROR: Timed out
 ERROR: Timed out
 ERROR: Timed out
 ERROR: Timed out
 ERROR: Timed out
 ERROR: Timed out
 ERROR: Timed out
 ERROR: Timed out
 ERROR: Timed out
 ERROR: Timed out
 ERROR: Timed out
 ERROR: Timed out
 ERROR: Timed out
 ERROR: Timed out
 ERROR: Timed out
 ERROR: Timed out
 ERROR: Timed out
 ERROR: Timed out
 ERROR: Timed out
 ERROR: Timed out
 ERROR: Timed out
 ERROR: Timed out
 ERROR: Timed out
 ERROR: Timed out
 ERROR: Timed out
 ERROR: Timed out
 ERROR: Timed out
 ERROR: Timed out
 ERROR: Timed out
 ERROR: Timed out
 ERROR: Timed out
 ERROR: Timed out
 ERROR: Timed out
 ERROR: Timed out
 ERROR: Timed out
 ERROR: Timed out
 ERROR: Timed out
 ERROR: Timed out
 ERROR: Timed out
 ERROR: Timed out
 ERROR: Timed out
 ERROR: Timed out
 ERROR: Timed out
 ERROR: Timed out
 ERROR: Timed out
 ERROR: Timed out
 ERROR: Timed out
 ERROR: Timed out
 ERROR: Timed out
 ERROR: Timed out
 ERROR: Timed out
 ERROR: Timed out
 ERROR: Timed out
 ERROR: Timed out
 ERROR: Timed out
 ERROR: Timed out
 ERROR: Timed out
 ERROR: Timed out
 ERROR: Timed out
 ERROR: Timed out
 ERROR: Timed out
 ERROR: Timed out
 ERROR: Timed out
 ERROR: Timed out
 ERROR: Timed out
 ERROR: Timed out
 ERROR: Timed out
 ERROR: Timed out
 ERROR: Timed out
 ERROR: Timed out
 ERROR: Timed out
 ERROR: Timed out
 ERROR: Timed out
 ERROR: Timed out
 ERROR: Timed out
 ERROR: Timed out
 ERROR: Timed out
 ERROR: Timed out
 ERROR: Timed out
 ERROR: Timed out
 ERROR: Timed out
 ERROR: Timed out
 ERROR: Timed out
 ERROR: Timed out
 ERROR: Timed out
 ERROR: Timed out
 ERROR: Timed out
 ERROR: Timed out
 ERROR: Timed out
 ERROR: Timed out
 ERROR: Timed out
 ERROR: Timed out
 ERROR: Timed out
 ERROR: Timed out
 ERROR: Timed out
 ERROR: Timed out
 ERROR: Timed out
 ERROR: Timed out
 ERROR: Timed out
 ERROR: Timed out
 ERROR: Timed out
 ERROR: Timed out
 ERROR: Timed out
 ERROR: Timed out
 ERROR: Timed out
 ERROR: Timed out
 ERROR: Timed out
 ERROR: Timed out
 ERROR: Timed out
 ERROR: Timed out
 ERROR: Timed out
 ERROR: Timed out
 ERROR: Timed out
 ERROR: Timed out
 ERROR: Timed out
 ERROR: Timed out
 ERROR: Timed out
 ERROR: Timed out
 ERROR: Timed out
 ERROR: Timed out
 ERROR: Timed out
 ERROR: Timed out
 ERROR: Timed out
 ERROR: Timed out
 ERROR: Timed out
 ERROR: Invalid Slave Address (04)
 ERROR: Invalid Slave Address (04)
 ERROR: Invalid Slave Address (04)
 ERROR: Invalid Slave Address (04)
 ERROR: Invalid Slave Address (04)
 ERROR: Invalid Slave Address (04)
 ERROR: Invalid Slave Address (04)
 ERROR: Invalid Slave Address (04)
 ERROR: Invalid Slave Address (04)
 ERROR: Invalid Slave Address (04)
 ERROR: Invalid Slave Address (04)
 ERROR: Invalid Slave Address (04)
 ERROR: Invalid Slave Address (04)
 ERROR: Invalid Slave Address (04)
 ERROR: Invalid Slave Address (04)
 ERROR: Invalid Slave Address (04)
 ERROR: Invalid Slave Address (04)
 ERROR: Invalid Slave Address (04)
 ERROR: Invalid Slave Address (04)
 ERROR: Invalid Slave Address (04)
 ERROR: Invalid Slave Address (04)
 ERROR: Invalid Slave Address (04)
 ERROR: Invalid Slave Address (04)
 ERROR: Invalid Slave Address (04)
 ERROR: Invalid Slave Address (04)
 ERROR: Invalid Slave Address (04)
 ERROR: Invalid Slave Address (04)
 ERROR: Invalid Slave Address (04)
 ERROR: Invalid Slave Address (04)
 ERROR: Invalid Slave Address (04)
 ERROR: Invalid Slave Address (04)
 ERROR: Invalid Slave Address (04)
 ERROR: Invalid Slave Address (04)
 ERROR: Invalid Slave Address (04)
 ERROR: Invalid Slave Address (04)
 ERROR: Invalid Slave Address (04)
 ERROR: Invalid Slave Address (04)
 ERROR: Invalid Slave Address (04)
 ERROR: Invalid Slave Address (04)
 ERROR: Invalid Slave Address (04)
 ERROR: Invalid Slave Address (05)
 ERROR: Invalid Slave Address (05)
 ERROR: Invalid Slave Address (05)
 ERROR: Invalid Slave Address (05)
 ERROR: Invalid Slave Address (05)
 ERROR: Invalid Slave Address (05)
 ERROR: Invalid Slave Address (05)
 ERROR: Invalid Slave Address (05)
 ERROR: Invalid Slave Address (05)
 ERROR: Invalid Slave Address (05)
 ERROR: Invalid Slave Address (05)
 ERROR: Invalid Slave Address (05)
 ERROR: Invalid Slave Address (05)
 ERROR: Invalid Slave Address (05)
 ERROR: Invalid Slave Address (05)
 ERROR: Invalid Slave Address (05)
 ERROR: Invalid Slave Address (05)
 ERROR: Invalid Slave Address (05)
 ERROR: Invalid Slave Address (05)
 ERROR: Invalid Slave Address (05)
 ERROR: Invalid Slave Address (05)
 ERROR: Invalid Slave Address (05)
 ERROR: Invalid Slave Address (05)
 ERROR: Invalid Slave Address (05)
 ERROR: Invalid Slave Address (05)
 ERROR: Invalid Slave Address (05)
 ERROR: Invalid Slave Address (05)
 ERROR: Invalid Slave Address (05)
 ERROR: Invalid Slave Address (05)
 ERROR: Invalid Slave Address (05)
 ERROR: Invalid Slave Address (05)
 ERROR: Invalid Slave Address (05)
 ERROR: Invalid Slave Address (05)
 ERROR: Invalid Slave Address (05)
 ERROR: Invalid Slave Address (05)
 ERROR: Invalid Slave Address (05)
 ERROR: Invalid Slave Address (05)
 ERROR: Invalid Slave Address (05)
 ERROR: Invalid Slave Address (05)
 ERROR: Invalid Slave Address (05)
 ERROR: Writing a read only register (Device ID)
 ERROR: Writing a read only register (Device ID)
 ERROR: Writing a read only register (Device ID)
 ERROR: Writing a read only register (Device ID)
 ERROR: Writing a read only register (Device ID)
Time=3829229350.000 ns 		 SPI_clock_frequency=33554431Hz 		 SPI_MODE=0 		 Operation=Read  		 Data_Size=16 bits 		 Slave_address=0x00 		 Selected_Register=Device ID          		  Data_to_Write=0x0 		 Status=Pass
Time=3829232170.000 ns 		 SPI_clock_frequency=33554431Hz 		 SPI_MODE=0 		 Operation=Read  		 Data_Size=16 bits 		 Slave_address=0x00 		 Selected_Register=Device ID          		  Data_to_Write=0x5555 		 Status=Pass
Time=3829234990.000 ns 		 SPI_clock_frequency=33554431Hz 		 SPI_MODE=0 		 Operation=Read  		 Data_Size=16 bits 		 Slave_address=0x00 		 Selected_Register=Device ID          		  Data_to_Write=0xaaaa 		 Status=Pass
Time=3829237810.000 ns 		 SPI_clock_frequency=33554431Hz 		 SPI_MODE=0 		 Operation=Read  		 Data_Size=16 bits 		 Slave_address=0x00 		 Selected_Register=Device ID          		  Data_to_Write=0x3478 		 Status=Pass
Time=3829240630.000 ns 		 SPI_clock_frequency=33554431Hz 		 SPI_MODE=0 		 Operation=Read  		 Data_Size=16 bits 		 Slave_address=0x00 		 Selected_Register=Device ID          		  Data_to_Write=0xffff 		 Status=Pass
 ERROR: Writing a read only register (Device ID)
 ERROR: Writing a read only register (Device ID)
 ERROR: Writing a read only register (Device ID)
 ERROR: Writing a read only register (Device ID)
 ERROR: Writing a read only register (Device ID)
Time=3829243750.000 ns 		 SPI_clock_frequency=33554431Hz 		 SPI_MODE=1 		 Operation=Read  		 Data_Size=16 bits 		 Slave_address=0x00 		 Selected_Register=Device ID          		  Data_to_Write=0x0 		 Status=Pass
Time=3829246570.000 ns 		 SPI_clock_frequency=33554431Hz 		 SPI_MODE=1 		 Operation=Read  		 Data_Size=16 bits 		 Slave_address=0x00 		 Selected_Register=Device ID          		  Data_to_Write=0x5555 		 Status=Pass
Time=3829249390.000 ns 		 SPI_clock_frequency=33554431Hz 		 SPI_MODE=1 		 Operation=Read  		 Data_Size=16 bits 		 Slave_address=0x00 		 Selected_Register=Device ID          		  Data_to_Write=0xaaaa 		 Status=Pass
Time=3829252210.000 ns 		 SPI_clock_frequency=33554431Hz 		 SPI_MODE=1 		 Operation=Read  		 Data_Size=16 bits 		 Slave_address=0x00 		 Selected_Register=Device ID          		  Data_to_Write=0x3478 		 Status=Pass
Time=3829255030.000 ns 		 SPI_clock_frequency=33554431Hz 		 SPI_MODE=1 		 Operation=Read  		 Data_Size=16 bits 		 Slave_address=0x00 		 Selected_Register=Device ID          		  Data_to_Write=0xffff 		 Status=Pass
 ERROR: Writing a read only register (Device ID)
 ERROR: Writing a read only register (Device ID)
 ERROR: Writing a read only register (Device ID)
 ERROR: Writing a read only register (Device ID)
 ERROR: Writing a read only register (Device ID)
Time=3829258230.000 ns 		 SPI_clock_frequency=33554431Hz 		 SPI_MODE=2 		 Operation=Read  		 Data_Size=16 bits 		 Slave_address=0x00 		 Selected_Register=Device ID          		  Data_to_Write=0x0 		 Status=Pass
Time=3829261130.000 ns 		 SPI_clock_frequency=33554431Hz 		 SPI_MODE=2 		 Operation=Read  		 Data_Size=16 bits 		 Slave_address=0x00 		 Selected_Register=Device ID          		  Data_to_Write=0x5555 		 Status=Pass
Time=3829264030.000 ns 		 SPI_clock_frequency=33554431Hz 		 SPI_MODE=2 		 Operation=Read  		 Data_Size=16 bits 		 Slave_address=0x00 		 Selected_Register=Device ID          		  Data_to_Write=0xaaaa 		 Status=Pass
Time=3829266930.000 ns 		 SPI_clock_frequency=33554431Hz 		 SPI_MODE=2 		 Operation=Read  		 Data_Size=16 bits 		 Slave_address=0x00 		 Selected_Register=Device ID          		  Data_to_Write=0x3478 		 Status=Pass
Time=3829269830.000 ns 		 SPI_clock_frequency=33554431Hz 		 SPI_MODE=2 		 Operation=Read  		 Data_Size=16 bits 		 Slave_address=0x00 		 Selected_Register=Device ID          		  Data_to_Write=0xffff 		 Status=Pass
 ERROR: Writing a read only register (Device ID)
 ERROR: Writing a read only register (Device ID)
 ERROR: Writing a read only register (Device ID)
 ERROR: Writing a read only register (Device ID)
 ERROR: Writing a read only register (Device ID)
Time=3829273030.000 ns 		 SPI_clock_frequency=33554431Hz 		 SPI_MODE=3 		 Operation=Read  		 Data_Size=16 bits 		 Slave_address=0x00 		 Selected_Register=Device ID          		  Data_to_Write=0x0 		 Status=Pass
Time=3829275930.000 ns 		 SPI_clock_frequency=33554431Hz 		 SPI_MODE=3 		 Operation=Read  		 Data_Size=16 bits 		 Slave_address=0x00 		 Selected_Register=Device ID          		  Data_to_Write=0x5555 		 Status=Pass
Time=3829278830.000 ns 		 SPI_clock_frequency=33554431Hz 		 SPI_MODE=3 		 Operation=Read  		 Data_Size=16 bits 		 Slave_address=0x00 		 Selected_Register=Device ID          		  Data_to_Write=0xaaaa 		 Status=Pass
Time=3829281730.000 ns 		 SPI_clock_frequency=33554431Hz 		 SPI_MODE=3 		 Operation=Read  		 Data_Size=16 bits 		 Slave_address=0x00 		 Selected_Register=Device ID          		  Data_to_Write=0x3478 		 Status=Pass
Time=3829284630.000 ns 		 SPI_clock_frequency=33554431Hz 		 SPI_MODE=3 		 Operation=Read  		 Data_Size=16 bits 		 Slave_address=0x00 		 Selected_Register=Device ID          		  Data_to_Write=0xffff 		 Status=Pass
Time=3829287450.000 ns 		 SPI_clock_frequency=33554431Hz 		 SPI_MODE=0 		 Operation=Write 		 Data_Size=16 bits 		 Slave_address=0x01 		 Selected_Register=Control Register 		  Data_to_Write=0x0 		 Status=Pass
Time=3829290270.000 ns 		 SPI_clock_frequency=33554431Hz 		 SPI_MODE=0 		 Operation=Write 		 Data_Size=16 bits 		 Slave_address=0x01 		 Selected_Register=Control Register 		  Data_to_Write=0x5555 		 Status=Pass
Time=3829293090.000 ns 		 SPI_clock_frequency=33554431Hz 		 SPI_MODE=0 		 Operation=Write 		 Data_Size=16 bits 		 Slave_address=0x01 		 Selected_Register=Control Register 		  Data_to_Write=0xaaaa 		 Status=Pass
Time=3829295910.000 ns 		 SPI_clock_frequency=33554431Hz 		 SPI_MODE=0 		 Operation=Write 		 Data_Size=16 bits 		 Slave_address=0x01 		 Selected_Register=Control Register 		  Data_to_Write=0x3478 		 Status=Pass
Time=3829298730.000 ns 		 SPI_clock_frequency=33554431Hz 		 SPI_MODE=0 		 Operation=Write 		 Data_Size=16 bits 		 Slave_address=0x01 		 Selected_Register=Control Register 		  Data_to_Write=0xffff 		 Status=Pass
Time=3829301550.000 ns 		 SPI_clock_frequency=33554431Hz 		 SPI_MODE=0 		 Operation=Read  		 Data_Size=16 bits 		 Slave_address=0x01 		 Selected_Register=Control Register 		  Data_to_Write=0x0 		 Status=Pass
Time=3829304370.000 ns 		 SPI_clock_frequency=33554431Hz 		 SPI_MODE=0 		 Operation=Read  		 Data_Size=16 bits 		 Slave_address=0x01 		 Selected_Register=Control Register 		  Data_to_Write=0x5555 		 Status=Pass
Time=3829307190.000 ns 		 SPI_clock_frequency=33554431Hz 		 SPI_MODE=0 		 Operation=Read  		 Data_Size=16 bits 		 Slave_address=0x01 		 Selected_Register=Control Register 		  Data_to_Write=0xaaaa 		 Status=Pass
Time=3829310010.000 ns 		 SPI_clock_frequency=33554431Hz 		 SPI_MODE=0 		 Operation=Read  		 Data_Size=16 bits 		 Slave_address=0x01 		 Selected_Register=Control Register 		  Data_to_Write=0x3478 		 Status=Pass
Time=3829312830.000 ns 		 SPI_clock_frequency=33554431Hz 		 SPI_MODE=0 		 Operation=Read  		 Data_Size=16 bits 		 Slave_address=0x01 		 Selected_Register=Control Register 		  Data_to_Write=0xffff 		 Status=Pass
Time=3829315650.000 ns 		 SPI_clock_frequency=33554431Hz 		 SPI_MODE=1 		 Operation=Write 		 Data_Size=16 bits 		 Slave_address=0x01 		 Selected_Register=Control Register 		  Data_to_Write=0x0 		 Status=Pass
Time=3829318470.000 ns 		 SPI_clock_frequency=33554431Hz 		 SPI_MODE=1 		 Operation=Write 		 Data_Size=16 bits 		 Slave_address=0x01 		 Selected_Register=Control Register 		  Data_to_Write=0x5555 		 Status=Pass
Time=3829321290.000 ns 		 SPI_clock_frequency=33554431Hz 		 SPI_MODE=1 		 Operation=Write 		 Data_Size=16 bits 		 Slave_address=0x01 		 Selected_Register=Control Register 		  Data_to_Write=0xaaaa 		 Status=Pass
Time=3829324110.000 ns 		 SPI_clock_frequency=33554431Hz 		 SPI_MODE=1 		 Operation=Write 		 Data_Size=16 bits 		 Slave_address=0x01 		 Selected_Register=Control Register 		  Data_to_Write=0x3478 		 Status=Pass
Time=3829326930.000 ns 		 SPI_clock_frequency=33554431Hz 		 SPI_MODE=1 		 Operation=Write 		 Data_Size=16 bits 		 Slave_address=0x01 		 Selected_Register=Control Register 		  Data_to_Write=0xffff 		 Status=Pass
Time=3829329750.000 ns 		 SPI_clock_frequency=33554431Hz 		 SPI_MODE=1 		 Operation=Read  		 Data_Size=16 bits 		 Slave_address=0x01 		 Selected_Register=Control Register 		  Data_to_Write=0x0 		 Status=Pass
Time=3829332570.000 ns 		 SPI_clock_frequency=33554431Hz 		 SPI_MODE=1 		 Operation=Read  		 Data_Size=16 bits 		 Slave_address=0x01 		 Selected_Register=Control Register 		  Data_to_Write=0x5555 		 Status=Pass
Time=3829335390.000 ns 		 SPI_clock_frequency=33554431Hz 		 SPI_MODE=1 		 Operation=Read  		 Data_Size=16 bits 		 Slave_address=0x01 		 Selected_Register=Control Register 		  Data_to_Write=0xaaaa 		 Status=Pass
Time=3829338210.000 ns 		 SPI_clock_frequency=33554431Hz 		 SPI_MODE=1 		 Operation=Read  		 Data_Size=16 bits 		 Slave_address=0x01 		 Selected_Register=Control Register 		  Data_to_Write=0x3478 		 Status=Pass
Time=3829341030.000 ns 		 SPI_clock_frequency=33554431Hz 		 SPI_MODE=1 		 Operation=Read  		 Data_Size=16 bits 		 Slave_address=0x01 		 Selected_Register=Control Register 		  Data_to_Write=0xffff 		 Status=Pass
Time=3829343930.000 ns 		 SPI_clock_frequency=33554431Hz 		 SPI_MODE=2 		 Operation=Write 		 Data_Size=16 bits 		 Slave_address=0x01 		 Selected_Register=Control Register 		  Data_to_Write=0x0 		 Status=Pass
Time=3829346830.000 ns 		 SPI_clock_frequency=33554431Hz 		 SPI_MODE=2 		 Operation=Write 		 Data_Size=16 bits 		 Slave_address=0x01 		 Selected_Register=Control Register 		  Data_to_Write=0x5555 		 Status=Pass
Time=3829349730.000 ns 		 SPI_clock_frequency=33554431Hz 		 SPI_MODE=2 		 Operation=Write 		 Data_Size=16 bits 		 Slave_address=0x01 		 Selected_Register=Control Register 		  Data_to_Write=0xaaaa 		 Status=Pass
Time=3829352630.000 ns 		 SPI_clock_frequency=33554431Hz 		 SPI_MODE=2 		 Operation=Write 		 Data_Size=16 bits 		 Slave_address=0x01 		 Selected_Register=Control Register 		  Data_to_Write=0x3478 		 Status=Pass
Time=3829355530.000 ns 		 SPI_clock_frequency=33554431Hz 		 SPI_MODE=2 		 Operation=Write 		 Data_Size=16 bits 		 Slave_address=0x01 		 Selected_Register=Control Register 		  Data_to_Write=0xffff 		 Status=Pass
Time=3829358430.000 ns 		 SPI_clock_frequency=33554431Hz 		 SPI_MODE=2 		 Operation=Read  		 Data_Size=16 bits 		 Slave_address=0x01 		 Selected_Register=Control Register 		  Data_to_Write=0x0 		 Status=Pass
Time=3829361330.000 ns 		 SPI_clock_frequency=33554431Hz 		 SPI_MODE=2 		 Operation=Read  		 Data_Size=16 bits 		 Slave_address=0x01 		 Selected_Register=Control Register 		  Data_to_Write=0x5555 		 Status=Pass
Time=3829364230.000 ns 		 SPI_clock_frequency=33554431Hz 		 SPI_MODE=2 		 Operation=Read  		 Data_Size=16 bits 		 Slave_address=0x01 		 Selected_Register=Control Register 		  Data_to_Write=0xaaaa 		 Status=Pass
Time=3829367130.000 ns 		 SPI_clock_frequency=33554431Hz 		 SPI_MODE=2 		 Operation=Read  		 Data_Size=16 bits 		 Slave_address=0x01 		 Selected_Register=Control Register 		  Data_to_Write=0x3478 		 Status=Pass
Time=3829370030.000 ns 		 SPI_clock_frequency=33554431Hz 		 SPI_MODE=2 		 Operation=Read  		 Data_Size=16 bits 		 Slave_address=0x01 		 Selected_Register=Control Register 		  Data_to_Write=0xffff 		 Status=Pass
Time=3829372930.000 ns 		 SPI_clock_frequency=33554431Hz 		 SPI_MODE=3 		 Operation=Write 		 Data_Size=16 bits 		 Slave_address=0x01 		 Selected_Register=Control Register 		  Data_to_Write=0x0 		 Status=Pass
Time=3829375830.000 ns 		 SPI_clock_frequency=33554431Hz 		 SPI_MODE=3 		 Operation=Write 		 Data_Size=16 bits 		 Slave_address=0x01 		 Selected_Register=Control Register 		  Data_to_Write=0x5555 		 Status=Pass
Time=3829378730.000 ns 		 SPI_clock_frequency=33554431Hz 		 SPI_MODE=3 		 Operation=Write 		 Data_Size=16 bits 		 Slave_address=0x01 		 Selected_Register=Control Register 		  Data_to_Write=0xaaaa 		 Status=Pass
Time=3829381630.000 ns 		 SPI_clock_frequency=33554431Hz 		 SPI_MODE=3 		 Operation=Write 		 Data_Size=16 bits 		 Slave_address=0x01 		 Selected_Register=Control Register 		  Data_to_Write=0x3478 		 Status=Pass
Time=3829384530.000 ns 		 SPI_clock_frequency=33554431Hz 		 SPI_MODE=3 		 Operation=Write 		 Data_Size=16 bits 		 Slave_address=0x01 		 Selected_Register=Control Register 		  Data_to_Write=0xffff 		 Status=Pass
Time=3829387430.000 ns 		 SPI_clock_frequency=33554431Hz 		 SPI_MODE=3 		 Operation=Read  		 Data_Size=16 bits 		 Slave_address=0x01 		 Selected_Register=Control Register 		  Data_to_Write=0x0 		 Status=Pass
Time=3829390330.000 ns 		 SPI_clock_frequency=33554431Hz 		 SPI_MODE=3 		 Operation=Read  		 Data_Size=16 bits 		 Slave_address=0x01 		 Selected_Register=Control Register 		  Data_to_Write=0x5555 		 Status=Pass
Time=3829393230.000 ns 		 SPI_clock_frequency=33554431Hz 		 SPI_MODE=3 		 Operation=Read  		 Data_Size=16 bits 		 Slave_address=0x01 		 Selected_Register=Control Register 		  Data_to_Write=0xaaaa 		 Status=Pass
Time=3829396130.000 ns 		 SPI_clock_frequency=33554431Hz 		 SPI_MODE=3 		 Operation=Read  		 Data_Size=16 bits 		 Slave_address=0x01 		 Selected_Register=Control Register 		  Data_to_Write=0x3478 		 Status=Pass
Time=3829399030.000 ns 		 SPI_clock_frequency=33554431Hz 		 SPI_MODE=3 		 Operation=Read  		 Data_Size=16 bits 		 Slave_address=0x01 		 Selected_Register=Control Register 		  Data_to_Write=0xffff 		 Status=Pass
Time=3829401850.000 ns 		 SPI_clock_frequency=33554431Hz 		 SPI_MODE=0 		 Operation=Write 		 Data_Size=16 bits 		 Slave_address=0x02 		 Selected_Register=Status Register    		  Data_to_Write=0x0 		 Status=Pass
Time=3829404670.000 ns 		 SPI_clock_frequency=33554431Hz 		 SPI_MODE=0 		 Operation=Write 		 Data_Size=16 bits 		 Slave_address=0x02 		 Selected_Register=Status Register    		  Data_to_Write=0x5555 		 Status=Pass
Time=3829407490.000 ns 		 SPI_clock_frequency=33554431Hz 		 SPI_MODE=0 		 Operation=Write 		 Data_Size=16 bits 		 Slave_address=0x02 		 Selected_Register=Status Register    		  Data_to_Write=0xaaaa 		 Status=Pass
Time=3829410310.000 ns 		 SPI_clock_frequency=33554431Hz 		 SPI_MODE=0 		 Operation=Write 		 Data_Size=16 bits 		 Slave_address=0x02 		 Selected_Register=Status Register    		  Data_to_Write=0x3478 		 Status=Pass
Time=3829413130.000 ns 		 SPI_clock_frequency=33554431Hz 		 SPI_MODE=0 		 Operation=Write 		 Data_Size=16 bits 		 Slave_address=0x02 		 Selected_Register=Status Register    		  Data_to_Write=0xffff 		 Status=Pass
Time=3829415950.000 ns 		 SPI_clock_frequency=33554431Hz 		 SPI_MODE=0 		 Operation=Read  		 Data_Size=16 bits 		 Slave_address=0x02 		 Selected_Register=Status Register     		  Data_to_Write=0x0 		 Status=Pass
Time=3829418770.000 ns 		 SPI_clock_frequency=33554431Hz 		 SPI_MODE=0 		 Operation=Read  		 Data_Size=16 bits 		 Slave_address=0x02 		 Selected_Register=Status Register     		  Data_to_Write=0x5555 		 Status=Pass
Time=3829421590.000 ns 		 SPI_clock_frequency=33554431Hz 		 SPI_MODE=0 		 Operation=Read  		 Data_Size=16 bits 		 Slave_address=0x02 		 Selected_Register=Status Register     		  Data_to_Write=0xaaaa 		 Status=Pass
Time=3829424410.000 ns 		 SPI_clock_frequency=33554431Hz 		 SPI_MODE=0 		 Operation=Read  		 Data_Size=16 bits 		 Slave_address=0x02 		 Selected_Register=Status Register     		  Data_to_Write=0x3478 		 Status=Pass
Time=3829427230.000 ns 		 SPI_clock_frequency=33554431Hz 		 SPI_MODE=0 		 Operation=Read  		 Data_Size=16 bits 		 Slave_address=0x02 		 Selected_Register=Status Register     		  Data_to_Write=0xffff 		 Status=Pass
Time=3829430050.000 ns 		 SPI_clock_frequency=33554431Hz 		 SPI_MODE=1 		 Operation=Write 		 Data_Size=16 bits 		 Slave_address=0x02 		 Selected_Register=Status Register    		  Data_to_Write=0x0 		 Status=Pass
Time=3829432870.000 ns 		 SPI_clock_frequency=33554431Hz 		 SPI_MODE=1 		 Operation=Write 		 Data_Size=16 bits 		 Slave_address=0x02 		 Selected_Register=Status Register    		  Data_to_Write=0x5555 		 Status=Pass
Time=3829435690.000 ns 		 SPI_clock_frequency=33554431Hz 		 SPI_MODE=1 		 Operation=Write 		 Data_Size=16 bits 		 Slave_address=0x02 		 Selected_Register=Status Register    		  Data_to_Write=0xaaaa 		 Status=Pass
Time=3829438510.000 ns 		 SPI_clock_frequency=33554431Hz 		 SPI_MODE=1 		 Operation=Write 		 Data_Size=16 bits 		 Slave_address=0x02 		 Selected_Register=Status Register    		  Data_to_Write=0x3478 		 Status=Pass
Time=3829441330.000 ns 		 SPI_clock_frequency=33554431Hz 		 SPI_MODE=1 		 Operation=Write 		 Data_Size=16 bits 		 Slave_address=0x02 		 Selected_Register=Status Register    		  Data_to_Write=0xffff 		 Status=Pass
Time=3829444150.000 ns 		 SPI_clock_frequency=33554431Hz 		 SPI_MODE=1 		 Operation=Read  		 Data_Size=16 bits 		 Slave_address=0x02 		 Selected_Register=Status Register     		  Data_to_Write=0x0 		 Status=Pass
Time=3829446970.000 ns 		 SPI_clock_frequency=33554431Hz 		 SPI_MODE=1 		 Operation=Read  		 Data_Size=16 bits 		 Slave_address=0x02 		 Selected_Register=Status Register     		  Data_to_Write=0x5555 		 Status=Pass
Time=3829449790.000 ns 		 SPI_clock_frequency=33554431Hz 		 SPI_MODE=1 		 Operation=Read  		 Data_Size=16 bits 		 Slave_address=0x02 		 Selected_Register=Status Register     		  Data_to_Write=0xaaaa 		 Status=Pass
Time=3829452610.000 ns 		 SPI_clock_frequency=33554431Hz 		 SPI_MODE=1 		 Operation=Read  		 Data_Size=16 bits 		 Slave_address=0x02 		 Selected_Register=Status Register     		  Data_to_Write=0x3478 		 Status=Pass
Time=3829455430.000 ns 		 SPI_clock_frequency=33554431Hz 		 SPI_MODE=1 		 Operation=Read  		 Data_Size=16 bits 		 Slave_address=0x02 		 Selected_Register=Status Register     		  Data_to_Write=0xffff 		 Status=Pass
Time=3829458330.000 ns 		 SPI_clock_frequency=33554431Hz 		 SPI_MODE=2 		 Operation=Write 		 Data_Size=16 bits 		 Slave_address=0x02 		 Selected_Register=Status Register    		  Data_to_Write=0x0 		 Status=Pass
Time=3829461230.000 ns 		 SPI_clock_frequency=33554431Hz 		 SPI_MODE=2 		 Operation=Write 		 Data_Size=16 bits 		 Slave_address=0x02 		 Selected_Register=Status Register    		  Data_to_Write=0x5555 		 Status=Pass
Time=3829464130.000 ns 		 SPI_clock_frequency=33554431Hz 		 SPI_MODE=2 		 Operation=Write 		 Data_Size=16 bits 		 Slave_address=0x02 		 Selected_Register=Status Register    		  Data_to_Write=0xaaaa 		 Status=Pass
Time=3829467030.000 ns 		 SPI_clock_frequency=33554431Hz 		 SPI_MODE=2 		 Operation=Write 		 Data_Size=16 bits 		 Slave_address=0x02 		 Selected_Register=Status Register    		  Data_to_Write=0x3478 		 Status=Pass
Time=3829469930.000 ns 		 SPI_clock_frequency=33554431Hz 		 SPI_MODE=2 		 Operation=Write 		 Data_Size=16 bits 		 Slave_address=0x02 		 Selected_Register=Status Register    		  Data_to_Write=0xffff 		 Status=Pass
Time=3829472830.000 ns 		 SPI_clock_frequency=33554431Hz 		 SPI_MODE=2 		 Operation=Read  		 Data_Size=16 bits 		 Slave_address=0x02 		 Selected_Register=Status Register     		  Data_to_Write=0x0 		 Status=Pass
Time=3829475730.000 ns 		 SPI_clock_frequency=33554431Hz 		 SPI_MODE=2 		 Operation=Read  		 Data_Size=16 bits 		 Slave_address=0x02 		 Selected_Register=Status Register     		  Data_to_Write=0x5555 		 Status=Pass
Time=3829478630.000 ns 		 SPI_clock_frequency=33554431Hz 		 SPI_MODE=2 		 Operation=Read  		 Data_Size=16 bits 		 Slave_address=0x02 		 Selected_Register=Status Register     		  Data_to_Write=0xaaaa 		 Status=Pass
Time=3829481530.000 ns 		 SPI_clock_frequency=33554431Hz 		 SPI_MODE=2 		 Operation=Read  		 Data_Size=16 bits 		 Slave_address=0x02 		 Selected_Register=Status Register     		  Data_to_Write=0x3478 		 Status=Pass
Time=3829484430.000 ns 		 SPI_clock_frequency=33554431Hz 		 SPI_MODE=2 		 Operation=Read  		 Data_Size=16 bits 		 Slave_address=0x02 		 Selected_Register=Status Register     		  Data_to_Write=0xffff 		 Status=Pass
Time=3829487330.000 ns 		 SPI_clock_frequency=33554431Hz 		 SPI_MODE=3 		 Operation=Write 		 Data_Size=16 bits 		 Slave_address=0x02 		 Selected_Register=Status Register    		  Data_to_Write=0x0 		 Status=Pass
Time=3829490230.000 ns 		 SPI_clock_frequency=33554431Hz 		 SPI_MODE=3 		 Operation=Write 		 Data_Size=16 bits 		 Slave_address=0x02 		 Selected_Register=Status Register    		  Data_to_Write=0x5555 		 Status=Pass
Time=3829493130.000 ns 		 SPI_clock_frequency=33554431Hz 		 SPI_MODE=3 		 Operation=Write 		 Data_Size=16 bits 		 Slave_address=0x02 		 Selected_Register=Status Register    		  Data_to_Write=0xaaaa 		 Status=Pass
Time=3829496030.000 ns 		 SPI_clock_frequency=33554431Hz 		 SPI_MODE=3 		 Operation=Write 		 Data_Size=16 bits 		 Slave_address=0x02 		 Selected_Register=Status Register    		  Data_to_Write=0x3478 		 Status=Pass
Time=3829498930.000 ns 		 SPI_clock_frequency=33554431Hz 		 SPI_MODE=3 		 Operation=Write 		 Data_Size=16 bits 		 Slave_address=0x02 		 Selected_Register=Status Register    		  Data_to_Write=0xffff 		 Status=Pass
Time=3829501830.000 ns 		 SPI_clock_frequency=33554431Hz 		 SPI_MODE=3 		 Operation=Read  		 Data_Size=16 bits 		 Slave_address=0x02 		 Selected_Register=Status Register     		  Data_to_Write=0x0 		 Status=Pass
Time=3829504730.000 ns 		 SPI_clock_frequency=33554431Hz 		 SPI_MODE=3 		 Operation=Read  		 Data_Size=16 bits 		 Slave_address=0x02 		 Selected_Register=Status Register     		  Data_to_Write=0x5555 		 Status=Pass
Time=3829507630.000 ns 		 SPI_clock_frequency=33554431Hz 		 SPI_MODE=3 		 Operation=Read  		 Data_Size=16 bits 		 Slave_address=0x02 		 Selected_Register=Status Register     		  Data_to_Write=0xaaaa 		 Status=Pass
Time=3829510530.000 ns 		 SPI_clock_frequency=33554431Hz 		 SPI_MODE=3 		 Operation=Read  		 Data_Size=16 bits 		 Slave_address=0x02 		 Selected_Register=Status Register     		  Data_to_Write=0x3478 		 Status=Pass
Time=3829513430.000 ns 		 SPI_clock_frequency=33554431Hz 		 SPI_MODE=3 		 Operation=Read  		 Data_Size=16 bits 		 Slave_address=0x02 		 Selected_Register=Status Register     		  Data_to_Write=0xffff 		 Status=Pass
Time=3829516250.000 ns 		 SPI_clock_frequency=33554431Hz 		 SPI_MODE=0 		 Operation=Write 		 Data_Size=16 bits 		 Slave_address=0x03 		 Selected_Register=Data Register      		  Data_to_Write=0x0 		 Status=Pass
Time=3829519070.000 ns 		 SPI_clock_frequency=33554431Hz 		 SPI_MODE=0 		 Operation=Write 		 Data_Size=16 bits 		 Slave_address=0x03 		 Selected_Register=Data Register      		  Data_to_Write=0x5555 		 Status=Pass
Time=3829521890.000 ns 		 SPI_clock_frequency=33554431Hz 		 SPI_MODE=0 		 Operation=Write 		 Data_Size=16 bits 		 Slave_address=0x03 		 Selected_Register=Data Register      		  Data_to_Write=0xaaaa 		 Status=Pass
Time=3829524710.000 ns 		 SPI_clock_frequency=33554431Hz 		 SPI_MODE=0 		 Operation=Write 		 Data_Size=16 bits 		 Slave_address=0x03 		 Selected_Register=Data Register      		  Data_to_Write=0x3478 		 Status=Pass
Time=3829527530.000 ns 		 SPI_clock_frequency=33554431Hz 		 SPI_MODE=0 		 Operation=Write 		 Data_Size=16 bits 		 Slave_address=0x03 		 Selected_Register=Data Register      		  Data_to_Write=0xffff 		 Status=Pass
Time=3829530350.000 ns 		 SPI_clock_frequency=33554431Hz 		 SPI_MODE=0 		 Operation=Read  		 Data_Size=16 bits 		 Slave_address=0x03 		 Selected_Register=Data Register       		  Data_to_Write=0x0 		 Status=Pass
Time=3829533170.000 ns 		 SPI_clock_frequency=33554431Hz 		 SPI_MODE=0 		 Operation=Read  		 Data_Size=16 bits 		 Slave_address=0x03 		 Selected_Register=Data Register       		  Data_to_Write=0x5555 		 Status=Pass
Time=3829535990.000 ns 		 SPI_clock_frequency=33554431Hz 		 SPI_MODE=0 		 Operation=Read  		 Data_Size=16 bits 		 Slave_address=0x03 		 Selected_Register=Data Register       		  Data_to_Write=0xaaaa 		 Status=Pass
Time=3829538810.000 ns 		 SPI_clock_frequency=33554431Hz 		 SPI_MODE=0 		 Operation=Read  		 Data_Size=16 bits 		 Slave_address=0x03 		 Selected_Register=Data Register       		  Data_to_Write=0x3478 		 Status=Pass
Time=3829541630.000 ns 		 SPI_clock_frequency=33554431Hz 		 SPI_MODE=0 		 Operation=Read  		 Data_Size=16 bits 		 Slave_address=0x03 		 Selected_Register=Data Register       		  Data_to_Write=0xffff 		 Status=Pass
Time=3829544450.000 ns 		 SPI_clock_frequency=33554431Hz 		 SPI_MODE=1 		 Operation=Write 		 Data_Size=16 bits 		 Slave_address=0x03 		 Selected_Register=Data Register      		  Data_to_Write=0x0 		 Status=Pass
Time=3829547270.000 ns 		 SPI_clock_frequency=33554431Hz 		 SPI_MODE=1 		 Operation=Write 		 Data_Size=16 bits 		 Slave_address=0x03 		 Selected_Register=Data Register      		  Data_to_Write=0x5555 		 Status=Pass
Time=3829550090.000 ns 		 SPI_clock_frequency=33554431Hz 		 SPI_MODE=1 		 Operation=Write 		 Data_Size=16 bits 		 Slave_address=0x03 		 Selected_Register=Data Register      		  Data_to_Write=0xaaaa 		 Status=Pass
Time=3829552910.000 ns 		 SPI_clock_frequency=33554431Hz 		 SPI_MODE=1 		 Operation=Write 		 Data_Size=16 bits 		 Slave_address=0x03 		 Selected_Register=Data Register      		  Data_to_Write=0x3478 		 Status=Pass
Time=3829555730.000 ns 		 SPI_clock_frequency=33554431Hz 		 SPI_MODE=1 		 Operation=Write 		 Data_Size=16 bits 		 Slave_address=0x03 		 Selected_Register=Data Register      		  Data_to_Write=0xffff 		 Status=Pass
Time=3829558550.000 ns 		 SPI_clock_frequency=33554431Hz 		 SPI_MODE=1 		 Operation=Read  		 Data_Size=16 bits 		 Slave_address=0x03 		 Selected_Register=Data Register       		  Data_to_Write=0x0 		 Status=Pass
Time=3829561370.000 ns 		 SPI_clock_frequency=33554431Hz 		 SPI_MODE=1 		 Operation=Read  		 Data_Size=16 bits 		 Slave_address=0x03 		 Selected_Register=Data Register       		  Data_to_Write=0x5555 		 Status=Pass
Time=3829564190.000 ns 		 SPI_clock_frequency=33554431Hz 		 SPI_MODE=1 		 Operation=Read  		 Data_Size=16 bits 		 Slave_address=0x03 		 Selected_Register=Data Register       		  Data_to_Write=0xaaaa 		 Status=Pass
Time=3829567010.000 ns 		 SPI_clock_frequency=33554431Hz 		 SPI_MODE=1 		 Operation=Read  		 Data_Size=16 bits 		 Slave_address=0x03 		 Selected_Register=Data Register       		  Data_to_Write=0x3478 		 Status=Pass
Time=3829569830.000 ns 		 SPI_clock_frequency=33554431Hz 		 SPI_MODE=1 		 Operation=Read  		 Data_Size=16 bits 		 Slave_address=0x03 		 Selected_Register=Data Register       		  Data_to_Write=0xffff 		 Status=Pass
Time=3829572730.000 ns 		 SPI_clock_frequency=33554431Hz 		 SPI_MODE=2 		 Operation=Write 		 Data_Size=16 bits 		 Slave_address=0x03 		 Selected_Register=Data Register      		  Data_to_Write=0x0 		 Status=Pass
Time=3829575630.000 ns 		 SPI_clock_frequency=33554431Hz 		 SPI_MODE=2 		 Operation=Write 		 Data_Size=16 bits 		 Slave_address=0x03 		 Selected_Register=Data Register      		  Data_to_Write=0x5555 		 Status=Pass
Time=3829578530.000 ns 		 SPI_clock_frequency=33554431Hz 		 SPI_MODE=2 		 Operation=Write 		 Data_Size=16 bits 		 Slave_address=0x03 		 Selected_Register=Data Register      		  Data_to_Write=0xaaaa 		 Status=Pass
Time=3829581430.000 ns 		 SPI_clock_frequency=33554431Hz 		 SPI_MODE=2 		 Operation=Write 		 Data_Size=16 bits 		 Slave_address=0x03 		 Selected_Register=Data Register      		  Data_to_Write=0x3478 		 Status=Pass
Time=3829584330.000 ns 		 SPI_clock_frequency=33554431Hz 		 SPI_MODE=2 		 Operation=Write 		 Data_Size=16 bits 		 Slave_address=0x03 		 Selected_Register=Data Register      		  Data_to_Write=0xffff 		 Status=Pass
Time=3829587230.000 ns 		 SPI_clock_frequency=33554431Hz 		 SPI_MODE=2 		 Operation=Read  		 Data_Size=16 bits 		 Slave_address=0x03 		 Selected_Register=Data Register       		  Data_to_Write=0x0 		 Status=Pass
Time=3829590130.000 ns 		 SPI_clock_frequency=33554431Hz 		 SPI_MODE=2 		 Operation=Read  		 Data_Size=16 bits 		 Slave_address=0x03 		 Selected_Register=Data Register       		  Data_to_Write=0x5555 		 Status=Pass
Time=3829593030.000 ns 		 SPI_clock_frequency=33554431Hz 		 SPI_MODE=2 		 Operation=Read  		 Data_Size=16 bits 		 Slave_address=0x03 		 Selected_Register=Data Register       		  Data_to_Write=0xaaaa 		 Status=Pass
Time=3829595930.000 ns 		 SPI_clock_frequency=33554431Hz 		 SPI_MODE=2 		 Operation=Read  		 Data_Size=16 bits 		 Slave_address=0x03 		 Selected_Register=Data Register       		  Data_to_Write=0x3478 		 Status=Pass
Time=3829598830.000 ns 		 SPI_clock_frequency=33554431Hz 		 SPI_MODE=2 		 Operation=Read  		 Data_Size=16 bits 		 Slave_address=0x03 		 Selected_Register=Data Register       		  Data_to_Write=0xffff 		 Status=Pass
Time=3829601730.000 ns 		 SPI_clock_frequency=33554431Hz 		 SPI_MODE=3 		 Operation=Write 		 Data_Size=16 bits 		 Slave_address=0x03 		 Selected_Register=Data Register      		  Data_to_Write=0x0 		 Status=Pass
Time=3829604630.000 ns 		 SPI_clock_frequency=33554431Hz 		 SPI_MODE=3 		 Operation=Write 		 Data_Size=16 bits 		 Slave_address=0x03 		 Selected_Register=Data Register      		  Data_to_Write=0x5555 		 Status=Pass
Time=3829607530.000 ns 		 SPI_clock_frequency=33554431Hz 		 SPI_MODE=3 		 Operation=Write 		 Data_Size=16 bits 		 Slave_address=0x03 		 Selected_Register=Data Register      		  Data_to_Write=0xaaaa 		 Status=Pass
Time=3829610430.000 ns 		 SPI_clock_frequency=33554431Hz 		 SPI_MODE=3 		 Operation=Write 		 Data_Size=16 bits 		 Slave_address=0x03 		 Selected_Register=Data Register      		  Data_to_Write=0x3478 		 Status=Pass
Time=3829613330.000 ns 		 SPI_clock_frequency=33554431Hz 		 SPI_MODE=3 		 Operation=Write 		 Data_Size=16 bits 		 Slave_address=0x03 		 Selected_Register=Data Register      		  Data_to_Write=0xffff 		 Status=Pass
Time=3829616230.000 ns 		 SPI_clock_frequency=33554431Hz 		 SPI_MODE=3 		 Operation=Read  		 Data_Size=16 bits 		 Slave_address=0x03 		 Selected_Register=Data Register       		  Data_to_Write=0x0 		 Status=Pass
Time=3829619130.000 ns 		 SPI_clock_frequency=33554431Hz 		 SPI_MODE=3 		 Operation=Read  		 Data_Size=16 bits 		 Slave_address=0x03 		 Selected_Register=Data Register       		  Data_to_Write=0x5555 		 Status=Pass
Time=3829622030.000 ns 		 SPI_clock_frequency=33554431Hz 		 SPI_MODE=3 		 Operation=Read  		 Data_Size=16 bits 		 Slave_address=0x03 		 Selected_Register=Data Register       		  Data_to_Write=0xaaaa 		 Status=Pass
Time=3829624930.000 ns 		 SPI_clock_frequency=33554431Hz 		 SPI_MODE=3 		 Operation=Read  		 Data_Size=16 bits 		 Slave_address=0x03 		 Selected_Register=Data Register       		  Data_to_Write=0x3478 		 Status=Pass
Time=3829627830.000 ns 		 SPI_clock_frequency=33554431Hz 		 SPI_MODE=3 		 Operation=Read  		 Data_Size=16 bits 		 Slave_address=0x03 		 Selected_Register=Data Register       		  Data_to_Write=0xffff 		 Status=Pass
 ERROR: Invalid Slave Address (04)
 ERROR: Invalid Slave Address (04)
 ERROR: Invalid Slave Address (04)
 ERROR: Invalid Slave Address (04)
 ERROR: Invalid Slave Address (04)
 ERROR: Invalid Slave Address (04)
 ERROR: Invalid Slave Address (04)
 ERROR: Invalid Slave Address (04)
 ERROR: Invalid Slave Address (04)
 ERROR: Invalid Slave Address (04)
 ERROR: Invalid Slave Address (04)
 ERROR: Invalid Slave Address (04)
 ERROR: Invalid Slave Address (04)
 ERROR: Invalid Slave Address (04)
 ERROR: Invalid Slave Address (04)
 ERROR: Invalid Slave Address (04)
 ERROR: Invalid Slave Address (04)
 ERROR: Invalid Slave Address (04)
 ERROR: Invalid Slave Address (04)
 ERROR: Invalid Slave Address (04)
 ERROR: Invalid Slave Address (04)
 ERROR: Invalid Slave Address (04)
 ERROR: Invalid Slave Address (04)
 ERROR: Invalid Slave Address (04)
 ERROR: Invalid Slave Address (04)
 ERROR: Invalid Slave Address (04)
 ERROR: Invalid Slave Address (04)
 ERROR: Invalid Slave Address (04)
 ERROR: Invalid Slave Address (04)
 ERROR: Invalid Slave Address (04)
 ERROR: Invalid Slave Address (04)
 ERROR: Invalid Slave Address (04)
 ERROR: Invalid Slave Address (04)
 ERROR: Invalid Slave Address (04)
 ERROR: Invalid Slave Address (04)
 ERROR: Invalid Slave Address (04)
 ERROR: Invalid Slave Address (04)
 ERROR: Invalid Slave Address (04)
 ERROR: Invalid Slave Address (04)
 ERROR: Invalid Slave Address (04)
 ERROR: Invalid Slave Address (05)
 ERROR: Invalid Slave Address (05)
 ERROR: Invalid Slave Address (05)
 ERROR: Invalid Slave Address (05)
 ERROR: Invalid Slave Address (05)
 ERROR: Invalid Slave Address (05)
 ERROR: Invalid Slave Address (05)
 ERROR: Invalid Slave Address (05)
 ERROR: Invalid Slave Address (05)
 ERROR: Invalid Slave Address (05)
 ERROR: Invalid Slave Address (05)
 ERROR: Invalid Slave Address (05)
 ERROR: Invalid Slave Address (05)
 ERROR: Invalid Slave Address (05)
 ERROR: Invalid Slave Address (05)
 ERROR: Invalid Slave Address (05)
 ERROR: Invalid Slave Address (05)
 ERROR: Invalid Slave Address (05)
 ERROR: Invalid Slave Address (05)
 ERROR: Invalid Slave Address (05)
 ERROR: Invalid Slave Address (05)
 ERROR: Invalid Slave Address (05)
 ERROR: Invalid Slave Address (05)
 ERROR: Invalid Slave Address (05)
 ERROR: Invalid Slave Address (05)
 ERROR: Invalid Slave Address (05)
 ERROR: Invalid Slave Address (05)
 ERROR: Invalid Slave Address (05)
 ERROR: Invalid Slave Address (05)
 ERROR: Invalid Slave Address (05)
 ERROR: Invalid Slave Address (05)
 ERROR: Invalid Slave Address (05)
 ERROR: Invalid Slave Address (05)
 ERROR: Invalid Slave Address (05)
 ERROR: Invalid Slave Address (05)
 ERROR: Invalid Slave Address (05)
 ERROR: Invalid Slave Address (05)
 ERROR: Invalid Slave Address (05)
 ERROR: Invalid Slave Address (05)
 ERROR: Invalid Slave Address (05)
 ERROR: Writing a read only register (Device ID)
 ERROR: Writing a read only register (Device ID)
 ERROR: Writing a read only register (Device ID)
 ERROR: Writing a read only register (Device ID)
 ERROR: Writing a read only register (Device ID)
Time=3829862030.000 ns 		 SPI_clock_frequency=67823Hz 		 SPI_MODE=0 		 Operation=Read  		 Data_Size=8 bits 		 Slave_address=0x00 		 Selected_Register=Device ID          		  Data_to_Write=0x0 		 Status=Pass
Time=3830091130.000 ns 		 SPI_clock_frequency=67823Hz 		 SPI_MODE=0 		 Operation=Read  		 Data_Size=8 bits 		 Slave_address=0x00 		 Selected_Register=Device ID          		  Data_to_Write=0x55 		 Status=Pass
Time=3830320230.000 ns 		 SPI_clock_frequency=67823Hz 		 SPI_MODE=0 		 Operation=Read  		 Data_Size=8 bits 		 Slave_address=0x00 		 Selected_Register=Device ID          		  Data_to_Write=0xaa 		 Status=Pass
Time=3830549330.000 ns 		 SPI_clock_frequency=67823Hz 		 SPI_MODE=0 		 Operation=Read  		 Data_Size=8 bits 		 Slave_address=0x00 		 Selected_Register=Device ID          		  Data_to_Write=0xbe 		 Status=Pass
Time=3830778430.000 ns 		 SPI_clock_frequency=67823Hz 		 SPI_MODE=0 		 Operation=Read  		 Data_Size=8 bits 		 Slave_address=0x00 		 Selected_Register=Device ID          		  Data_to_Write=0xff 		 Status=Pass
 ERROR: Writing a read only register (Device ID)
 ERROR: Writing a read only register (Device ID)
 ERROR: Writing a read only register (Device ID)
 ERROR: Writing a read only register (Device ID)
 ERROR: Writing a read only register (Device ID)
Time=3831007830.000 ns 		 SPI_clock_frequency=67823Hz 		 SPI_MODE=1 		 Operation=Read  		 Data_Size=8 bits 		 Slave_address=0x00 		 Selected_Register=Device ID          		  Data_to_Write=0x0 		 Status=Pass
Time=3831236930.000 ns 		 SPI_clock_frequency=67823Hz 		 SPI_MODE=1 		 Operation=Read  		 Data_Size=8 bits 		 Slave_address=0x00 		 Selected_Register=Device ID          		  Data_to_Write=0x55 		 Status=Pass
Time=3831466030.000 ns 		 SPI_clock_frequency=67823Hz 		 SPI_MODE=1 		 Operation=Read  		 Data_Size=8 bits 		 Slave_address=0x00 		 Selected_Register=Device ID          		  Data_to_Write=0xaa 		 Status=Pass
Time=3831695130.000 ns 		 SPI_clock_frequency=67823Hz 		 SPI_MODE=1 		 Operation=Read  		 Data_Size=8 bits 		 Slave_address=0x00 		 Selected_Register=Device ID          		  Data_to_Write=0xbe 		 Status=Pass
Time=3831924230.000 ns 		 SPI_clock_frequency=67823Hz 		 SPI_MODE=1 		 Operation=Read  		 Data_Size=8 bits 		 Slave_address=0x00 		 Selected_Register=Device ID          		  Data_to_Write=0xff 		 Status=Pass
 ERROR: Writing a read only register (Device ID)
 ERROR: Writing a read only register (Device ID)
 ERROR: Writing a read only register (Device ID)
 ERROR: Writing a read only register (Device ID)
 ERROR: Writing a read only register (Device ID)
Time=3832168350.000 ns 		 SPI_clock_frequency=67823Hz 		 SPI_MODE=2 		 Operation=Read  		 Data_Size=8 bits 		 Slave_address=0x00 		 Selected_Register=Device ID          		  Data_to_Write=0x0 		 Status=Pass
Time=3832412170.000 ns 		 SPI_clock_frequency=67823Hz 		 SPI_MODE=2 		 Operation=Read  		 Data_Size=8 bits 		 Slave_address=0x00 		 Selected_Register=Device ID          		  Data_to_Write=0x55 		 Status=Pass
Time=3832655990.000 ns 		 SPI_clock_frequency=67823Hz 		 SPI_MODE=2 		 Operation=Read  		 Data_Size=8 bits 		 Slave_address=0x00 		 Selected_Register=Device ID          		  Data_to_Write=0xaa 		 Status=Pass
Time=3832899810.000 ns 		 SPI_clock_frequency=67823Hz 		 SPI_MODE=2 		 Operation=Read  		 Data_Size=8 bits 		 Slave_address=0x00 		 Selected_Register=Device ID          		  Data_to_Write=0xbe 		 Status=Pass
Time=3833143630.000 ns 		 SPI_clock_frequency=67823Hz 		 SPI_MODE=2 		 Operation=Read  		 Data_Size=8 bits 		 Slave_address=0x00 		 Selected_Register=Device ID          		  Data_to_Write=0xff 		 Status=Pass
 ERROR: Writing a read only register (Device ID)
 ERROR: Writing a read only register (Device ID)
 ERROR: Writing a read only register (Device ID)
 ERROR: Writing a read only register (Device ID)
 ERROR: Writing a read only register (Device ID)
Time=3833387750.000 ns 		 SPI_clock_frequency=67823Hz 		 SPI_MODE=3 		 Operation=Read  		 Data_Size=8 bits 		 Slave_address=0x00 		 Selected_Register=Device ID          		  Data_to_Write=0x0 		 Status=Pass
Time=3833631570.000 ns 		 SPI_clock_frequency=67823Hz 		 SPI_MODE=3 		 Operation=Read  		 Data_Size=8 bits 		 Slave_address=0x00 		 Selected_Register=Device ID          		  Data_to_Write=0x55 		 Status=Pass
Time=3833875390.000 ns 		 SPI_clock_frequency=67823Hz 		 SPI_MODE=3 		 Operation=Read  		 Data_Size=8 bits 		 Slave_address=0x00 		 Selected_Register=Device ID          		  Data_to_Write=0xaa 		 Status=Pass
Time=3834119210.000 ns 		 SPI_clock_frequency=67823Hz 		 SPI_MODE=3 		 Operation=Read  		 Data_Size=8 bits 		 Slave_address=0x00 		 Selected_Register=Device ID          		  Data_to_Write=0xbe 		 Status=Pass
Time=3834363030.000 ns 		 SPI_clock_frequency=67823Hz 		 SPI_MODE=3 		 Operation=Read  		 Data_Size=8 bits 		 Slave_address=0x00 		 Selected_Register=Device ID          		  Data_to_Write=0xff 		 Status=Pass
Time=3834592130.000 ns 		 SPI_clock_frequency=67823Hz 		 SPI_MODE=0 		 Operation=Write 		 Data_Size=8 bits 		 Slave_address=0x01 		 Selected_Register=Control Register 		  Data_to_Write=0x0 		 Status=Pass
Time=3834821230.000 ns 		 SPI_clock_frequency=67823Hz 		 SPI_MODE=0 		 Operation=Write 		 Data_Size=8 bits 		 Slave_address=0x01 		 Selected_Register=Control Register 		  Data_to_Write=0x55 		 Status=Pass
Time=3835050330.000 ns 		 SPI_clock_frequency=67823Hz 		 SPI_MODE=0 		 Operation=Write 		 Data_Size=8 bits 		 Slave_address=0x01 		 Selected_Register=Control Register 		  Data_to_Write=0xaa 		 Status=Pass
Time=3835279430.000 ns 		 SPI_clock_frequency=67823Hz 		 SPI_MODE=0 		 Operation=Write 		 Data_Size=8 bits 		 Slave_address=0x01 		 Selected_Register=Control Register 		  Data_to_Write=0xbe 		 Status=Pass
Time=3835508530.000 ns 		 SPI_clock_frequency=67823Hz 		 SPI_MODE=0 		 Operation=Write 		 Data_Size=8 bits 		 Slave_address=0x01 		 Selected_Register=Control Register 		  Data_to_Write=0xff 		 Status=Pass
Time=3835737630.000 ns 		 SPI_clock_frequency=67823Hz 		 SPI_MODE=0 		 Operation=Read  		 Data_Size=8 bits 		 Slave_address=0x01 		 Selected_Register=Control Register 		  Data_to_Write=0x0 		 Status=Pass
Time=3835966730.000 ns 		 SPI_clock_frequency=67823Hz 		 SPI_MODE=0 		 Operation=Read  		 Data_Size=8 bits 		 Slave_address=0x01 		 Selected_Register=Control Register 		  Data_to_Write=0x55 		 Status=Pass
Time=3836195830.000 ns 		 SPI_clock_frequency=67823Hz 		 SPI_MODE=0 		 Operation=Read  		 Data_Size=8 bits 		 Slave_address=0x01 		 Selected_Register=Control Register 		  Data_to_Write=0xaa 		 Status=Pass
Time=3836424930.000 ns 		 SPI_clock_frequency=67823Hz 		 SPI_MODE=0 		 Operation=Read  		 Data_Size=8 bits 		 Slave_address=0x01 		 Selected_Register=Control Register 		  Data_to_Write=0xbe 		 Status=Pass
Time=3836654030.000 ns 		 SPI_clock_frequency=67823Hz 		 SPI_MODE=0 		 Operation=Read  		 Data_Size=8 bits 		 Slave_address=0x01 		 Selected_Register=Control Register 		  Data_to_Write=0xff 		 Status=Pass
Time=3836883130.000 ns 		 SPI_clock_frequency=67823Hz 		 SPI_MODE=1 		 Operation=Write 		 Data_Size=8 bits 		 Slave_address=0x01 		 Selected_Register=Control Register 		  Data_to_Write=0x0 		 Status=Pass
Time=3837112230.000 ns 		 SPI_clock_frequency=67823Hz 		 SPI_MODE=1 		 Operation=Write 		 Data_Size=8 bits 		 Slave_address=0x01 		 Selected_Register=Control Register 		  Data_to_Write=0x55 		 Status=Pass
Time=3837341330.000 ns 		 SPI_clock_frequency=67823Hz 		 SPI_MODE=1 		 Operation=Write 		 Data_Size=8 bits 		 Slave_address=0x01 		 Selected_Register=Control Register 		  Data_to_Write=0xaa 		 Status=Pass
Time=3837570430.000 ns 		 SPI_clock_frequency=67823Hz 		 SPI_MODE=1 		 Operation=Write 		 Data_Size=8 bits 		 Slave_address=0x01 		 Selected_Register=Control Register 		  Data_to_Write=0xbe 		 Status=Pass
Time=3837799530.000 ns 		 SPI_clock_frequency=67823Hz 		 SPI_MODE=1 		 Operation=Write 		 Data_Size=8 bits 		 Slave_address=0x01 		 Selected_Register=Control Register 		  Data_to_Write=0xff 		 Status=Pass
Time=3838028630.000 ns 		 SPI_clock_frequency=67823Hz 		 SPI_MODE=1 		 Operation=Read  		 Data_Size=8 bits 		 Slave_address=0x01 		 Selected_Register=Control Register 		  Data_to_Write=0x0 		 Status=Pass
Time=3838257730.000 ns 		 SPI_clock_frequency=67823Hz 		 SPI_MODE=1 		 Operation=Read  		 Data_Size=8 bits 		 Slave_address=0x01 		 Selected_Register=Control Register 		  Data_to_Write=0x55 		 Status=Pass
Time=3838486830.000 ns 		 SPI_clock_frequency=67823Hz 		 SPI_MODE=1 		 Operation=Read  		 Data_Size=8 bits 		 Slave_address=0x01 		 Selected_Register=Control Register 		  Data_to_Write=0xaa 		 Status=Pass
Time=3838715930.000 ns 		 SPI_clock_frequency=67823Hz 		 SPI_MODE=1 		 Operation=Read  		 Data_Size=8 bits 		 Slave_address=0x01 		 Selected_Register=Control Register 		  Data_to_Write=0xbe 		 Status=Pass
Time=3838945030.000 ns 		 SPI_clock_frequency=67823Hz 		 SPI_MODE=1 		 Operation=Read  		 Data_Size=8 bits 		 Slave_address=0x01 		 Selected_Register=Control Register 		  Data_to_Write=0xff 		 Status=Pass
Time=3839188850.000 ns 		 SPI_clock_frequency=67823Hz 		 SPI_MODE=2 		 Operation=Write 		 Data_Size=8 bits 		 Slave_address=0x01 		 Selected_Register=Control Register 		  Data_to_Write=0x0 		 Status=Pass
Time=3839432670.000 ns 		 SPI_clock_frequency=67823Hz 		 SPI_MODE=2 		 Operation=Write 		 Data_Size=8 bits 		 Slave_address=0x01 		 Selected_Register=Control Register 		  Data_to_Write=0x55 		 Status=Pass
Time=3839676490.000 ns 		 SPI_clock_frequency=67823Hz 		 SPI_MODE=2 		 Operation=Write 		 Data_Size=8 bits 		 Slave_address=0x01 		 Selected_Register=Control Register 		  Data_to_Write=0xaa 		 Status=Pass
Time=3839920310.000 ns 		 SPI_clock_frequency=67823Hz 		 SPI_MODE=2 		 Operation=Write 		 Data_Size=8 bits 		 Slave_address=0x01 		 Selected_Register=Control Register 		  Data_to_Write=0xbe 		 Status=Pass
Time=3840164130.000 ns 		 SPI_clock_frequency=67823Hz 		 SPI_MODE=2 		 Operation=Write 		 Data_Size=8 bits 		 Slave_address=0x01 		 Selected_Register=Control Register 		  Data_to_Write=0xff 		 Status=Pass
Time=3840407950.000 ns 		 SPI_clock_frequency=67823Hz 		 SPI_MODE=2 		 Operation=Read  		 Data_Size=8 bits 		 Slave_address=0x01 		 Selected_Register=Control Register 		  Data_to_Write=0x0 		 Status=Pass
Time=3840651770.000 ns 		 SPI_clock_frequency=67823Hz 		 SPI_MODE=2 		 Operation=Read  		 Data_Size=8 bits 		 Slave_address=0x01 		 Selected_Register=Control Register 		  Data_to_Write=0x55 		 Status=Pass
Time=3840895590.000 ns 		 SPI_clock_frequency=67823Hz 		 SPI_MODE=2 		 Operation=Read  		 Data_Size=8 bits 		 Slave_address=0x01 		 Selected_Register=Control Register 		  Data_to_Write=0xaa 		 Status=Pass
Time=3841139410.000 ns 		 SPI_clock_frequency=67823Hz 		 SPI_MODE=2 		 Operation=Read  		 Data_Size=8 bits 		 Slave_address=0x01 		 Selected_Register=Control Register 		  Data_to_Write=0xbe 		 Status=Pass
Time=3841383230.000 ns 		 SPI_clock_frequency=67823Hz 		 SPI_MODE=2 		 Operation=Read  		 Data_Size=8 bits 		 Slave_address=0x01 		 Selected_Register=Control Register 		  Data_to_Write=0xff 		 Status=Pass
Time=3841627050.000 ns 		 SPI_clock_frequency=67823Hz 		 SPI_MODE=3 		 Operation=Write 		 Data_Size=8 bits 		 Slave_address=0x01 		 Selected_Register=Control Register 		  Data_to_Write=0x0 		 Status=Pass
Time=3841870870.000 ns 		 SPI_clock_frequency=67823Hz 		 SPI_MODE=3 		 Operation=Write 		 Data_Size=8 bits 		 Slave_address=0x01 		 Selected_Register=Control Register 		  Data_to_Write=0x55 		 Status=Pass
Time=3842114690.000 ns 		 SPI_clock_frequency=67823Hz 		 SPI_MODE=3 		 Operation=Write 		 Data_Size=8 bits 		 Slave_address=0x01 		 Selected_Register=Control Register 		  Data_to_Write=0xaa 		 Status=Pass
Time=3842358510.000 ns 		 SPI_clock_frequency=67823Hz 		 SPI_MODE=3 		 Operation=Write 		 Data_Size=8 bits 		 Slave_address=0x01 		 Selected_Register=Control Register 		  Data_to_Write=0xbe 		 Status=Pass
Time=3842602330.000 ns 		 SPI_clock_frequency=67823Hz 		 SPI_MODE=3 		 Operation=Write 		 Data_Size=8 bits 		 Slave_address=0x01 		 Selected_Register=Control Register 		  Data_to_Write=0xff 		 Status=Pass
Time=3842846150.000 ns 		 SPI_clock_frequency=67823Hz 		 SPI_MODE=3 		 Operation=Read  		 Data_Size=8 bits 		 Slave_address=0x01 		 Selected_Register=Control Register 		  Data_to_Write=0x0 		 Status=Pass
Time=3843089970.000 ns 		 SPI_clock_frequency=67823Hz 		 SPI_MODE=3 		 Operation=Read  		 Data_Size=8 bits 		 Slave_address=0x01 		 Selected_Register=Control Register 		  Data_to_Write=0x55 		 Status=Pass
Time=3843333790.000 ns 		 SPI_clock_frequency=67823Hz 		 SPI_MODE=3 		 Operation=Read  		 Data_Size=8 bits 		 Slave_address=0x01 		 Selected_Register=Control Register 		  Data_to_Write=0xaa 		 Status=Pass
Time=3843577610.000 ns 		 SPI_clock_frequency=67823Hz 		 SPI_MODE=3 		 Operation=Read  		 Data_Size=8 bits 		 Slave_address=0x01 		 Selected_Register=Control Register 		  Data_to_Write=0xbe 		 Status=Pass
Time=3843821430.000 ns 		 SPI_clock_frequency=67823Hz 		 SPI_MODE=3 		 Operation=Read  		 Data_Size=8 bits 		 Slave_address=0x01 		 Selected_Register=Control Register 		  Data_to_Write=0xff 		 Status=Pass
Time=3844050530.000 ns 		 SPI_clock_frequency=67823Hz 		 SPI_MODE=0 		 Operation=Write 		 Data_Size=8 bits 		 Slave_address=0x02 		 Selected_Register=Status Register    		  Data_to_Write=0x0 		 Status=Pass
Time=3844279630.000 ns 		 SPI_clock_frequency=67823Hz 		 SPI_MODE=0 		 Operation=Write 		 Data_Size=8 bits 		 Slave_address=0x02 		 Selected_Register=Status Register    		  Data_to_Write=0x55 		 Status=Pass
Time=3844508730.000 ns 		 SPI_clock_frequency=67823Hz 		 SPI_MODE=0 		 Operation=Write 		 Data_Size=8 bits 		 Slave_address=0x02 		 Selected_Register=Status Register    		  Data_to_Write=0xaa 		 Status=Pass
Time=3844737830.000 ns 		 SPI_clock_frequency=67823Hz 		 SPI_MODE=0 		 Operation=Write 		 Data_Size=8 bits 		 Slave_address=0x02 		 Selected_Register=Status Register    		  Data_to_Write=0xbe 		 Status=Pass
Time=3844966930.000 ns 		 SPI_clock_frequency=67823Hz 		 SPI_MODE=0 		 Operation=Write 		 Data_Size=8 bits 		 Slave_address=0x02 		 Selected_Register=Status Register    		  Data_to_Write=0xff 		 Status=Pass
Time=3845196030.000 ns 		 SPI_clock_frequency=67823Hz 		 SPI_MODE=0 		 Operation=Read  		 Data_Size=8 bits 		 Slave_address=0x02 		 Selected_Register=Status Register     		  Data_to_Write=0x0 		 Status=Pass
Time=3845425130.000 ns 		 SPI_clock_frequency=67823Hz 		 SPI_MODE=0 		 Operation=Read  		 Data_Size=8 bits 		 Slave_address=0x02 		 Selected_Register=Status Register     		  Data_to_Write=0x55 		 Status=Pass
Time=3845654230.000 ns 		 SPI_clock_frequency=67823Hz 		 SPI_MODE=0 		 Operation=Read  		 Data_Size=8 bits 		 Slave_address=0x02 		 Selected_Register=Status Register     		  Data_to_Write=0xaa 		 Status=Pass
Time=3845883330.000 ns 		 SPI_clock_frequency=67823Hz 		 SPI_MODE=0 		 Operation=Read  		 Data_Size=8 bits 		 Slave_address=0x02 		 Selected_Register=Status Register     		  Data_to_Write=0xbe 		 Status=Pass
Time=3846112430.000 ns 		 SPI_clock_frequency=67823Hz 		 SPI_MODE=0 		 Operation=Read  		 Data_Size=8 bits 		 Slave_address=0x02 		 Selected_Register=Status Register     		  Data_to_Write=0xff 		 Status=Pass
Time=3846341530.000 ns 		 SPI_clock_frequency=67823Hz 		 SPI_MODE=1 		 Operation=Write 		 Data_Size=8 bits 		 Slave_address=0x02 		 Selected_Register=Status Register    		  Data_to_Write=0x0 		 Status=Pass
Time=3846570630.000 ns 		 SPI_clock_frequency=67823Hz 		 SPI_MODE=1 		 Operation=Write 		 Data_Size=8 bits 		 Slave_address=0x02 		 Selected_Register=Status Register    		  Data_to_Write=0x55 		 Status=Pass
Time=3846799730.000 ns 		 SPI_clock_frequency=67823Hz 		 SPI_MODE=1 		 Operation=Write 		 Data_Size=8 bits 		 Slave_address=0x02 		 Selected_Register=Status Register    		  Data_to_Write=0xaa 		 Status=Pass
Time=3847028830.000 ns 		 SPI_clock_frequency=67823Hz 		 SPI_MODE=1 		 Operation=Write 		 Data_Size=8 bits 		 Slave_address=0x02 		 Selected_Register=Status Register    		  Data_to_Write=0xbe 		 Status=Pass
Time=3847257930.000 ns 		 SPI_clock_frequency=67823Hz 		 SPI_MODE=1 		 Operation=Write 		 Data_Size=8 bits 		 Slave_address=0x02 		 Selected_Register=Status Register    		  Data_to_Write=0xff 		 Status=Pass
Time=3847487030.000 ns 		 SPI_clock_frequency=67823Hz 		 SPI_MODE=1 		 Operation=Read  		 Data_Size=8 bits 		 Slave_address=0x02 		 Selected_Register=Status Register     		  Data_to_Write=0x0 		 Status=Pass
Time=3847716130.000 ns 		 SPI_clock_frequency=67823Hz 		 SPI_MODE=1 		 Operation=Read  		 Data_Size=8 bits 		 Slave_address=0x02 		 Selected_Register=Status Register     		  Data_to_Write=0x55 		 Status=Pass
Time=3847945230.000 ns 		 SPI_clock_frequency=67823Hz 		 SPI_MODE=1 		 Operation=Read  		 Data_Size=8 bits 		 Slave_address=0x02 		 Selected_Register=Status Register     		  Data_to_Write=0xaa 		 Status=Pass
Time=3848174330.000 ns 		 SPI_clock_frequency=67823Hz 		 SPI_MODE=1 		 Operation=Read  		 Data_Size=8 bits 		 Slave_address=0x02 		 Selected_Register=Status Register     		  Data_to_Write=0xbe 		 Status=Pass
Time=3848403430.000 ns 		 SPI_clock_frequency=67823Hz 		 SPI_MODE=1 		 Operation=Read  		 Data_Size=8 bits 		 Slave_address=0x02 		 Selected_Register=Status Register     		  Data_to_Write=0xff 		 Status=Pass
Time=3848647250.000 ns 		 SPI_clock_frequency=67823Hz 		 SPI_MODE=2 		 Operation=Write 		 Data_Size=8 bits 		 Slave_address=0x02 		 Selected_Register=Status Register    		  Data_to_Write=0x0 		 Status=Pass
Time=3848891070.000 ns 		 SPI_clock_frequency=67823Hz 		 SPI_MODE=2 		 Operation=Write 		 Data_Size=8 bits 		 Slave_address=0x02 		 Selected_Register=Status Register    		  Data_to_Write=0x55 		 Status=Pass
Time=3849134890.000 ns 		 SPI_clock_frequency=67823Hz 		 SPI_MODE=2 		 Operation=Write 		 Data_Size=8 bits 		 Slave_address=0x02 		 Selected_Register=Status Register    		  Data_to_Write=0xaa 		 Status=Pass
Time=3849378710.000 ns 		 SPI_clock_frequency=67823Hz 		 SPI_MODE=2 		 Operation=Write 		 Data_Size=8 bits 		 Slave_address=0x02 		 Selected_Register=Status Register    		  Data_to_Write=0xbe 		 Status=Pass
Time=3849622530.000 ns 		 SPI_clock_frequency=67823Hz 		 SPI_MODE=2 		 Operation=Write 		 Data_Size=8 bits 		 Slave_address=0x02 		 Selected_Register=Status Register    		  Data_to_Write=0xff 		 Status=Pass
Time=3849866350.000 ns 		 SPI_clock_frequency=67823Hz 		 SPI_MODE=2 		 Operation=Read  		 Data_Size=8 bits 		 Slave_address=0x02 		 Selected_Register=Status Register     		  Data_to_Write=0x0 		 Status=Pass
Time=3850110170.000 ns 		 SPI_clock_frequency=67823Hz 		 SPI_MODE=2 		 Operation=Read  		 Data_Size=8 bits 		 Slave_address=0x02 		 Selected_Register=Status Register     		  Data_to_Write=0x55 		 Status=Pass
Time=3850353990.000 ns 		 SPI_clock_frequency=67823Hz 		 SPI_MODE=2 		 Operation=Read  		 Data_Size=8 bits 		 Slave_address=0x02 		 Selected_Register=Status Register     		  Data_to_Write=0xaa 		 Status=Pass
Time=3850597810.000 ns 		 SPI_clock_frequency=67823Hz 		 SPI_MODE=2 		 Operation=Read  		 Data_Size=8 bits 		 Slave_address=0x02 		 Selected_Register=Status Register     		  Data_to_Write=0xbe 		 Status=Pass
Time=3850841630.000 ns 		 SPI_clock_frequency=67823Hz 		 SPI_MODE=2 		 Operation=Read  		 Data_Size=8 bits 		 Slave_address=0x02 		 Selected_Register=Status Register     		  Data_to_Write=0xff 		 Status=Pass
Time=3851085450.000 ns 		 SPI_clock_frequency=67823Hz 		 SPI_MODE=3 		 Operation=Write 		 Data_Size=8 bits 		 Slave_address=0x02 		 Selected_Register=Status Register    		  Data_to_Write=0x0 		 Status=Pass
Time=3851329270.000 ns 		 SPI_clock_frequency=67823Hz 		 SPI_MODE=3 		 Operation=Write 		 Data_Size=8 bits 		 Slave_address=0x02 		 Selected_Register=Status Register    		  Data_to_Write=0x55 		 Status=Pass
Time=3851573090.000 ns 		 SPI_clock_frequency=67823Hz 		 SPI_MODE=3 		 Operation=Write 		 Data_Size=8 bits 		 Slave_address=0x02 		 Selected_Register=Status Register    		  Data_to_Write=0xaa 		 Status=Pass
Time=3851816910.000 ns 		 SPI_clock_frequency=67823Hz 		 SPI_MODE=3 		 Operation=Write 		 Data_Size=8 bits 		 Slave_address=0x02 		 Selected_Register=Status Register    		  Data_to_Write=0xbe 		 Status=Pass
Time=3852060730.000 ns 		 SPI_clock_frequency=67823Hz 		 SPI_MODE=3 		 Operation=Write 		 Data_Size=8 bits 		 Slave_address=0x02 		 Selected_Register=Status Register    		  Data_to_Write=0xff 		 Status=Pass
Time=3852304550.000 ns 		 SPI_clock_frequency=67823Hz 		 SPI_MODE=3 		 Operation=Read  		 Data_Size=8 bits 		 Slave_address=0x02 		 Selected_Register=Status Register     		  Data_to_Write=0x0 		 Status=Pass
Time=3852548370.000 ns 		 SPI_clock_frequency=67823Hz 		 SPI_MODE=3 		 Operation=Read  		 Data_Size=8 bits 		 Slave_address=0x02 		 Selected_Register=Status Register     		  Data_to_Write=0x55 		 Status=Pass
Time=3852792190.000 ns 		 SPI_clock_frequency=67823Hz 		 SPI_MODE=3 		 Operation=Read  		 Data_Size=8 bits 		 Slave_address=0x02 		 Selected_Register=Status Register     		  Data_to_Write=0xaa 		 Status=Pass
Time=3853036010.000 ns 		 SPI_clock_frequency=67823Hz 		 SPI_MODE=3 		 Operation=Read  		 Data_Size=8 bits 		 Slave_address=0x02 		 Selected_Register=Status Register     		  Data_to_Write=0xbe 		 Status=Pass
Time=3853279830.000 ns 		 SPI_clock_frequency=67823Hz 		 SPI_MODE=3 		 Operation=Read  		 Data_Size=8 bits 		 Slave_address=0x02 		 Selected_Register=Status Register     		  Data_to_Write=0xff 		 Status=Pass
Time=3853508930.000 ns 		 SPI_clock_frequency=67823Hz 		 SPI_MODE=0 		 Operation=Write 		 Data_Size=8 bits 		 Slave_address=0x03 		 Selected_Register=Data Register      		  Data_to_Write=0x0 		 Status=Pass
Time=3853738030.000 ns 		 SPI_clock_frequency=67823Hz 		 SPI_MODE=0 		 Operation=Write 		 Data_Size=8 bits 		 Slave_address=0x03 		 Selected_Register=Data Register      		  Data_to_Write=0x55 		 Status=Pass
Time=3853967130.000 ns 		 SPI_clock_frequency=67823Hz 		 SPI_MODE=0 		 Operation=Write 		 Data_Size=8 bits 		 Slave_address=0x03 		 Selected_Register=Data Register      		  Data_to_Write=0xaa 		 Status=Pass
Time=3854196230.000 ns 		 SPI_clock_frequency=67823Hz 		 SPI_MODE=0 		 Operation=Write 		 Data_Size=8 bits 		 Slave_address=0x03 		 Selected_Register=Data Register      		  Data_to_Write=0xbe 		 Status=Pass
Time=3854425330.000 ns 		 SPI_clock_frequency=67823Hz 		 SPI_MODE=0 		 Operation=Write 		 Data_Size=8 bits 		 Slave_address=0x03 		 Selected_Register=Data Register      		  Data_to_Write=0xff 		 Status=Pass
Time=3854654430.000 ns 		 SPI_clock_frequency=67823Hz 		 SPI_MODE=0 		 Operation=Read  		 Data_Size=8 bits 		 Slave_address=0x03 		 Selected_Register=Data Register       		  Data_to_Write=0x0 		 Status=Pass
Time=3854883530.000 ns 		 SPI_clock_frequency=67823Hz 		 SPI_MODE=0 		 Operation=Read  		 Data_Size=8 bits 		 Slave_address=0x03 		 Selected_Register=Data Register       		  Data_to_Write=0x55 		 Status=Pass
Time=3855112630.000 ns 		 SPI_clock_frequency=67823Hz 		 SPI_MODE=0 		 Operation=Read  		 Data_Size=8 bits 		 Slave_address=0x03 		 Selected_Register=Data Register       		  Data_to_Write=0xaa 		 Status=Pass
Time=3855341730.000 ns 		 SPI_clock_frequency=67823Hz 		 SPI_MODE=0 		 Operation=Read  		 Data_Size=8 bits 		 Slave_address=0x03 		 Selected_Register=Data Register       		  Data_to_Write=0xbe 		 Status=Pass
Time=3855570830.000 ns 		 SPI_clock_frequency=67823Hz 		 SPI_MODE=0 		 Operation=Read  		 Data_Size=8 bits 		 Slave_address=0x03 		 Selected_Register=Data Register       		  Data_to_Write=0xff 		 Status=Pass
Time=3855799930.000 ns 		 SPI_clock_frequency=67823Hz 		 SPI_MODE=1 		 Operation=Write 		 Data_Size=8 bits 		 Slave_address=0x03 		 Selected_Register=Data Register      		  Data_to_Write=0x0 		 Status=Pass
Time=3856029030.000 ns 		 SPI_clock_frequency=67823Hz 		 SPI_MODE=1 		 Operation=Write 		 Data_Size=8 bits 		 Slave_address=0x03 		 Selected_Register=Data Register      		  Data_to_Write=0x55 		 Status=Pass
Time=3856258130.000 ns 		 SPI_clock_frequency=67823Hz 		 SPI_MODE=1 		 Operation=Write 		 Data_Size=8 bits 		 Slave_address=0x03 		 Selected_Register=Data Register      		  Data_to_Write=0xaa 		 Status=Pass
Time=3856487230.000 ns 		 SPI_clock_frequency=67823Hz 		 SPI_MODE=1 		 Operation=Write 		 Data_Size=8 bits 		 Slave_address=0x03 		 Selected_Register=Data Register      		  Data_to_Write=0xbe 		 Status=Pass
Time=3856716330.000 ns 		 SPI_clock_frequency=67823Hz 		 SPI_MODE=1 		 Operation=Write 		 Data_Size=8 bits 		 Slave_address=0x03 		 Selected_Register=Data Register      		  Data_to_Write=0xff 		 Status=Pass
Time=3856945430.000 ns 		 SPI_clock_frequency=67823Hz 		 SPI_MODE=1 		 Operation=Read  		 Data_Size=8 bits 		 Slave_address=0x03 		 Selected_Register=Data Register       		  Data_to_Write=0x0 		 Status=Pass
Time=3857174530.000 ns 		 SPI_clock_frequency=67823Hz 		 SPI_MODE=1 		 Operation=Read  		 Data_Size=8 bits 		 Slave_address=0x03 		 Selected_Register=Data Register       		  Data_to_Write=0x55 		 Status=Pass
Time=3857403630.000 ns 		 SPI_clock_frequency=67823Hz 		 SPI_MODE=1 		 Operation=Read  		 Data_Size=8 bits 		 Slave_address=0x03 		 Selected_Register=Data Register       		  Data_to_Write=0xaa 		 Status=Pass
Time=3857632730.000 ns 		 SPI_clock_frequency=67823Hz 		 SPI_MODE=1 		 Operation=Read  		 Data_Size=8 bits 		 Slave_address=0x03 		 Selected_Register=Data Register       		  Data_to_Write=0xbe 		 Status=Pass
Time=3857861830.000 ns 		 SPI_clock_frequency=67823Hz 		 SPI_MODE=1 		 Operation=Read  		 Data_Size=8 bits 		 Slave_address=0x03 		 Selected_Register=Data Register       		  Data_to_Write=0xff 		 Status=Pass
Time=3858105650.000 ns 		 SPI_clock_frequency=67823Hz 		 SPI_MODE=2 		 Operation=Write 		 Data_Size=8 bits 		 Slave_address=0x03 		 Selected_Register=Data Register      		  Data_to_Write=0x0 		 Status=Pass
Time=3858349470.000 ns 		 SPI_clock_frequency=67823Hz 		 SPI_MODE=2 		 Operation=Write 		 Data_Size=8 bits 		 Slave_address=0x03 		 Selected_Register=Data Register      		  Data_to_Write=0x55 		 Status=Pass
Time=3858593290.000 ns 		 SPI_clock_frequency=67823Hz 		 SPI_MODE=2 		 Operation=Write 		 Data_Size=8 bits 		 Slave_address=0x03 		 Selected_Register=Data Register      		  Data_to_Write=0xaa 		 Status=Pass
Time=3858837110.000 ns 		 SPI_clock_frequency=67823Hz 		 SPI_MODE=2 		 Operation=Write 		 Data_Size=8 bits 		 Slave_address=0x03 		 Selected_Register=Data Register      		  Data_to_Write=0xbe 		 Status=Pass
Time=3859080930.000 ns 		 SPI_clock_frequency=67823Hz 		 SPI_MODE=2 		 Operation=Write 		 Data_Size=8 bits 		 Slave_address=0x03 		 Selected_Register=Data Register      		  Data_to_Write=0xff 		 Status=Pass
Time=3859324750.000 ns 		 SPI_clock_frequency=67823Hz 		 SPI_MODE=2 		 Operation=Read  		 Data_Size=8 bits 		 Slave_address=0x03 		 Selected_Register=Data Register       		  Data_to_Write=0x0 		 Status=Pass
Time=3859568570.000 ns 		 SPI_clock_frequency=67823Hz 		 SPI_MODE=2 		 Operation=Read  		 Data_Size=8 bits 		 Slave_address=0x03 		 Selected_Register=Data Register       		  Data_to_Write=0x55 		 Status=Pass
Time=3859812390.000 ns 		 SPI_clock_frequency=67823Hz 		 SPI_MODE=2 		 Operation=Read  		 Data_Size=8 bits 		 Slave_address=0x03 		 Selected_Register=Data Register       		  Data_to_Write=0xaa 		 Status=Pass
Time=3860056210.000 ns 		 SPI_clock_frequency=67823Hz 		 SPI_MODE=2 		 Operation=Read  		 Data_Size=8 bits 		 Slave_address=0x03 		 Selected_Register=Data Register       		  Data_to_Write=0xbe 		 Status=Pass
Time=3860300030.000 ns 		 SPI_clock_frequency=67823Hz 		 SPI_MODE=2 		 Operation=Read  		 Data_Size=8 bits 		 Slave_address=0x03 		 Selected_Register=Data Register       		  Data_to_Write=0xff 		 Status=Pass
Time=3860543850.000 ns 		 SPI_clock_frequency=67823Hz 		 SPI_MODE=3 		 Operation=Write 		 Data_Size=8 bits 		 Slave_address=0x03 		 Selected_Register=Data Register      		  Data_to_Write=0x0 		 Status=Pass
Time=3860787670.000 ns 		 SPI_clock_frequency=67823Hz 		 SPI_MODE=3 		 Operation=Write 		 Data_Size=8 bits 		 Slave_address=0x03 		 Selected_Register=Data Register      		  Data_to_Write=0x55 		 Status=Pass
Time=3861031490.000 ns 		 SPI_clock_frequency=67823Hz 		 SPI_MODE=3 		 Operation=Write 		 Data_Size=8 bits 		 Slave_address=0x03 		 Selected_Register=Data Register      		  Data_to_Write=0xaa 		 Status=Pass
Time=3861275310.000 ns 		 SPI_clock_frequency=67823Hz 		 SPI_MODE=3 		 Operation=Write 		 Data_Size=8 bits 		 Slave_address=0x03 		 Selected_Register=Data Register      		  Data_to_Write=0xbe 		 Status=Pass
Time=3861519130.000 ns 		 SPI_clock_frequency=67823Hz 		 SPI_MODE=3 		 Operation=Write 		 Data_Size=8 bits 		 Slave_address=0x03 		 Selected_Register=Data Register      		  Data_to_Write=0xff 		 Status=Pass
Time=3861762950.000 ns 		 SPI_clock_frequency=67823Hz 		 SPI_MODE=3 		 Operation=Read  		 Data_Size=8 bits 		 Slave_address=0x03 		 Selected_Register=Data Register       		  Data_to_Write=0x0 		 Status=Pass
Time=3862006770.000 ns 		 SPI_clock_frequency=67823Hz 		 SPI_MODE=3 		 Operation=Read  		 Data_Size=8 bits 		 Slave_address=0x03 		 Selected_Register=Data Register       		  Data_to_Write=0x55 		 Status=Pass
Time=3862250590.000 ns 		 SPI_clock_frequency=67823Hz 		 SPI_MODE=3 		 Operation=Read  		 Data_Size=8 bits 		 Slave_address=0x03 		 Selected_Register=Data Register       		  Data_to_Write=0xaa 		 Status=Pass
Time=3862494410.000 ns 		 SPI_clock_frequency=67823Hz 		 SPI_MODE=3 		 Operation=Read  		 Data_Size=8 bits 		 Slave_address=0x03 		 Selected_Register=Data Register       		  Data_to_Write=0xbe 		 Status=Pass
Time=3862738230.000 ns 		 SPI_clock_frequency=67823Hz 		 SPI_MODE=3 		 Operation=Read  		 Data_Size=8 bits 		 Slave_address=0x03 		 Selected_Register=Data Register       		  Data_to_Write=0xff 		 Status=Pass
 ERROR: Invalid Slave Address (04)
 ERROR: Invalid Slave Address (04)
 ERROR: Invalid Slave Address (04)
 ERROR: Invalid Slave Address (04)
 ERROR: Invalid Slave Address (04)
 ERROR: Invalid Slave Address (04)
 ERROR: Invalid Slave Address (04)
 ERROR: Invalid Slave Address (04)
 ERROR: Invalid Slave Address (04)
 ERROR: Invalid Slave Address (04)
 ERROR: Invalid Slave Address (04)
 ERROR: Invalid Slave Address (04)
 ERROR: Invalid Slave Address (04)
 ERROR: Invalid Slave Address (04)
 ERROR: Invalid Slave Address (04)
 ERROR: Invalid Slave Address (04)
 ERROR: Invalid Slave Address (04)
 ERROR: Invalid Slave Address (04)
 ERROR: Invalid Slave Address (04)
 ERROR: Invalid Slave Address (04)
 ERROR: Invalid Slave Address (04)
 ERROR: Invalid Slave Address (04)
 ERROR: Invalid Slave Address (04)
 ERROR: Invalid Slave Address (04)
 ERROR: Invalid Slave Address (04)
 ERROR: Invalid Slave Address (04)
 ERROR: Invalid Slave Address (04)
 ERROR: Invalid Slave Address (04)
 ERROR: Invalid Slave Address (04)
 ERROR: Invalid Slave Address (04)
 ERROR: Invalid Slave Address (04)
 ERROR: Invalid Slave Address (04)
 ERROR: Invalid Slave Address (04)
 ERROR: Invalid Slave Address (04)
 ERROR: Invalid Slave Address (04)
 ERROR: Invalid Slave Address (04)
 ERROR: Invalid Slave Address (04)
 ERROR: Invalid Slave Address (04)
 ERROR: Invalid Slave Address (04)
 ERROR: Invalid Slave Address (04)
 ERROR: Invalid Slave Address (05)
 ERROR: Invalid Slave Address (05)
 ERROR: Invalid Slave Address (05)
 ERROR: Invalid Slave Address (05)
 ERROR: Invalid Slave Address (05)
 ERROR: Invalid Slave Address (05)
 ERROR: Invalid Slave Address (05)
 ERROR: Invalid Slave Address (05)
 ERROR: Invalid Slave Address (05)
 ERROR: Invalid Slave Address (05)
 ERROR: Invalid Slave Address (05)
 ERROR: Invalid Slave Address (05)
 ERROR: Invalid Slave Address (05)
 ERROR: Invalid Slave Address (05)
 ERROR: Invalid Slave Address (05)
 ERROR: Invalid Slave Address (05)
 ERROR: Invalid Slave Address (05)
 ERROR: Invalid Slave Address (05)
 ERROR: Invalid Slave Address (05)
 ERROR: Invalid Slave Address (05)
 ERROR: Invalid Slave Address (05)
 ERROR: Invalid Slave Address (05)
 ERROR: Invalid Slave Address (05)
 ERROR: Invalid Slave Address (05)
 ERROR: Invalid Slave Address (05)
 ERROR: Invalid Slave Address (05)
 ERROR: Invalid Slave Address (05)
 ERROR: Invalid Slave Address (05)
 ERROR: Invalid Slave Address (05)
 ERROR: Invalid Slave Address (05)
 ERROR: Invalid Slave Address (05)
 ERROR: Invalid Slave Address (05)
 ERROR: Invalid Slave Address (05)
 ERROR: Invalid Slave Address (05)
 ERROR: Invalid Slave Address (05)
 ERROR: Invalid Slave Address (05)
 ERROR: Invalid Slave Address (05)
 ERROR: Invalid Slave Address (05)
 ERROR: Invalid Slave Address (05)
 ERROR: Invalid Slave Address (05)
 ERROR: Writing a read only register (Device ID)
 ERROR: Writing a read only register (Device ID)
 ERROR: Writing a read only register (Device ID)
 ERROR: Writing a read only register (Device ID)
 ERROR: Writing a read only register (Device ID)
Time=3863090190.000 ns 		 SPI_clock_frequency=67823Hz 		 SPI_MODE=0 		 Operation=Read  		 Data_Size=16 bits 		 Slave_address=0x00 		 Selected_Register=Device ID          		  Data_to_Write=0x0 		 Status=Pass
Time=3863437050.000 ns 		 SPI_clock_frequency=67823Hz 		 SPI_MODE=0 		 Operation=Read  		 Data_Size=16 bits 		 Slave_address=0x00 		 Selected_Register=Device ID          		  Data_to_Write=0x5555 		 Status=Pass
Time=3863783910.000 ns 		 SPI_clock_frequency=67823Hz 		 SPI_MODE=0 		 Operation=Read  		 Data_Size=16 bits 		 Slave_address=0x00 		 Selected_Register=Device ID          		  Data_to_Write=0xaaaa 		 Status=Pass
Time=3864130770.000 ns 		 SPI_clock_frequency=67823Hz 		 SPI_MODE=0 		 Operation=Read  		 Data_Size=16 bits 		 Slave_address=0x00 		 Selected_Register=Device ID          		  Data_to_Write=0x3478 		 Status=Pass
Time=3864477630.000 ns 		 SPI_clock_frequency=67823Hz 		 SPI_MODE=0 		 Operation=Read  		 Data_Size=16 bits 		 Slave_address=0x00 		 Selected_Register=Device ID          		  Data_to_Write=0xffff 		 Status=Pass
 ERROR: Writing a read only register (Device ID)
 ERROR: Writing a read only register (Device ID)
 ERROR: Writing a read only register (Device ID)
 ERROR: Writing a read only register (Device ID)
 ERROR: Writing a read only register (Device ID)
Time=3864824790.000 ns 		 SPI_clock_frequency=67823Hz 		 SPI_MODE=1 		 Operation=Read  		 Data_Size=16 bits 		 Slave_address=0x00 		 Selected_Register=Device ID          		  Data_to_Write=0x0 		 Status=Pass
Time=3865171650.000 ns 		 SPI_clock_frequency=67823Hz 		 SPI_MODE=1 		 Operation=Read  		 Data_Size=16 bits 		 Slave_address=0x00 		 Selected_Register=Device ID          		  Data_to_Write=0x5555 		 Status=Pass
Time=3865518510.000 ns 		 SPI_clock_frequency=67823Hz 		 SPI_MODE=1 		 Operation=Read  		 Data_Size=16 bits 		 Slave_address=0x00 		 Selected_Register=Device ID          		  Data_to_Write=0xaaaa 		 Status=Pass
Time=3865865370.000 ns 		 SPI_clock_frequency=67823Hz 		 SPI_MODE=1 		 Operation=Read  		 Data_Size=16 bits 		 Slave_address=0x00 		 Selected_Register=Device ID          		  Data_to_Write=0x3478 		 Status=Pass
Time=3866212230.000 ns 		 SPI_clock_frequency=67823Hz 		 SPI_MODE=1 		 Operation=Read  		 Data_Size=16 bits 		 Slave_address=0x00 		 Selected_Register=Device ID          		  Data_to_Write=0xffff 		 Status=Pass
 ERROR: Writing a read only register (Device ID)
 ERROR: Writing a read only register (Device ID)
 ERROR: Writing a read only register (Device ID)
 ERROR: Writing a read only register (Device ID)
 ERROR: Writing a read only register (Device ID)
Time=3866574110.000 ns 		 SPI_clock_frequency=67823Hz 		 SPI_MODE=2 		 Operation=Read  		 Data_Size=16 bits 		 Slave_address=0x00 		 Selected_Register=Device ID          		  Data_to_Write=0x0 		 Status=Pass
Time=3866935690.000 ns 		 SPI_clock_frequency=67823Hz 		 SPI_MODE=2 		 Operation=Read  		 Data_Size=16 bits 		 Slave_address=0x00 		 Selected_Register=Device ID          		  Data_to_Write=0x5555 		 Status=Pass
Time=3867297270.000 ns 		 SPI_clock_frequency=67823Hz 		 SPI_MODE=2 		 Operation=Read  		 Data_Size=16 bits 		 Slave_address=0x00 		 Selected_Register=Device ID          		  Data_to_Write=0xaaaa 		 Status=Pass
Time=3867658850.000 ns 		 SPI_clock_frequency=67823Hz 		 SPI_MODE=2 		 Operation=Read  		 Data_Size=16 bits 		 Slave_address=0x00 		 Selected_Register=Device ID          		  Data_to_Write=0x3478 		 Status=Pass
Time=3868020430.000 ns 		 SPI_clock_frequency=67823Hz 		 SPI_MODE=2 		 Operation=Read  		 Data_Size=16 bits 		 Slave_address=0x00 		 Selected_Register=Device ID          		  Data_to_Write=0xffff 		 Status=Pass
 ERROR: Writing a read only register (Device ID)
 ERROR: Writing a read only register (Device ID)
 ERROR: Writing a read only register (Device ID)
 ERROR: Writing a read only register (Device ID)
 ERROR: Writing a read only register (Device ID)
Time=3868382310.000 ns 		 SPI_clock_frequency=67823Hz 		 SPI_MODE=3 		 Operation=Read  		 Data_Size=16 bits 		 Slave_address=0x00 		 Selected_Register=Device ID          		  Data_to_Write=0x0 		 Status=Pass
Time=3868743890.000 ns 		 SPI_clock_frequency=67823Hz 		 SPI_MODE=3 		 Operation=Read  		 Data_Size=16 bits 		 Slave_address=0x00 		 Selected_Register=Device ID          		  Data_to_Write=0x5555 		 Status=Pass
Time=3869105470.000 ns 		 SPI_clock_frequency=67823Hz 		 SPI_MODE=3 		 Operation=Read  		 Data_Size=16 bits 		 Slave_address=0x00 		 Selected_Register=Device ID          		  Data_to_Write=0xaaaa 		 Status=Pass
Time=3869467050.000 ns 		 SPI_clock_frequency=67823Hz 		 SPI_MODE=3 		 Operation=Read  		 Data_Size=16 bits 		 Slave_address=0x00 		 Selected_Register=Device ID          		  Data_to_Write=0x3478 		 Status=Pass
Time=3869828630.000 ns 		 SPI_clock_frequency=67823Hz 		 SPI_MODE=3 		 Operation=Read  		 Data_Size=16 bits 		 Slave_address=0x00 		 Selected_Register=Device ID          		  Data_to_Write=0xffff 		 Status=Pass
Time=3870175490.000 ns 		 SPI_clock_frequency=67823Hz 		 SPI_MODE=0 		 Operation=Write 		 Data_Size=16 bits 		 Slave_address=0x01 		 Selected_Register=Control Register 		  Data_to_Write=0x0 		 Status=Pass
Time=3870522350.000 ns 		 SPI_clock_frequency=67823Hz 		 SPI_MODE=0 		 Operation=Write 		 Data_Size=16 bits 		 Slave_address=0x01 		 Selected_Register=Control Register 		  Data_to_Write=0x5555 		 Status=Pass
Time=3870869210.000 ns 		 SPI_clock_frequency=67823Hz 		 SPI_MODE=0 		 Operation=Write 		 Data_Size=16 bits 		 Slave_address=0x01 		 Selected_Register=Control Register 		  Data_to_Write=0xaaaa 		 Status=Pass
Time=3871216070.000 ns 		 SPI_clock_frequency=67823Hz 		 SPI_MODE=0 		 Operation=Write 		 Data_Size=16 bits 		 Slave_address=0x01 		 Selected_Register=Control Register 		  Data_to_Write=0x3478 		 Status=Pass
Time=3871562930.000 ns 		 SPI_clock_frequency=67823Hz 		 SPI_MODE=0 		 Operation=Write 		 Data_Size=16 bits 		 Slave_address=0x01 		 Selected_Register=Control Register 		  Data_to_Write=0xffff 		 Status=Pass
Time=3871909790.000 ns 		 SPI_clock_frequency=67823Hz 		 SPI_MODE=0 		 Operation=Read  		 Data_Size=16 bits 		 Slave_address=0x01 		 Selected_Register=Control Register 		  Data_to_Write=0x0 		 Status=Pass
Time=3872256650.000 ns 		 SPI_clock_frequency=67823Hz 		 SPI_MODE=0 		 Operation=Read  		 Data_Size=16 bits 		 Slave_address=0x01 		 Selected_Register=Control Register 		  Data_to_Write=0x5555 		 Status=Pass
Time=3872603510.000 ns 		 SPI_clock_frequency=67823Hz 		 SPI_MODE=0 		 Operation=Read  		 Data_Size=16 bits 		 Slave_address=0x01 		 Selected_Register=Control Register 		  Data_to_Write=0xaaaa 		 Status=Pass
Time=3872950370.000 ns 		 SPI_clock_frequency=67823Hz 		 SPI_MODE=0 		 Operation=Read  		 Data_Size=16 bits 		 Slave_address=0x01 		 Selected_Register=Control Register 		  Data_to_Write=0x3478 		 Status=Pass
Time=3873297230.000 ns 		 SPI_clock_frequency=67823Hz 		 SPI_MODE=0 		 Operation=Read  		 Data_Size=16 bits 		 Slave_address=0x01 		 Selected_Register=Control Register 		  Data_to_Write=0xffff 		 Status=Pass
Time=3873644090.000 ns 		 SPI_clock_frequency=67823Hz 		 SPI_MODE=1 		 Operation=Write 		 Data_Size=16 bits 		 Slave_address=0x01 		 Selected_Register=Control Register 		  Data_to_Write=0x0 		 Status=Pass
Time=3873990950.000 ns 		 SPI_clock_frequency=67823Hz 		 SPI_MODE=1 		 Operation=Write 		 Data_Size=16 bits 		 Slave_address=0x01 		 Selected_Register=Control Register 		  Data_to_Write=0x5555 		 Status=Pass
Time=3874337810.000 ns 		 SPI_clock_frequency=67823Hz 		 SPI_MODE=1 		 Operation=Write 		 Data_Size=16 bits 		 Slave_address=0x01 		 Selected_Register=Control Register 		  Data_to_Write=0xaaaa 		 Status=Pass
Time=3874684670.000 ns 		 SPI_clock_frequency=67823Hz 		 SPI_MODE=1 		 Operation=Write 		 Data_Size=16 bits 		 Slave_address=0x01 		 Selected_Register=Control Register 		  Data_to_Write=0x3478 		 Status=Pass
Time=3875031530.000 ns 		 SPI_clock_frequency=67823Hz 		 SPI_MODE=1 		 Operation=Write 		 Data_Size=16 bits 		 Slave_address=0x01 		 Selected_Register=Control Register 		  Data_to_Write=0xffff 		 Status=Pass
Time=3875378390.000 ns 		 SPI_clock_frequency=67823Hz 		 SPI_MODE=1 		 Operation=Read  		 Data_Size=16 bits 		 Slave_address=0x01 		 Selected_Register=Control Register 		  Data_to_Write=0x0 		 Status=Pass
Time=3875725250.000 ns 		 SPI_clock_frequency=67823Hz 		 SPI_MODE=1 		 Operation=Read  		 Data_Size=16 bits 		 Slave_address=0x01 		 Selected_Register=Control Register 		  Data_to_Write=0x5555 		 Status=Pass
Time=3876072110.000 ns 		 SPI_clock_frequency=67823Hz 		 SPI_MODE=1 		 Operation=Read  		 Data_Size=16 bits 		 Slave_address=0x01 		 Selected_Register=Control Register 		  Data_to_Write=0xaaaa 		 Status=Pass
Time=3876418970.000 ns 		 SPI_clock_frequency=67823Hz 		 SPI_MODE=1 		 Operation=Read  		 Data_Size=16 bits 		 Slave_address=0x01 		 Selected_Register=Control Register 		  Data_to_Write=0x3478 		 Status=Pass
Time=3876765830.000 ns 		 SPI_clock_frequency=67823Hz 		 SPI_MODE=1 		 Operation=Read  		 Data_Size=16 bits 		 Slave_address=0x01 		 Selected_Register=Control Register 		  Data_to_Write=0xffff 		 Status=Pass
Time=3877127410.000 ns 		 SPI_clock_frequency=67823Hz 		 SPI_MODE=2 		 Operation=Write 		 Data_Size=16 bits 		 Slave_address=0x01 		 Selected_Register=Control Register 		  Data_to_Write=0x0 		 Status=Pass
Time=3877488990.000 ns 		 SPI_clock_frequency=67823Hz 		 SPI_MODE=2 		 Operation=Write 		 Data_Size=16 bits 		 Slave_address=0x01 		 Selected_Register=Control Register 		  Data_to_Write=0x5555 		 Status=Pass
Time=3877850570.000 ns 		 SPI_clock_frequency=67823Hz 		 SPI_MODE=2 		 Operation=Write 		 Data_Size=16 bits 		 Slave_address=0x01 		 Selected_Register=Control Register 		  Data_to_Write=0xaaaa 		 Status=Pass
Time=3878212150.000 ns 		 SPI_clock_frequency=67823Hz 		 SPI_MODE=2 		 Operation=Write 		 Data_Size=16 bits 		 Slave_address=0x01 		 Selected_Register=Control Register 		  Data_to_Write=0x3478 		 Status=Pass
Time=3878573730.000 ns 		 SPI_clock_frequency=67823Hz 		 SPI_MODE=2 		 Operation=Write 		 Data_Size=16 bits 		 Slave_address=0x01 		 Selected_Register=Control Register 		  Data_to_Write=0xffff 		 Status=Pass
Time=3878935310.000 ns 		 SPI_clock_frequency=67823Hz 		 SPI_MODE=2 		 Operation=Read  		 Data_Size=16 bits 		 Slave_address=0x01 		 Selected_Register=Control Register 		  Data_to_Write=0x0 		 Status=Pass
Time=3879296890.000 ns 		 SPI_clock_frequency=67823Hz 		 SPI_MODE=2 		 Operation=Read  		 Data_Size=16 bits 		 Slave_address=0x01 		 Selected_Register=Control Register 		  Data_to_Write=0x5555 		 Status=Pass
Time=3879658470.000 ns 		 SPI_clock_frequency=67823Hz 		 SPI_MODE=2 		 Operation=Read  		 Data_Size=16 bits 		 Slave_address=0x01 		 Selected_Register=Control Register 		  Data_to_Write=0xaaaa 		 Status=Pass
Time=3880020050.000 ns 		 SPI_clock_frequency=67823Hz 		 SPI_MODE=2 		 Operation=Read  		 Data_Size=16 bits 		 Slave_address=0x01 		 Selected_Register=Control Register 		  Data_to_Write=0x3478 		 Status=Pass
Time=3880381630.000 ns 		 SPI_clock_frequency=67823Hz 		 SPI_MODE=2 		 Operation=Read  		 Data_Size=16 bits 		 Slave_address=0x01 		 Selected_Register=Control Register 		  Data_to_Write=0xffff 		 Status=Pass
Time=3880743210.000 ns 		 SPI_clock_frequency=67823Hz 		 SPI_MODE=3 		 Operation=Write 		 Data_Size=16 bits 		 Slave_address=0x01 		 Selected_Register=Control Register 		  Data_to_Write=0x0 		 Status=Pass
Time=3881104790.000 ns 		 SPI_clock_frequency=67823Hz 		 SPI_MODE=3 		 Operation=Write 		 Data_Size=16 bits 		 Slave_address=0x01 		 Selected_Register=Control Register 		  Data_to_Write=0x5555 		 Status=Pass
Time=3881466370.000 ns 		 SPI_clock_frequency=67823Hz 		 SPI_MODE=3 		 Operation=Write 		 Data_Size=16 bits 		 Slave_address=0x01 		 Selected_Register=Control Register 		  Data_to_Write=0xaaaa 		 Status=Pass
Time=3881827950.000 ns 		 SPI_clock_frequency=67823Hz 		 SPI_MODE=3 		 Operation=Write 		 Data_Size=16 bits 		 Slave_address=0x01 		 Selected_Register=Control Register 		  Data_to_Write=0x3478 		 Status=Pass
Time=3882189530.000 ns 		 SPI_clock_frequency=67823Hz 		 SPI_MODE=3 		 Operation=Write 		 Data_Size=16 bits 		 Slave_address=0x01 		 Selected_Register=Control Register 		  Data_to_Write=0xffff 		 Status=Pass
Time=3882551110.000 ns 		 SPI_clock_frequency=67823Hz 		 SPI_MODE=3 		 Operation=Read  		 Data_Size=16 bits 		 Slave_address=0x01 		 Selected_Register=Control Register 		  Data_to_Write=0x0 		 Status=Pass
Time=3882912690.000 ns 		 SPI_clock_frequency=67823Hz 		 SPI_MODE=3 		 Operation=Read  		 Data_Size=16 bits 		 Slave_address=0x01 		 Selected_Register=Control Register 		  Data_to_Write=0x5555 		 Status=Pass
Time=3883274270.000 ns 		 SPI_clock_frequency=67823Hz 		 SPI_MODE=3 		 Operation=Read  		 Data_Size=16 bits 		 Slave_address=0x01 		 Selected_Register=Control Register 		  Data_to_Write=0xaaaa 		 Status=Pass
Time=3883635850.000 ns 		 SPI_clock_frequency=67823Hz 		 SPI_MODE=3 		 Operation=Read  		 Data_Size=16 bits 		 Slave_address=0x01 		 Selected_Register=Control Register 		  Data_to_Write=0x3478 		 Status=Pass
Time=3883997430.000 ns 		 SPI_clock_frequency=67823Hz 		 SPI_MODE=3 		 Operation=Read  		 Data_Size=16 bits 		 Slave_address=0x01 		 Selected_Register=Control Register 		  Data_to_Write=0xffff 		 Status=Pass
Time=3884344290.000 ns 		 SPI_clock_frequency=67823Hz 		 SPI_MODE=0 		 Operation=Write 		 Data_Size=16 bits 		 Slave_address=0x02 		 Selected_Register=Status Register    		  Data_to_Write=0x0 		 Status=Pass
Time=3884691150.000 ns 		 SPI_clock_frequency=67823Hz 		 SPI_MODE=0 		 Operation=Write 		 Data_Size=16 bits 		 Slave_address=0x02 		 Selected_Register=Status Register    		  Data_to_Write=0x5555 		 Status=Pass
Time=3885038010.000 ns 		 SPI_clock_frequency=67823Hz 		 SPI_MODE=0 		 Operation=Write 		 Data_Size=16 bits 		 Slave_address=0x02 		 Selected_Register=Status Register    		  Data_to_Write=0xaaaa 		 Status=Pass
Time=3885384870.000 ns 		 SPI_clock_frequency=67823Hz 		 SPI_MODE=0 		 Operation=Write 		 Data_Size=16 bits 		 Slave_address=0x02 		 Selected_Register=Status Register    		  Data_to_Write=0x3478 		 Status=Pass
Time=3885731730.000 ns 		 SPI_clock_frequency=67823Hz 		 SPI_MODE=0 		 Operation=Write 		 Data_Size=16 bits 		 Slave_address=0x02 		 Selected_Register=Status Register    		  Data_to_Write=0xffff 		 Status=Pass
Time=3886078590.000 ns 		 SPI_clock_frequency=67823Hz 		 SPI_MODE=0 		 Operation=Read  		 Data_Size=16 bits 		 Slave_address=0x02 		 Selected_Register=Status Register     		  Data_to_Write=0x0 		 Status=Pass
Time=3886425450.000 ns 		 SPI_clock_frequency=67823Hz 		 SPI_MODE=0 		 Operation=Read  		 Data_Size=16 bits 		 Slave_address=0x02 		 Selected_Register=Status Register     		  Data_to_Write=0x5555 		 Status=Pass
Time=3886772310.000 ns 		 SPI_clock_frequency=67823Hz 		 SPI_MODE=0 		 Operation=Read  		 Data_Size=16 bits 		 Slave_address=0x02 		 Selected_Register=Status Register     		  Data_to_Write=0xaaaa 		 Status=Pass
Time=3887119170.000 ns 		 SPI_clock_frequency=67823Hz 		 SPI_MODE=0 		 Operation=Read  		 Data_Size=16 bits 		 Slave_address=0x02 		 Selected_Register=Status Register     		  Data_to_Write=0x3478 		 Status=Pass
Time=3887466030.000 ns 		 SPI_clock_frequency=67823Hz 		 SPI_MODE=0 		 Operation=Read  		 Data_Size=16 bits 		 Slave_address=0x02 		 Selected_Register=Status Register     		  Data_to_Write=0xffff 		 Status=Pass
Time=3887812890.000 ns 		 SPI_clock_frequency=67823Hz 		 SPI_MODE=1 		 Operation=Write 		 Data_Size=16 bits 		 Slave_address=0x02 		 Selected_Register=Status Register    		  Data_to_Write=0x0 		 Status=Pass
Time=3888159750.000 ns 		 SPI_clock_frequency=67823Hz 		 SPI_MODE=1 		 Operation=Write 		 Data_Size=16 bits 		 Slave_address=0x02 		 Selected_Register=Status Register    		  Data_to_Write=0x5555 		 Status=Pass
Time=3888506610.000 ns 		 SPI_clock_frequency=67823Hz 		 SPI_MODE=1 		 Operation=Write 		 Data_Size=16 bits 		 Slave_address=0x02 		 Selected_Register=Status Register    		  Data_to_Write=0xaaaa 		 Status=Pass
Time=3888853470.000 ns 		 SPI_clock_frequency=67823Hz 		 SPI_MODE=1 		 Operation=Write 		 Data_Size=16 bits 		 Slave_address=0x02 		 Selected_Register=Status Register    		  Data_to_Write=0x3478 		 Status=Pass
Time=3889200330.000 ns 		 SPI_clock_frequency=67823Hz 		 SPI_MODE=1 		 Operation=Write 		 Data_Size=16 bits 		 Slave_address=0x02 		 Selected_Register=Status Register    		  Data_to_Write=0xffff 		 Status=Pass
Time=3889547190.000 ns 		 SPI_clock_frequency=67823Hz 		 SPI_MODE=1 		 Operation=Read  		 Data_Size=16 bits 		 Slave_address=0x02 		 Selected_Register=Status Register     		  Data_to_Write=0x0 		 Status=Pass
Time=3889894050.000 ns 		 SPI_clock_frequency=67823Hz 		 SPI_MODE=1 		 Operation=Read  		 Data_Size=16 bits 		 Slave_address=0x02 		 Selected_Register=Status Register     		  Data_to_Write=0x5555 		 Status=Pass
Time=3890240910.000 ns 		 SPI_clock_frequency=67823Hz 		 SPI_MODE=1 		 Operation=Read  		 Data_Size=16 bits 		 Slave_address=0x02 		 Selected_Register=Status Register     		  Data_to_Write=0xaaaa 		 Status=Pass
Time=3890587770.000 ns 		 SPI_clock_frequency=67823Hz 		 SPI_MODE=1 		 Operation=Read  		 Data_Size=16 bits 		 Slave_address=0x02 		 Selected_Register=Status Register     		  Data_to_Write=0x3478 		 Status=Pass
Time=3890934630.000 ns 		 SPI_clock_frequency=67823Hz 		 SPI_MODE=1 		 Operation=Read  		 Data_Size=16 bits 		 Slave_address=0x02 		 Selected_Register=Status Register     		  Data_to_Write=0xffff 		 Status=Pass
Time=3891296210.000 ns 		 SPI_clock_frequency=67823Hz 		 SPI_MODE=2 		 Operation=Write 		 Data_Size=16 bits 		 Slave_address=0x02 		 Selected_Register=Status Register    		  Data_to_Write=0x0 		 Status=Pass
Time=3891657790.000 ns 		 SPI_clock_frequency=67823Hz 		 SPI_MODE=2 		 Operation=Write 		 Data_Size=16 bits 		 Slave_address=0x02 		 Selected_Register=Status Register    		  Data_to_Write=0x5555 		 Status=Pass
Time=3892019370.000 ns 		 SPI_clock_frequency=67823Hz 		 SPI_MODE=2 		 Operation=Write 		 Data_Size=16 bits 		 Slave_address=0x02 		 Selected_Register=Status Register    		  Data_to_Write=0xaaaa 		 Status=Pass
Time=3892380950.000 ns 		 SPI_clock_frequency=67823Hz 		 SPI_MODE=2 		 Operation=Write 		 Data_Size=16 bits 		 Slave_address=0x02 		 Selected_Register=Status Register    		  Data_to_Write=0x3478 		 Status=Pass
Time=3892742530.000 ns 		 SPI_clock_frequency=67823Hz 		 SPI_MODE=2 		 Operation=Write 		 Data_Size=16 bits 		 Slave_address=0x02 		 Selected_Register=Status Register    		  Data_to_Write=0xffff 		 Status=Pass
Time=3893104110.000 ns 		 SPI_clock_frequency=67823Hz 		 SPI_MODE=2 		 Operation=Read  		 Data_Size=16 bits 		 Slave_address=0x02 		 Selected_Register=Status Register     		  Data_to_Write=0x0 		 Status=Pass
Time=3893465690.000 ns 		 SPI_clock_frequency=67823Hz 		 SPI_MODE=2 		 Operation=Read  		 Data_Size=16 bits 		 Slave_address=0x02 		 Selected_Register=Status Register     		  Data_to_Write=0x5555 		 Status=Pass
Time=3893827270.000 ns 		 SPI_clock_frequency=67823Hz 		 SPI_MODE=2 		 Operation=Read  		 Data_Size=16 bits 		 Slave_address=0x02 		 Selected_Register=Status Register     		  Data_to_Write=0xaaaa 		 Status=Pass
Time=3894188850.000 ns 		 SPI_clock_frequency=67823Hz 		 SPI_MODE=2 		 Operation=Read  		 Data_Size=16 bits 		 Slave_address=0x02 		 Selected_Register=Status Register     		  Data_to_Write=0x3478 		 Status=Pass
Time=3894550430.000 ns 		 SPI_clock_frequency=67823Hz 		 SPI_MODE=2 		 Operation=Read  		 Data_Size=16 bits 		 Slave_address=0x02 		 Selected_Register=Status Register     		  Data_to_Write=0xffff 		 Status=Pass
Time=3894912010.000 ns 		 SPI_clock_frequency=67823Hz 		 SPI_MODE=3 		 Operation=Write 		 Data_Size=16 bits 		 Slave_address=0x02 		 Selected_Register=Status Register    		  Data_to_Write=0x0 		 Status=Pass
Time=3895273590.000 ns 		 SPI_clock_frequency=67823Hz 		 SPI_MODE=3 		 Operation=Write 		 Data_Size=16 bits 		 Slave_address=0x02 		 Selected_Register=Status Register    		  Data_to_Write=0x5555 		 Status=Pass
Time=3895635170.000 ns 		 SPI_clock_frequency=67823Hz 		 SPI_MODE=3 		 Operation=Write 		 Data_Size=16 bits 		 Slave_address=0x02 		 Selected_Register=Status Register    		  Data_to_Write=0xaaaa 		 Status=Pass
Time=3895996750.000 ns 		 SPI_clock_frequency=67823Hz 		 SPI_MODE=3 		 Operation=Write 		 Data_Size=16 bits 		 Slave_address=0x02 		 Selected_Register=Status Register    		  Data_to_Write=0x3478 		 Status=Pass
Time=3896358330.000 ns 		 SPI_clock_frequency=67823Hz 		 SPI_MODE=3 		 Operation=Write 		 Data_Size=16 bits 		 Slave_address=0x02 		 Selected_Register=Status Register    		  Data_to_Write=0xffff 		 Status=Pass
Time=3896719910.000 ns 		 SPI_clock_frequency=67823Hz 		 SPI_MODE=3 		 Operation=Read  		 Data_Size=16 bits 		 Slave_address=0x02 		 Selected_Register=Status Register     		  Data_to_Write=0x0 		 Status=Pass
Time=3897081490.000 ns 		 SPI_clock_frequency=67823Hz 		 SPI_MODE=3 		 Operation=Read  		 Data_Size=16 bits 		 Slave_address=0x02 		 Selected_Register=Status Register     		  Data_to_Write=0x5555 		 Status=Pass
Time=3897443070.000 ns 		 SPI_clock_frequency=67823Hz 		 SPI_MODE=3 		 Operation=Read  		 Data_Size=16 bits 		 Slave_address=0x02 		 Selected_Register=Status Register     		  Data_to_Write=0xaaaa 		 Status=Pass
Time=3897804650.000 ns 		 SPI_clock_frequency=67823Hz 		 SPI_MODE=3 		 Operation=Read  		 Data_Size=16 bits 		 Slave_address=0x02 		 Selected_Register=Status Register     		  Data_to_Write=0x3478 		 Status=Pass
Time=3898166230.000 ns 		 SPI_clock_frequency=67823Hz 		 SPI_MODE=3 		 Operation=Read  		 Data_Size=16 bits 		 Slave_address=0x02 		 Selected_Register=Status Register     		  Data_to_Write=0xffff 		 Status=Pass
Time=3898513090.000 ns 		 SPI_clock_frequency=67823Hz 		 SPI_MODE=0 		 Operation=Write 		 Data_Size=16 bits 		 Slave_address=0x03 		 Selected_Register=Data Register      		  Data_to_Write=0x0 		 Status=Pass
Time=3898859950.000 ns 		 SPI_clock_frequency=67823Hz 		 SPI_MODE=0 		 Operation=Write 		 Data_Size=16 bits 		 Slave_address=0x03 		 Selected_Register=Data Register      		  Data_to_Write=0x5555 		 Status=Pass
Time=3899206810.000 ns 		 SPI_clock_frequency=67823Hz 		 SPI_MODE=0 		 Operation=Write 		 Data_Size=16 bits 		 Slave_address=0x03 		 Selected_Register=Data Register      		  Data_to_Write=0xaaaa 		 Status=Pass
Time=3899553670.000 ns 		 SPI_clock_frequency=67823Hz 		 SPI_MODE=0 		 Operation=Write 		 Data_Size=16 bits 		 Slave_address=0x03 		 Selected_Register=Data Register      		  Data_to_Write=0x3478 		 Status=Pass
Time=3899900530.000 ns 		 SPI_clock_frequency=67823Hz 		 SPI_MODE=0 		 Operation=Write 		 Data_Size=16 bits 		 Slave_address=0x03 		 Selected_Register=Data Register      		  Data_to_Write=0xffff 		 Status=Pass
Time=3900247390.000 ns 		 SPI_clock_frequency=67823Hz 		 SPI_MODE=0 		 Operation=Read  		 Data_Size=16 bits 		 Slave_address=0x03 		 Selected_Register=Data Register       		  Data_to_Write=0x0 		 Status=Pass
Time=3900594250.000 ns 		 SPI_clock_frequency=67823Hz 		 SPI_MODE=0 		 Operation=Read  		 Data_Size=16 bits 		 Slave_address=0x03 		 Selected_Register=Data Register       		  Data_to_Write=0x5555 		 Status=Pass
Time=3900941110.000 ns 		 SPI_clock_frequency=67823Hz 		 SPI_MODE=0 		 Operation=Read  		 Data_Size=16 bits 		 Slave_address=0x03 		 Selected_Register=Data Register       		  Data_to_Write=0xaaaa 		 Status=Pass
Time=3901287970.000 ns 		 SPI_clock_frequency=67823Hz 		 SPI_MODE=0 		 Operation=Read  		 Data_Size=16 bits 		 Slave_address=0x03 		 Selected_Register=Data Register       		  Data_to_Write=0x3478 		 Status=Pass
Time=3901634830.000 ns 		 SPI_clock_frequency=67823Hz 		 SPI_MODE=0 		 Operation=Read  		 Data_Size=16 bits 		 Slave_address=0x03 		 Selected_Register=Data Register       		  Data_to_Write=0xffff 		 Status=Pass
Time=3901981690.000 ns 		 SPI_clock_frequency=67823Hz 		 SPI_MODE=1 		 Operation=Write 		 Data_Size=16 bits 		 Slave_address=0x03 		 Selected_Register=Data Register      		  Data_to_Write=0x0 		 Status=Pass
Time=3902328550.000 ns 		 SPI_clock_frequency=67823Hz 		 SPI_MODE=1 		 Operation=Write 		 Data_Size=16 bits 		 Slave_address=0x03 		 Selected_Register=Data Register      		  Data_to_Write=0x5555 		 Status=Pass
Time=3902675410.000 ns 		 SPI_clock_frequency=67823Hz 		 SPI_MODE=1 		 Operation=Write 		 Data_Size=16 bits 		 Slave_address=0x03 		 Selected_Register=Data Register      		  Data_to_Write=0xaaaa 		 Status=Pass
Time=3903022270.000 ns 		 SPI_clock_frequency=67823Hz 		 SPI_MODE=1 		 Operation=Write 		 Data_Size=16 bits 		 Slave_address=0x03 		 Selected_Register=Data Register      		  Data_to_Write=0x3478 		 Status=Pass
Time=3903369130.000 ns 		 SPI_clock_frequency=67823Hz 		 SPI_MODE=1 		 Operation=Write 		 Data_Size=16 bits 		 Slave_address=0x03 		 Selected_Register=Data Register      		  Data_to_Write=0xffff 		 Status=Pass
Time=3903715990.000 ns 		 SPI_clock_frequency=67823Hz 		 SPI_MODE=1 		 Operation=Read  		 Data_Size=16 bits 		 Slave_address=0x03 		 Selected_Register=Data Register       		  Data_to_Write=0x0 		 Status=Pass
Time=3904062850.000 ns 		 SPI_clock_frequency=67823Hz 		 SPI_MODE=1 		 Operation=Read  		 Data_Size=16 bits 		 Slave_address=0x03 		 Selected_Register=Data Register       		  Data_to_Write=0x5555 		 Status=Pass
Time=3904409710.000 ns 		 SPI_clock_frequency=67823Hz 		 SPI_MODE=1 		 Operation=Read  		 Data_Size=16 bits 		 Slave_address=0x03 		 Selected_Register=Data Register       		  Data_to_Write=0xaaaa 		 Status=Pass
Time=3904756570.000 ns 		 SPI_clock_frequency=67823Hz 		 SPI_MODE=1 		 Operation=Read  		 Data_Size=16 bits 		 Slave_address=0x03 		 Selected_Register=Data Register       		  Data_to_Write=0x3478 		 Status=Pass
Time=3905103430.000 ns 		 SPI_clock_frequency=67823Hz 		 SPI_MODE=1 		 Operation=Read  		 Data_Size=16 bits 		 Slave_address=0x03 		 Selected_Register=Data Register       		  Data_to_Write=0xffff 		 Status=Pass
Time=3905465010.000 ns 		 SPI_clock_frequency=67823Hz 		 SPI_MODE=2 		 Operation=Write 		 Data_Size=16 bits 		 Slave_address=0x03 		 Selected_Register=Data Register      		  Data_to_Write=0x0 		 Status=Pass
Time=3905826590.000 ns 		 SPI_clock_frequency=67823Hz 		 SPI_MODE=2 		 Operation=Write 		 Data_Size=16 bits 		 Slave_address=0x03 		 Selected_Register=Data Register      		  Data_to_Write=0x5555 		 Status=Pass
Time=3906188170.000 ns 		 SPI_clock_frequency=67823Hz 		 SPI_MODE=2 		 Operation=Write 		 Data_Size=16 bits 		 Slave_address=0x03 		 Selected_Register=Data Register      		  Data_to_Write=0xaaaa 		 Status=Pass
Time=3906549750.000 ns 		 SPI_clock_frequency=67823Hz 		 SPI_MODE=2 		 Operation=Write 		 Data_Size=16 bits 		 Slave_address=0x03 		 Selected_Register=Data Register      		  Data_to_Write=0x3478 		 Status=Pass
Time=3906911330.000 ns 		 SPI_clock_frequency=67823Hz 		 SPI_MODE=2 		 Operation=Write 		 Data_Size=16 bits 		 Slave_address=0x03 		 Selected_Register=Data Register      		  Data_to_Write=0xffff 		 Status=Pass
Time=3907272910.000 ns 		 SPI_clock_frequency=67823Hz 		 SPI_MODE=2 		 Operation=Read  		 Data_Size=16 bits 		 Slave_address=0x03 		 Selected_Register=Data Register       		  Data_to_Write=0x0 		 Status=Pass
Time=3907634490.000 ns 		 SPI_clock_frequency=67823Hz 		 SPI_MODE=2 		 Operation=Read  		 Data_Size=16 bits 		 Slave_address=0x03 		 Selected_Register=Data Register       		  Data_to_Write=0x5555 		 Status=Pass
Time=3907996070.000 ns 		 SPI_clock_frequency=67823Hz 		 SPI_MODE=2 		 Operation=Read  		 Data_Size=16 bits 		 Slave_address=0x03 		 Selected_Register=Data Register       		  Data_to_Write=0xaaaa 		 Status=Pass
Time=3908357650.000 ns 		 SPI_clock_frequency=67823Hz 		 SPI_MODE=2 		 Operation=Read  		 Data_Size=16 bits 		 Slave_address=0x03 		 Selected_Register=Data Register       		  Data_to_Write=0x3478 		 Status=Pass
Time=3908719230.000 ns 		 SPI_clock_frequency=67823Hz 		 SPI_MODE=2 		 Operation=Read  		 Data_Size=16 bits 		 Slave_address=0x03 		 Selected_Register=Data Register       		  Data_to_Write=0xffff 		 Status=Pass
Time=3909080810.000 ns 		 SPI_clock_frequency=67823Hz 		 SPI_MODE=3 		 Operation=Write 		 Data_Size=16 bits 		 Slave_address=0x03 		 Selected_Register=Data Register      		  Data_to_Write=0x0 		 Status=Pass
Time=3909442390.000 ns 		 SPI_clock_frequency=67823Hz 		 SPI_MODE=3 		 Operation=Write 		 Data_Size=16 bits 		 Slave_address=0x03 		 Selected_Register=Data Register      		  Data_to_Write=0x5555 		 Status=Pass
Time=3909803970.000 ns 		 SPI_clock_frequency=67823Hz 		 SPI_MODE=3 		 Operation=Write 		 Data_Size=16 bits 		 Slave_address=0x03 		 Selected_Register=Data Register      		  Data_to_Write=0xaaaa 		 Status=Pass
Time=3910165550.000 ns 		 SPI_clock_frequency=67823Hz 		 SPI_MODE=3 		 Operation=Write 		 Data_Size=16 bits 		 Slave_address=0x03 		 Selected_Register=Data Register      		  Data_to_Write=0x3478 		 Status=Pass
Time=3910527130.000 ns 		 SPI_clock_frequency=67823Hz 		 SPI_MODE=3 		 Operation=Write 		 Data_Size=16 bits 		 Slave_address=0x03 		 Selected_Register=Data Register      		  Data_to_Write=0xffff 		 Status=Pass
Time=3910888710.000 ns 		 SPI_clock_frequency=67823Hz 		 SPI_MODE=3 		 Operation=Read  		 Data_Size=16 bits 		 Slave_address=0x03 		 Selected_Register=Data Register       		  Data_to_Write=0x0 		 Status=Pass
Time=3911250290.000 ns 		 SPI_clock_frequency=67823Hz 		 SPI_MODE=3 		 Operation=Read  		 Data_Size=16 bits 		 Slave_address=0x03 		 Selected_Register=Data Register       		  Data_to_Write=0x5555 		 Status=Pass
Time=3911611870.000 ns 		 SPI_clock_frequency=67823Hz 		 SPI_MODE=3 		 Operation=Read  		 Data_Size=16 bits 		 Slave_address=0x03 		 Selected_Register=Data Register       		  Data_to_Write=0xaaaa 		 Status=Pass
Time=3911973450.000 ns 		 SPI_clock_frequency=67823Hz 		 SPI_MODE=3 		 Operation=Read  		 Data_Size=16 bits 		 Slave_address=0x03 		 Selected_Register=Data Register       		  Data_to_Write=0x3478 		 Status=Pass
Time=3912335030.000 ns 		 SPI_clock_frequency=67823Hz 		 SPI_MODE=3 		 Operation=Read  		 Data_Size=16 bits 		 Slave_address=0x03 		 Selected_Register=Data Register       		  Data_to_Write=0xffff 		 Status=Pass
 ERROR: Invalid Slave Address (04)
 ERROR: Invalid Slave Address (04)
 ERROR: Invalid Slave Address (04)
 ERROR: Invalid Slave Address (04)
 ERROR: Invalid Slave Address (04)
 ERROR: Invalid Slave Address (04)
 ERROR: Invalid Slave Address (04)
 ERROR: Invalid Slave Address (04)
 ERROR: Invalid Slave Address (04)
 ERROR: Invalid Slave Address (04)
 ERROR: Invalid Slave Address (04)
 ERROR: Invalid Slave Address (04)
 ERROR: Invalid Slave Address (04)
 ERROR: Invalid Slave Address (04)
 ERROR: Invalid Slave Address (04)
 ERROR: Invalid Slave Address (04)
 ERROR: Invalid Slave Address (04)
 ERROR: Invalid Slave Address (04)
 ERROR: Invalid Slave Address (04)
 ERROR: Invalid Slave Address (04)
 ERROR: Invalid Slave Address (04)
 ERROR: Invalid Slave Address (04)
 ERROR: Invalid Slave Address (04)
 ERROR: Invalid Slave Address (04)
 ERROR: Invalid Slave Address (04)
 ERROR: Invalid Slave Address (04)
 ERROR: Invalid Slave Address (04)
 ERROR: Invalid Slave Address (04)
 ERROR: Invalid Slave Address (04)
 ERROR: Invalid Slave Address (04)
 ERROR: Invalid Slave Address (04)
 ERROR: Invalid Slave Address (04)
 ERROR: Invalid Slave Address (04)
 ERROR: Invalid Slave Address (04)
 ERROR: Invalid Slave Address (04)
 ERROR: Invalid Slave Address (04)
 ERROR: Invalid Slave Address (04)
 ERROR: Invalid Slave Address (04)
 ERROR: Invalid Slave Address (04)
 ERROR: Invalid Slave Address (04)
 ERROR: Invalid Slave Address (05)
 ERROR: Invalid Slave Address (05)
 ERROR: Invalid Slave Address (05)
 ERROR: Invalid Slave Address (05)
 ERROR: Invalid Slave Address (05)
 ERROR: Invalid Slave Address (05)
 ERROR: Invalid Slave Address (05)
 ERROR: Invalid Slave Address (05)
 ERROR: Invalid Slave Address (05)
 ERROR: Invalid Slave Address (05)
 ERROR: Invalid Slave Address (05)
 ERROR: Invalid Slave Address (05)
 ERROR: Invalid Slave Address (05)
 ERROR: Invalid Slave Address (05)
 ERROR: Invalid Slave Address (05)
 ERROR: Invalid Slave Address (05)
 ERROR: Invalid Slave Address (05)
 ERROR: Invalid Slave Address (05)
 ERROR: Invalid Slave Address (05)
 ERROR: Invalid Slave Address (05)
 ERROR: Invalid Slave Address (05)
 ERROR: Invalid Slave Address (05)
 ERROR: Invalid Slave Address (05)
 ERROR: Invalid Slave Address (05)
 ERROR: Invalid Slave Address (05)
 ERROR: Invalid Slave Address (05)
 ERROR: Invalid Slave Address (05)
 ERROR: Invalid Slave Address (05)
 ERROR: Invalid Slave Address (05)
 ERROR: Invalid Slave Address (05)
 ERROR: Invalid Slave Address (05)
 ERROR: Invalid Slave Address (05)
 ERROR: Invalid Slave Address (05)
 ERROR: Invalid Slave Address (05)
 ERROR: Invalid Slave Address (05)
 ERROR: Invalid Slave Address (05)
 ERROR: Invalid Slave Address (05)
 ERROR: Invalid Slave Address (05)
 ERROR: Invalid Slave Address (05)
 ERROR: Invalid Slave Address (05)
--------------------------------------------------------------------------------------------------------------
Random inputs conditions
--------------------------------------------------------------------------------------------------------------
 ERROR: Invalid Slave Address (0d)
 ERROR: Invalid Slave Address (3d)
 ERROR: Invalid Slave Address (2a)
 ERROR: Invalid Slave Address (4e)
 ERROR: Invalid Slave Address (65)
 ERROR: Invalid Slave Address (1d)
 ERROR: Invalid Slave Address (55)
 ERROR: Invalid Slave Address (0a)
 ERROR: Invalid Slave Address (58)
 ERROR: Invalid Slave Address (2e)
 ERROR: Invalid Slave Address (4f)
 ERROR: Invalid Slave Address (59)
 ERROR: Invalid Slave Address (37)
 ERROR: Invalid Slave Address (50)
 ERROR: Invalid Slave Address (48)
 ERROR: Invalid Slave Address (39)
 ERROR: Invalid Slave Address (49)
 ERROR: Invalid Slave Address (1c)
 ERROR: Invalid Slave Address (33)
 ERROR: Invalid Slave Address (5a)
--------------------------------------------------------------------------------------------------------------
Transaction with reset before completion of transfer
--------------------------------------------------------------------------------------------------------------
 ERROR: Writing a read only register (Device ID)
 ERROR: Writing a read only register (Device ID)
 ERROR: Writing a read only register (Device ID)
 ERROR: Writing a read only register (Device ID)
 ERROR: Writing a read only register (Device ID)
 ERROR: Inalid SPI Clock frequency (0Hz)
 ERROR: Inalid SPI Clock frequency (0Hz)
 ERROR: Inalid SPI Clock frequency (0Hz)
 ERROR: Inalid SPI Clock frequency (0Hz)
 ERROR: Inalid SPI Clock frequency (0Hz)
 ERROR: Writing a read only register (Device ID)
 ERROR: Writing a read only register (Device ID)
 ERROR: Writing a read only register (Device ID)
 ERROR: Writing a read only register (Device ID)
 ERROR: Writing a read only register (Device ID)
 ERROR: Inalid SPI Clock frequency (0Hz)
 ERROR: Inalid SPI Clock frequency (0Hz)
 ERROR: Inalid SPI Clock frequency (0Hz)
 ERROR: Inalid SPI Clock frequency (0Hz)
 ERROR: Inalid SPI Clock frequency (0Hz)
 ERROR: Writing a read only register (Device ID)
 ERROR: Writing a read only register (Device ID)
 ERROR: Writing a read only register (Device ID)
 ERROR: Writing a read only register (Device ID)
 ERROR: Writing a read only register (Device ID)
 ERROR: Inalid SPI Clock frequency (0Hz)
 ERROR: Inalid SPI Clock frequency (0Hz)
 ERROR: Inalid SPI Clock frequency (0Hz)
 ERROR: Inalid SPI Clock frequency (0Hz)
 ERROR: Inalid SPI Clock frequency (0Hz)
 ERROR: Writing a read only register (Device ID)
 ERROR: Writing a read only register (Device ID)
 ERROR: Writing a read only register (Device ID)
 ERROR: Writing a read only register (Device ID)
 ERROR: Writing a read only register (Device ID)
 ERROR: Inalid SPI Clock frequency (0Hz)
 ERROR: Inalid SPI Clock frequency (0Hz)
 ERROR: Inalid SPI Clock frequency (0Hz)
 ERROR: Inalid SPI Clock frequency (0Hz)
 ERROR: Inalid SPI Clock frequency (0Hz)
 ERROR: Inalid SPI Clock frequency (0Hz)
 ERROR: Inalid SPI Clock frequency (0Hz)
 ERROR: Inalid SPI Clock frequency (0Hz)
 ERROR: Inalid SPI Clock frequency (0Hz)
 ERROR: Inalid SPI Clock frequency (0Hz)
 ERROR: Inalid SPI Clock frequency (0Hz)
 ERROR: Inalid SPI Clock frequency (0Hz)
 ERROR: Inalid SPI Clock frequency (0Hz)
 ERROR: Inalid SPI Clock frequency (0Hz)
 ERROR: Inalid SPI Clock frequency (0Hz)
 ERROR: Inalid SPI Clock frequency (0Hz)
 ERROR: Inalid SPI Clock frequency (0Hz)
 ERROR: Inalid SPI Clock frequency (0Hz)
 ERROR: Inalid SPI Clock frequency (0Hz)
 ERROR: Inalid SPI Clock frequency (0Hz)
 ERROR: Inalid SPI Clock frequency (0Hz)
 ERROR: Inalid SPI Clock frequency (0Hz)
 ERROR: Inalid SPI Clock frequency (0Hz)
 ERROR: Inalid SPI Clock frequency (0Hz)
 ERROR: Inalid SPI Clock frequency (0Hz)
 ERROR: Inalid SPI Clock frequency (0Hz)
 ERROR: Inalid SPI Clock frequency (0Hz)
 ERROR: Inalid SPI Clock frequency (0Hz)
 ERROR: Inalid SPI Clock frequency (0Hz)
 ERROR: Inalid SPI Clock frequency (0Hz)
 ERROR: Inalid SPI Clock frequency (0Hz)
 ERROR: Inalid SPI Clock frequency (0Hz)
 ERROR: Inalid SPI Clock frequency (0Hz)
 ERROR: Inalid SPI Clock frequency (0Hz)
 ERROR: Inalid SPI Clock frequency (0Hz)
 ERROR: Inalid SPI Clock frequency (0Hz)
 ERROR: Inalid SPI Clock frequency (0Hz)
 ERROR: Inalid SPI Clock frequency (0Hz)
 ERROR: Inalid SPI Clock frequency (0Hz)
 ERROR: Inalid SPI Clock frequency (0Hz)
 ERROR: Inalid SPI Clock frequency (0Hz)
 ERROR: Inalid SPI Clock frequency (0Hz)
 ERROR: Inalid SPI Clock frequency (0Hz)
 ERROR: Inalid SPI Clock frequency (0Hz)
 ERROR: Inalid SPI Clock frequency (0Hz)
 ERROR: Inalid SPI Clock frequency (0Hz)
 ERROR: Inalid SPI Clock frequency (0Hz)
 ERROR: Inalid SPI Clock frequency (0Hz)
 ERROR: Inalid SPI Clock frequency (0Hz)
 ERROR: Inalid SPI Clock frequency (0Hz)
 ERROR: Inalid SPI Clock frequency (0Hz)
 ERROR: Inalid SPI Clock frequency (0Hz)
 ERROR: Inalid SPI Clock frequency (0Hz)
 ERROR: Inalid SPI Clock frequency (0Hz)
 ERROR: Inalid SPI Clock frequency (0Hz)
 ERROR: Inalid SPI Clock frequency (0Hz)
 ERROR: Inalid SPI Clock frequency (0Hz)
 ERROR: Inalid SPI Clock frequency (0Hz)
 ERROR: Inalid SPI Clock frequency (0Hz)
 ERROR: Inalid SPI Clock frequency (0Hz)
 ERROR: Inalid SPI Clock frequency (0Hz)
 ERROR: Inalid SPI Clock frequency (0Hz)
 ERROR: Inalid SPI Clock frequency (0Hz)
 ERROR: Inalid SPI Clock frequency (0Hz)
 ERROR: Inalid SPI Clock frequency (0Hz)
 ERROR: Inalid SPI Clock frequency (0Hz)
 ERROR: Inalid SPI Clock frequency (0Hz)
 ERROR: Inalid SPI Clock frequency (0Hz)
 ERROR: Inalid SPI Clock frequency (0Hz)
 ERROR: Inalid SPI Clock frequency (0Hz)
 ERROR: Inalid SPI Clock frequency (0Hz)
 ERROR: Inalid SPI Clock frequency (0Hz)
 ERROR: Inalid SPI Clock frequency (0Hz)
 ERROR: Inalid SPI Clock frequency (0Hz)
 ERROR: Inalid SPI Clock frequency (0Hz)
 ERROR: Inalid SPI Clock frequency (0Hz)
 ERROR: Inalid SPI Clock frequency (0Hz)
 ERROR: Inalid SPI Clock frequency (0Hz)
 ERROR: Inalid SPI Clock frequency (0Hz)
 ERROR: Inalid SPI Clock frequency (0Hz)
 ERROR: Inalid SPI Clock frequency (0Hz)
 ERROR: Inalid SPI Clock frequency (0Hz)
 ERROR: Inalid SPI Clock frequency (0Hz)
 ERROR: Inalid SPI Clock frequency (0Hz)
 ERROR: Inalid SPI Clock frequency (0Hz)
 ERROR: Inalid SPI Clock frequency (0Hz)
 ERROR: Inalid SPI Clock frequency (0Hz)
 ERROR: Inalid SPI Clock frequency (0Hz)
 ERROR: Inalid SPI Clock frequency (0Hz)
 ERROR: Inalid SPI Clock frequency (0Hz)
 ERROR: Inalid SPI Clock frequency (0Hz)
 ERROR: Inalid SPI Clock frequency (0Hz)
 ERROR: Inalid SPI Clock frequency (0Hz)
 ERROR: Inalid SPI Clock frequency (0Hz)
 ERROR: Inalid SPI Clock frequency (0Hz)
 ERROR: Inalid SPI Clock frequency (0Hz)
 ERROR: Inalid SPI Clock frequency (0Hz)
 ERROR: Inalid SPI Clock frequency (0Hz)
 ERROR: Inalid SPI Clock frequency (0Hz)
 ERROR: Inalid SPI Clock frequency (0Hz)
 ERROR: Inalid SPI Clock frequency (0Hz)
 ERROR: Inalid SPI Clock frequency (0Hz)
 ERROR: Inalid SPI Clock frequency (0Hz)
 ERROR: Inalid SPI Clock frequency (0Hz)
 ERROR: Inalid SPI Clock frequency (0Hz)
 ERROR: Inalid SPI Clock frequency (0Hz)
 ERROR: Inalid SPI Clock frequency (0Hz)
 ERROR: Inalid SPI Clock frequency (0Hz)
 ERROR: Inalid SPI Clock frequency (0Hz)
 ERROR: Inalid SPI Clock frequency (0Hz)
 ERROR: Inalid SPI Clock frequency (0Hz)
 ERROR: Inalid SPI Clock frequency (0Hz)
 ERROR: Inalid SPI Clock frequency (0Hz)
 ERROR: Inalid SPI Clock frequency (0Hz)
 ERROR: Inalid SPI Clock frequency (0Hz)
 ERROR: Inalid SPI Clock frequency (0Hz)
 ERROR: Inalid SPI Clock frequency (0Hz)
 ERROR: Inalid SPI Clock frequency (0Hz)
 ERROR: Inalid SPI Clock frequency (0Hz)
 ERROR: Inalid SPI Clock frequency (0Hz)
 ERROR: Inalid SPI Clock frequency (0Hz)
 ERROR: Inalid SPI Clock frequency (0Hz)
 ERROR: Inalid SPI Clock frequency (0Hz)
 ERROR: Inalid SPI Clock frequency (0Hz)
 ERROR: Inalid SPI Clock frequency (0Hz)
 ERROR: Invalid Slave Address (04)
 ERROR: Invalid Slave Address (04)
 ERROR: Invalid Slave Address (04)
 ERROR: Invalid Slave Address (04)
 ERROR: Invalid Slave Address (04)
 ERROR: Invalid Slave Address (04)
 ERROR: Invalid Slave Address (04)
 ERROR: Invalid Slave Address (04)
 ERROR: Invalid Slave Address (04)
 ERROR: Invalid Slave Address (04)
 ERROR: Invalid Slave Address (04)
 ERROR: Invalid Slave Address (04)
 ERROR: Invalid Slave Address (04)
 ERROR: Invalid Slave Address (04)
 ERROR: Invalid Slave Address (04)
 ERROR: Invalid Slave Address (04)
 ERROR: Invalid Slave Address (04)
 ERROR: Invalid Slave Address (04)
 ERROR: Invalid Slave Address (04)
 ERROR: Invalid Slave Address (04)
 ERROR: Invalid Slave Address (04)
 ERROR: Invalid Slave Address (04)
 ERROR: Invalid Slave Address (04)
 ERROR: Invalid Slave Address (04)
 ERROR: Invalid Slave Address (04)
 ERROR: Invalid Slave Address (04)
 ERROR: Invalid Slave Address (04)
 ERROR: Invalid Slave Address (04)
 ERROR: Invalid Slave Address (04)
 ERROR: Invalid Slave Address (04)
 ERROR: Invalid Slave Address (04)
 ERROR: Invalid Slave Address (04)
 ERROR: Invalid Slave Address (04)
 ERROR: Invalid Slave Address (04)
 ERROR: Invalid Slave Address (04)
 ERROR: Invalid Slave Address (04)
 ERROR: Invalid Slave Address (04)
 ERROR: Invalid Slave Address (04)
 ERROR: Invalid Slave Address (04)
 ERROR: Invalid Slave Address (04)
 ERROR: Invalid Slave Address (05)
 ERROR: Invalid Slave Address (05)
 ERROR: Invalid Slave Address (05)
 ERROR: Invalid Slave Address (05)
 ERROR: Invalid Slave Address (05)
 ERROR: Invalid Slave Address (05)
 ERROR: Invalid Slave Address (05)
 ERROR: Invalid Slave Address (05)
 ERROR: Invalid Slave Address (05)
 ERROR: Invalid Slave Address (05)
 ERROR: Invalid Slave Address (05)
 ERROR: Invalid Slave Address (05)
 ERROR: Invalid Slave Address (05)
 ERROR: Invalid Slave Address (05)
 ERROR: Invalid Slave Address (05)
 ERROR: Invalid Slave Address (05)
 ERROR: Invalid Slave Address (05)
 ERROR: Invalid Slave Address (05)
 ERROR: Invalid Slave Address (05)
 ERROR: Invalid Slave Address (05)
 ERROR: Invalid Slave Address (05)
 ERROR: Invalid Slave Address (05)
 ERROR: Invalid Slave Address (05)
 ERROR: Invalid Slave Address (05)
 ERROR: Invalid Slave Address (05)
 ERROR: Invalid Slave Address (05)
 ERROR: Invalid Slave Address (05)
 ERROR: Invalid Slave Address (05)
 ERROR: Invalid Slave Address (05)
 ERROR: Invalid Slave Address (05)
 ERROR: Invalid Slave Address (05)
 ERROR: Invalid Slave Address (05)
 ERROR: Invalid Slave Address (05)
 ERROR: Invalid Slave Address (05)
 ERROR: Invalid Slave Address (05)
 ERROR: Invalid Slave Address (05)
 ERROR: Invalid Slave Address (05)
 ERROR: Invalid Slave Address (05)
 ERROR: Invalid Slave Address (05)
 ERROR: Invalid Slave Address (05)
 ERROR: Writing a read only register (Device ID)
 ERROR: Writing a read only register (Device ID)
 ERROR: Writing a read only register (Device ID)
 ERROR: Writing a read only register (Device ID)
 ERROR: Writing a read only register (Device ID)
 ERROR: Inalid SPI Clock frequency (0Hz)
 ERROR: Inalid SPI Clock frequency (0Hz)
 ERROR: Inalid SPI Clock frequency (0Hz)
 ERROR: Inalid SPI Clock frequency (0Hz)
 ERROR: Inalid SPI Clock frequency (0Hz)
 ERROR: Writing a read only register (Device ID)
 ERROR: Writing a read only register (Device ID)
 ERROR: Writing a read only register (Device ID)
 ERROR: Writing a read only register (Device ID)
 ERROR: Writing a read only register (Device ID)
 ERROR: Inalid SPI Clock frequency (0Hz)
 ERROR: Inalid SPI Clock frequency (0Hz)
 ERROR: Inalid SPI Clock frequency (0Hz)
 ERROR: Inalid SPI Clock frequency (0Hz)
 ERROR: Inalid SPI Clock frequency (0Hz)
 ERROR: Writing a read only register (Device ID)
 ERROR: Writing a read only register (Device ID)
 ERROR: Writing a read only register (Device ID)
 ERROR: Writing a read only register (Device ID)
 ERROR: Writing a read only register (Device ID)
 ERROR: Inalid SPI Clock frequency (0Hz)
 ERROR: Inalid SPI Clock frequency (0Hz)
 ERROR: Inalid SPI Clock frequency (0Hz)
 ERROR: Inalid SPI Clock frequency (0Hz)
 ERROR: Inalid SPI Clock frequency (0Hz)
 ERROR: Writing a read only register (Device ID)
 ERROR: Writing a read only register (Device ID)
 ERROR: Writing a read only register (Device ID)
 ERROR: Writing a read only register (Device ID)
 ERROR: Writing a read only register (Device ID)
 ERROR: Inalid SPI Clock frequency (0Hz)
 ERROR: Inalid SPI Clock frequency (0Hz)
 ERROR: Inalid SPI Clock frequency (0Hz)
 ERROR: Inalid SPI Clock frequency (0Hz)
 ERROR: Inalid SPI Clock frequency (0Hz)
 ERROR: Inalid SPI Clock frequency (0Hz)
 ERROR: Inalid SPI Clock frequency (0Hz)
 ERROR: Inalid SPI Clock frequency (0Hz)
 ERROR: Inalid SPI Clock frequency (0Hz)
 ERROR: Inalid SPI Clock frequency (0Hz)
 ERROR: Inalid SPI Clock frequency (0Hz)
 ERROR: Inalid SPI Clock frequency (0Hz)
 ERROR: Inalid SPI Clock frequency (0Hz)
 ERROR: Inalid SPI Clock frequency (0Hz)
 ERROR: Inalid SPI Clock frequency (0Hz)
 ERROR: Inalid SPI Clock frequency (0Hz)
 ERROR: Inalid SPI Clock frequency (0Hz)
 ERROR: Inalid SPI Clock frequency (0Hz)
 ERROR: Inalid SPI Clock frequency (0Hz)
 ERROR: Inalid SPI Clock frequency (0Hz)
 ERROR: Inalid SPI Clock frequency (0Hz)
 ERROR: Inalid SPI Clock frequency (0Hz)
 ERROR: Inalid SPI Clock frequency (0Hz)
 ERROR: Inalid SPI Clock frequency (0Hz)
 ERROR: Inalid SPI Clock frequency (0Hz)
 ERROR: Inalid SPI Clock frequency (0Hz)
 ERROR: Inalid SPI Clock frequency (0Hz)
 ERROR: Inalid SPI Clock frequency (0Hz)
 ERROR: Inalid SPI Clock frequency (0Hz)
 ERROR: Inalid SPI Clock frequency (0Hz)
 ERROR: Inalid SPI Clock frequency (0Hz)
 ERROR: Inalid SPI Clock frequency (0Hz)
 ERROR: Inalid SPI Clock frequency (0Hz)
 ERROR: Inalid SPI Clock frequency (0Hz)
 ERROR: Inalid SPI Clock frequency (0Hz)
 ERROR: Inalid SPI Clock frequency (0Hz)
 ERROR: Inalid SPI Clock frequency (0Hz)
 ERROR: Inalid SPI Clock frequency (0Hz)
 ERROR: Inalid SPI Clock frequency (0Hz)
 ERROR: Inalid SPI Clock frequency (0Hz)
 ERROR: Inalid SPI Clock frequency (0Hz)
 ERROR: Inalid SPI Clock frequency (0Hz)
 ERROR: Inalid SPI Clock frequency (0Hz)
 ERROR: Inalid SPI Clock frequency (0Hz)
 ERROR: Inalid SPI Clock frequency (0Hz)
 ERROR: Inalid SPI Clock frequency (0Hz)
 ERROR: Inalid SPI Clock frequency (0Hz)
 ERROR: Inalid SPI Clock frequency (0Hz)
 ERROR: Inalid SPI Clock frequency (0Hz)
 ERROR: Inalid SPI Clock frequency (0Hz)
 ERROR: Inalid SPI Clock frequency (0Hz)
 ERROR: Inalid SPI Clock frequency (0Hz)
 ERROR: Inalid SPI Clock frequency (0Hz)
 ERROR: Inalid SPI Clock frequency (0Hz)
 ERROR: Inalid SPI Clock frequency (0Hz)
 ERROR: Inalid SPI Clock frequency (0Hz)
 ERROR: Inalid SPI Clock frequency (0Hz)
 ERROR: Inalid SPI Clock frequency (0Hz)
 ERROR: Inalid SPI Clock frequency (0Hz)
 ERROR: Inalid SPI Clock frequency (0Hz)
 ERROR: Inalid SPI Clock frequency (0Hz)
 ERROR: Inalid SPI Clock frequency (0Hz)
 ERROR: Inalid SPI Clock frequency (0Hz)
 ERROR: Inalid SPI Clock frequency (0Hz)
 ERROR: Inalid SPI Clock frequency (0Hz)
 ERROR: Inalid SPI Clock frequency (0Hz)
 ERROR: Inalid SPI Clock frequency (0Hz)
 ERROR: Inalid SPI Clock frequency (0Hz)
 ERROR: Inalid SPI Clock frequency (0Hz)
 ERROR: Inalid SPI Clock frequency (0Hz)
 ERROR: Inalid SPI Clock frequency (0Hz)
 ERROR: Inalid SPI Clock frequency (0Hz)
 ERROR: Inalid SPI Clock frequency (0Hz)
 ERROR: Inalid SPI Clock frequency (0Hz)
 ERROR: Inalid SPI Clock frequency (0Hz)
 ERROR: Inalid SPI Clock frequency (0Hz)
 ERROR: Inalid SPI Clock frequency (0Hz)
 ERROR: Inalid SPI Clock frequency (0Hz)
 ERROR: Inalid SPI Clock frequency (0Hz)
 ERROR: Inalid SPI Clock frequency (0Hz)
 ERROR: Inalid SPI Clock frequency (0Hz)
 ERROR: Inalid SPI Clock frequency (0Hz)
 ERROR: Inalid SPI Clock frequency (0Hz)
 ERROR: Inalid SPI Clock frequency (0Hz)
 ERROR: Inalid SPI Clock frequency (0Hz)
 ERROR: Inalid SPI Clock frequency (0Hz)
 ERROR: Inalid SPI Clock frequency (0Hz)
 ERROR: Inalid SPI Clock frequency (0Hz)
 ERROR: Inalid SPI Clock frequency (0Hz)
 ERROR: Inalid SPI Clock frequency (0Hz)
 ERROR: Inalid SPI Clock frequency (0Hz)
 ERROR: Inalid SPI Clock frequency (0Hz)
 ERROR: Inalid SPI Clock frequency (0Hz)
 ERROR: Inalid SPI Clock frequency (0Hz)
 ERROR: Inalid SPI Clock frequency (0Hz)
 ERROR: Inalid SPI Clock frequency (0Hz)
 ERROR: Inalid SPI Clock frequency (0Hz)
 ERROR: Inalid SPI Clock frequency (0Hz)
 ERROR: Inalid SPI Clock frequency (0Hz)
 ERROR: Inalid SPI Clock frequency (0Hz)
 ERROR: Inalid SPI Clock frequency (0Hz)
 ERROR: Inalid SPI Clock frequency (0Hz)
 ERROR: Inalid SPI Clock frequency (0Hz)
 ERROR: Inalid SPI Clock frequency (0Hz)
 ERROR: Inalid SPI Clock frequency (0Hz)
 ERROR: Inalid SPI Clock frequency (0Hz)
 ERROR: Inalid SPI Clock frequency (0Hz)
 ERROR: Inalid SPI Clock frequency (0Hz)
 ERROR: Inalid SPI Clock frequency (0Hz)
 ERROR: Inalid SPI Clock frequency (0Hz)
 ERROR: Inalid SPI Clock frequency (0Hz)
 ERROR: Inalid SPI Clock frequency (0Hz)
 ERROR: Inalid SPI Clock frequency (0Hz)
 ERROR: Inalid SPI Clock frequency (0Hz)
 ERROR: Inalid SPI Clock frequency (0Hz)
 ERROR: Inalid SPI Clock frequency (0Hz)
 ERROR: Inalid SPI Clock frequency (0Hz)
 ERROR: Inalid SPI Clock frequency (0Hz)
 ERROR: Inalid SPI Clock frequency (0Hz)
 ERROR: Inalid SPI Clock frequency (0Hz)
 ERROR: Inalid SPI Clock frequency (0Hz)
 ERROR: Inalid SPI Clock frequency (0Hz)
 ERROR: Inalid SPI Clock frequency (0Hz)
 ERROR: Inalid SPI Clock frequency (0Hz)
 ERROR: Inalid SPI Clock frequency (0Hz)
 ERROR: Invalid Slave Address (04)
 ERROR: Invalid Slave Address (04)
 ERROR: Invalid Slave Address (04)
 ERROR: Invalid Slave Address (04)
 ERROR: Invalid Slave Address (04)
 ERROR: Invalid Slave Address (04)
 ERROR: Invalid Slave Address (04)
 ERROR: Invalid Slave Address (04)
 ERROR: Invalid Slave Address (04)
 ERROR: Invalid Slave Address (04)
 ERROR: Invalid Slave Address (04)
 ERROR: Invalid Slave Address (04)
 ERROR: Invalid Slave Address (04)
 ERROR: Invalid Slave Address (04)
 ERROR: Invalid Slave Address (04)
 ERROR: Invalid Slave Address (04)
 ERROR: Invalid Slave Address (04)
 ERROR: Invalid Slave Address (04)
 ERROR: Invalid Slave Address (04)
 ERROR: Invalid Slave Address (04)
 ERROR: Invalid Slave Address (04)
 ERROR: Invalid Slave Address (04)
 ERROR: Invalid Slave Address (04)
 ERROR: Invalid Slave Address (04)
 ERROR: Invalid Slave Address (04)
 ERROR: Invalid Slave Address (04)
 ERROR: Invalid Slave Address (04)
 ERROR: Invalid Slave Address (04)
 ERROR: Invalid Slave Address (04)
 ERROR: Invalid Slave Address (04)
 ERROR: Invalid Slave Address (04)
 ERROR: Invalid Slave Address (04)
 ERROR: Invalid Slave Address (04)
 ERROR: Invalid Slave Address (04)
 ERROR: Invalid Slave Address (04)
 ERROR: Invalid Slave Address (04)
 ERROR: Invalid Slave Address (04)
 ERROR: Invalid Slave Address (04)
 ERROR: Invalid Slave Address (04)
 ERROR: Invalid Slave Address (04)
 ERROR: Invalid Slave Address (05)
 ERROR: Invalid Slave Address (05)
 ERROR: Invalid Slave Address (05)
 ERROR: Invalid Slave Address (05)
 ERROR: Invalid Slave Address (05)
 ERROR: Invalid Slave Address (05)
 ERROR: Invalid Slave Address (05)
 ERROR: Invalid Slave Address (05)
 ERROR: Invalid Slave Address (05)
 ERROR: Invalid Slave Address (05)
 ERROR: Invalid Slave Address (05)
 ERROR: Invalid Slave Address (05)
 ERROR: Invalid Slave Address (05)
 ERROR: Invalid Slave Address (05)
 ERROR: Invalid Slave Address (05)
 ERROR: Invalid Slave Address (05)
 ERROR: Invalid Slave Address (05)
 ERROR: Invalid Slave Address (05)
 ERROR: Invalid Slave Address (05)
 ERROR: Invalid Slave Address (05)
 ERROR: Invalid Slave Address (05)
 ERROR: Invalid Slave Address (05)
 ERROR: Invalid Slave Address (05)
 ERROR: Invalid Slave Address (05)
 ERROR: Invalid Slave Address (05)
 ERROR: Invalid Slave Address (05)
 ERROR: Invalid Slave Address (05)
 ERROR: Invalid Slave Address (05)
 ERROR: Invalid Slave Address (05)
 ERROR: Invalid Slave Address (05)
 ERROR: Invalid Slave Address (05)
 ERROR: Invalid Slave Address (05)
 ERROR: Invalid Slave Address (05)
 ERROR: Invalid Slave Address (05)
 ERROR: Invalid Slave Address (05)
 ERROR: Invalid Slave Address (05)
 ERROR: Invalid Slave Address (05)
 ERROR: Invalid Slave Address (05)
 ERROR: Invalid Slave Address (05)
 ERROR: Invalid Slave Address (05)
 ERROR: Writing a read only register (Device ID)
 ERROR: Writing a read only register (Device ID)
 ERROR: Writing a read only register (Device ID)
 ERROR: Writing a read only register (Device ID)
 ERROR: Writing a read only register (Device ID)
Time=3912370030.000 ns 		 SPI_clock_frequency=3000Hz 		 SPI_MODE=0 		 Operation=Read  		 Data_Size=8 bits 		 Slave_address=0x00 		 Selected_Register=Device ID          		  Data_to_Write=0x0 		 Status=Pass
Time=3912370110.000 ns 		 SPI_clock_frequency=3000Hz 		 SPI_MODE=0 		 Operation=Read  		 Data_Size=8 bits 		 Slave_address=0x00 		 Selected_Register=Device ID          		  Data_to_Write=0x55 		 Status=Pass
Time=3912370190.000 ns 		 SPI_clock_frequency=3000Hz 		 SPI_MODE=0 		 Operation=Read  		 Data_Size=8 bits 		 Slave_address=0x00 		 Selected_Register=Device ID          		  Data_to_Write=0xaa 		 Status=Pass
Time=3912370270.000 ns 		 SPI_clock_frequency=3000Hz 		 SPI_MODE=0 		 Operation=Read  		 Data_Size=8 bits 		 Slave_address=0x00 		 Selected_Register=Device ID          		  Data_to_Write=0xbe 		 Status=Pass
Time=3912370350.000 ns 		 SPI_clock_frequency=3000Hz 		 SPI_MODE=0 		 Operation=Read  		 Data_Size=8 bits 		 Slave_address=0x00 		 Selected_Register=Device ID          		  Data_to_Write=0xff 		 Status=Pass
 ERROR: Writing a read only register (Device ID)
 ERROR: Writing a read only register (Device ID)
 ERROR: Writing a read only register (Device ID)
 ERROR: Writing a read only register (Device ID)
 ERROR: Writing a read only register (Device ID)
Time=3912370730.000 ns 		 SPI_clock_frequency=3000Hz 		 SPI_MODE=1 		 Operation=Read  		 Data_Size=8 bits 		 Slave_address=0x00 		 Selected_Register=Device ID          		  Data_to_Write=0x0 		 Status=Pass
Time=3912370810.000 ns 		 SPI_clock_frequency=3000Hz 		 SPI_MODE=1 		 Operation=Read  		 Data_Size=8 bits 		 Slave_address=0x00 		 Selected_Register=Device ID          		  Data_to_Write=0x55 		 Status=Pass
Time=3912370890.000 ns 		 SPI_clock_frequency=3000Hz 		 SPI_MODE=1 		 Operation=Read  		 Data_Size=8 bits 		 Slave_address=0x00 		 Selected_Register=Device ID          		  Data_to_Write=0xaa 		 Status=Pass
Time=3912370970.000 ns 		 SPI_clock_frequency=3000Hz 		 SPI_MODE=1 		 Operation=Read  		 Data_Size=8 bits 		 Slave_address=0x00 		 Selected_Register=Device ID          		  Data_to_Write=0xbe 		 Status=Pass
Time=3912371050.000 ns 		 SPI_clock_frequency=3000Hz 		 SPI_MODE=1 		 Operation=Read  		 Data_Size=8 bits 		 Slave_address=0x00 		 Selected_Register=Device ID          		  Data_to_Write=0xff 		 Status=Pass
 ERROR: Writing a read only register (Device ID)
 ERROR: Writing a read only register (Device ID)
 ERROR: Writing a read only register (Device ID)
 ERROR: Writing a read only register (Device ID)
 ERROR: Writing a read only register (Device ID)
Time=3912371430.000 ns 		 SPI_clock_frequency=3000Hz 		 SPI_MODE=2 		 Operation=Read  		 Data_Size=8 bits 		 Slave_address=0x00 		 Selected_Register=Device ID          		  Data_to_Write=0x0 		 Status=Pass
Time=3912371510.000 ns 		 SPI_clock_frequency=3000Hz 		 SPI_MODE=2 		 Operation=Read  		 Data_Size=8 bits 		 Slave_address=0x00 		 Selected_Register=Device ID          		  Data_to_Write=0x55 		 Status=Pass
Time=3912371590.000 ns 		 SPI_clock_frequency=3000Hz 		 SPI_MODE=2 		 Operation=Read  		 Data_Size=8 bits 		 Slave_address=0x00 		 Selected_Register=Device ID          		  Data_to_Write=0xaa 		 Status=Pass
Time=3912371670.000 ns 		 SPI_clock_frequency=3000Hz 		 SPI_MODE=2 		 Operation=Read  		 Data_Size=8 bits 		 Slave_address=0x00 		 Selected_Register=Device ID          		  Data_to_Write=0xbe 		 Status=Pass
Time=3912371750.000 ns 		 SPI_clock_frequency=3000Hz 		 SPI_MODE=2 		 Operation=Read  		 Data_Size=8 bits 		 Slave_address=0x00 		 Selected_Register=Device ID          		  Data_to_Write=0xff 		 Status=Pass
 ERROR: Writing a read only register (Device ID)
 ERROR: Writing a read only register (Device ID)
 ERROR: Writing a read only register (Device ID)
 ERROR: Writing a read only register (Device ID)
 ERROR: Writing a read only register (Device ID)
Time=3912372130.000 ns 		 SPI_clock_frequency=3000Hz 		 SPI_MODE=3 		 Operation=Read  		 Data_Size=8 bits 		 Slave_address=0x00 		 Selected_Register=Device ID          		  Data_to_Write=0x0 		 Status=Pass
Time=3912372210.000 ns 		 SPI_clock_frequency=3000Hz 		 SPI_MODE=3 		 Operation=Read  		 Data_Size=8 bits 		 Slave_address=0x00 		 Selected_Register=Device ID          		  Data_to_Write=0x55 		 Status=Pass
Time=3912372290.000 ns 		 SPI_clock_frequency=3000Hz 		 SPI_MODE=3 		 Operation=Read  		 Data_Size=8 bits 		 Slave_address=0x00 		 Selected_Register=Device ID          		  Data_to_Write=0xaa 		 Status=Pass
Time=3912372370.000 ns 		 SPI_clock_frequency=3000Hz 		 SPI_MODE=3 		 Operation=Read  		 Data_Size=8 bits 		 Slave_address=0x00 		 Selected_Register=Device ID          		  Data_to_Write=0xbe 		 Status=Pass
Time=3912372450.000 ns 		 SPI_clock_frequency=3000Hz 		 SPI_MODE=3 		 Operation=Read  		 Data_Size=8 bits 		 Slave_address=0x00 		 Selected_Register=Device ID          		  Data_to_Write=0xff 		 Status=Pass
Time=3912372530.000 ns 		 SPI_clock_frequency=3000Hz 		 SPI_MODE=0 		 Operation=Write 		 Data_Size=8 bits 		 Slave_address=0x01 		 Selected_Register=Control Register 		  Data_to_Write=0x0 		 Status=Pass
Time=3912372610.000 ns 		 SPI_clock_frequency=3000Hz 		 SPI_MODE=0 		 Operation=Write 		 Data_Size=8 bits 		 Slave_address=0x01 		 Selected_Register=Control Register 		  Data_to_Write=0x55 		 Status=Pass
Time=3912372690.000 ns 		 SPI_clock_frequency=3000Hz 		 SPI_MODE=0 		 Operation=Write 		 Data_Size=8 bits 		 Slave_address=0x01 		 Selected_Register=Control Register 		  Data_to_Write=0xaa 		 Status=Pass
Time=3912372770.000 ns 		 SPI_clock_frequency=3000Hz 		 SPI_MODE=0 		 Operation=Write 		 Data_Size=8 bits 		 Slave_address=0x01 		 Selected_Register=Control Register 		  Data_to_Write=0xbe 		 Status=Pass
Time=3912372850.000 ns 		 SPI_clock_frequency=3000Hz 		 SPI_MODE=0 		 Operation=Write 		 Data_Size=8 bits 		 Slave_address=0x01 		 Selected_Register=Control Register 		  Data_to_Write=0xff 		 Status=Pass
Time=3912372930.000 ns 		 SPI_clock_frequency=3000Hz 		 SPI_MODE=0 		 Operation=Read  		 Data_Size=8 bits 		 Slave_address=0x01 		 Selected_Register=Control Register 		  Data_to_Write=0x0 		 Status=Pass
Time=3912373010.000 ns 		 SPI_clock_frequency=3000Hz 		 SPI_MODE=0 		 Operation=Read  		 Data_Size=8 bits 		 Slave_address=0x01 		 Selected_Register=Control Register 		  Data_to_Write=0x55 		 Status=Pass
Time=3912373090.000 ns 		 SPI_clock_frequency=3000Hz 		 SPI_MODE=0 		 Operation=Read  		 Data_Size=8 bits 		 Slave_address=0x01 		 Selected_Register=Control Register 		  Data_to_Write=0xaa 		 Status=Pass
Time=3912373170.000 ns 		 SPI_clock_frequency=3000Hz 		 SPI_MODE=0 		 Operation=Read  		 Data_Size=8 bits 		 Slave_address=0x01 		 Selected_Register=Control Register 		  Data_to_Write=0xbe 		 Status=Pass
Time=3912373250.000 ns 		 SPI_clock_frequency=3000Hz 		 SPI_MODE=0 		 Operation=Read  		 Data_Size=8 bits 		 Slave_address=0x01 		 Selected_Register=Control Register 		  Data_to_Write=0xff 		 Status=Pass
Time=3912373330.000 ns 		 SPI_clock_frequency=3000Hz 		 SPI_MODE=1 		 Operation=Write 		 Data_Size=8 bits 		 Slave_address=0x01 		 Selected_Register=Control Register 		  Data_to_Write=0x0 		 Status=Pass
Time=3912373410.000 ns 		 SPI_clock_frequency=3000Hz 		 SPI_MODE=1 		 Operation=Write 		 Data_Size=8 bits 		 Slave_address=0x01 		 Selected_Register=Control Register 		  Data_to_Write=0x55 		 Status=Pass
Time=3912373490.000 ns 		 SPI_clock_frequency=3000Hz 		 SPI_MODE=1 		 Operation=Write 		 Data_Size=8 bits 		 Slave_address=0x01 		 Selected_Register=Control Register 		  Data_to_Write=0xaa 		 Status=Pass
Time=3912373570.000 ns 		 SPI_clock_frequency=3000Hz 		 SPI_MODE=1 		 Operation=Write 		 Data_Size=8 bits 		 Slave_address=0x01 		 Selected_Register=Control Register 		  Data_to_Write=0xbe 		 Status=Pass
Time=3912373650.000 ns 		 SPI_clock_frequency=3000Hz 		 SPI_MODE=1 		 Operation=Write 		 Data_Size=8 bits 		 Slave_address=0x01 		 Selected_Register=Control Register 		  Data_to_Write=0xff 		 Status=Pass
Time=3912373730.000 ns 		 SPI_clock_frequency=3000Hz 		 SPI_MODE=1 		 Operation=Read  		 Data_Size=8 bits 		 Slave_address=0x01 		 Selected_Register=Control Register 		  Data_to_Write=0x0 		 Status=Pass
Time=3912373810.000 ns 		 SPI_clock_frequency=3000Hz 		 SPI_MODE=1 		 Operation=Read  		 Data_Size=8 bits 		 Slave_address=0x01 		 Selected_Register=Control Register 		  Data_to_Write=0x55 		 Status=Pass
Time=3912373890.000 ns 		 SPI_clock_frequency=3000Hz 		 SPI_MODE=1 		 Operation=Read  		 Data_Size=8 bits 		 Slave_address=0x01 		 Selected_Register=Control Register 		  Data_to_Write=0xaa 		 Status=Pass
Time=3912373970.000 ns 		 SPI_clock_frequency=3000Hz 		 SPI_MODE=1 		 Operation=Read  		 Data_Size=8 bits 		 Slave_address=0x01 		 Selected_Register=Control Register 		  Data_to_Write=0xbe 		 Status=Pass
Time=3912374050.000 ns 		 SPI_clock_frequency=3000Hz 		 SPI_MODE=1 		 Operation=Read  		 Data_Size=8 bits 		 Slave_address=0x01 		 Selected_Register=Control Register 		  Data_to_Write=0xff 		 Status=Pass
Time=3912374130.000 ns 		 SPI_clock_frequency=3000Hz 		 SPI_MODE=2 		 Operation=Write 		 Data_Size=8 bits 		 Slave_address=0x01 		 Selected_Register=Control Register 		  Data_to_Write=0x0 		 Status=Pass
Time=3912374210.000 ns 		 SPI_clock_frequency=3000Hz 		 SPI_MODE=2 		 Operation=Write 		 Data_Size=8 bits 		 Slave_address=0x01 		 Selected_Register=Control Register 		  Data_to_Write=0x55 		 Status=Pass
Time=3912374290.000 ns 		 SPI_clock_frequency=3000Hz 		 SPI_MODE=2 		 Operation=Write 		 Data_Size=8 bits 		 Slave_address=0x01 		 Selected_Register=Control Register 		  Data_to_Write=0xaa 		 Status=Pass
Time=3912374370.000 ns 		 SPI_clock_frequency=3000Hz 		 SPI_MODE=2 		 Operation=Write 		 Data_Size=8 bits 		 Slave_address=0x01 		 Selected_Register=Control Register 		  Data_to_Write=0xbe 		 Status=Pass
Time=3912374450.000 ns 		 SPI_clock_frequency=3000Hz 		 SPI_MODE=2 		 Operation=Write 		 Data_Size=8 bits 		 Slave_address=0x01 		 Selected_Register=Control Register 		  Data_to_Write=0xff 		 Status=Pass
Time=3912374530.000 ns 		 SPI_clock_frequency=3000Hz 		 SPI_MODE=2 		 Operation=Read  		 Data_Size=8 bits 		 Slave_address=0x01 		 Selected_Register=Control Register 		  Data_to_Write=0x0 		 Status=Pass
Time=3912374610.000 ns 		 SPI_clock_frequency=3000Hz 		 SPI_MODE=2 		 Operation=Read  		 Data_Size=8 bits 		 Slave_address=0x01 		 Selected_Register=Control Register 		  Data_to_Write=0x55 		 Status=Pass
Time=3912374690.000 ns 		 SPI_clock_frequency=3000Hz 		 SPI_MODE=2 		 Operation=Read  		 Data_Size=8 bits 		 Slave_address=0x01 		 Selected_Register=Control Register 		  Data_to_Write=0xaa 		 Status=Pass
Time=3912374770.000 ns 		 SPI_clock_frequency=3000Hz 		 SPI_MODE=2 		 Operation=Read  		 Data_Size=8 bits 		 Slave_address=0x01 		 Selected_Register=Control Register 		  Data_to_Write=0xbe 		 Status=Pass
Time=3912374850.000 ns 		 SPI_clock_frequency=3000Hz 		 SPI_MODE=2 		 Operation=Read  		 Data_Size=8 bits 		 Slave_address=0x01 		 Selected_Register=Control Register 		  Data_to_Write=0xff 		 Status=Pass
Time=3912374930.000 ns 		 SPI_clock_frequency=3000Hz 		 SPI_MODE=3 		 Operation=Write 		 Data_Size=8 bits 		 Slave_address=0x01 		 Selected_Register=Control Register 		  Data_to_Write=0x0 		 Status=Pass
Time=3912375010.000 ns 		 SPI_clock_frequency=3000Hz 		 SPI_MODE=3 		 Operation=Write 		 Data_Size=8 bits 		 Slave_address=0x01 		 Selected_Register=Control Register 		  Data_to_Write=0x55 		 Status=Pass
Time=3912375090.000 ns 		 SPI_clock_frequency=3000Hz 		 SPI_MODE=3 		 Operation=Write 		 Data_Size=8 bits 		 Slave_address=0x01 		 Selected_Register=Control Register 		  Data_to_Write=0xaa 		 Status=Pass
Time=3912375170.000 ns 		 SPI_clock_frequency=3000Hz 		 SPI_MODE=3 		 Operation=Write 		 Data_Size=8 bits 		 Slave_address=0x01 		 Selected_Register=Control Register 		  Data_to_Write=0xbe 		 Status=Pass
Time=3912375250.000 ns 		 SPI_clock_frequency=3000Hz 		 SPI_MODE=3 		 Operation=Write 		 Data_Size=8 bits 		 Slave_address=0x01 		 Selected_Register=Control Register 		  Data_to_Write=0xff 		 Status=Pass
Time=3912375330.000 ns 		 SPI_clock_frequency=3000Hz 		 SPI_MODE=3 		 Operation=Read  		 Data_Size=8 bits 		 Slave_address=0x01 		 Selected_Register=Control Register 		  Data_to_Write=0x0 		 Status=Pass
Time=3912375410.000 ns 		 SPI_clock_frequency=3000Hz 		 SPI_MODE=3 		 Operation=Read  		 Data_Size=8 bits 		 Slave_address=0x01 		 Selected_Register=Control Register 		  Data_to_Write=0x55 		 Status=Pass
Time=3912375490.000 ns 		 SPI_clock_frequency=3000Hz 		 SPI_MODE=3 		 Operation=Read  		 Data_Size=8 bits 		 Slave_address=0x01 		 Selected_Register=Control Register 		  Data_to_Write=0xaa 		 Status=Pass
Time=3912375570.000 ns 		 SPI_clock_frequency=3000Hz 		 SPI_MODE=3 		 Operation=Read  		 Data_Size=8 bits 		 Slave_address=0x01 		 Selected_Register=Control Register 		  Data_to_Write=0xbe 		 Status=Pass
Time=3912375650.000 ns 		 SPI_clock_frequency=3000Hz 		 SPI_MODE=3 		 Operation=Read  		 Data_Size=8 bits 		 Slave_address=0x01 		 Selected_Register=Control Register 		  Data_to_Write=0xff 		 Status=Pass
Time=3912375730.000 ns 		 SPI_clock_frequency=3000Hz 		 SPI_MODE=0 		 Operation=Write 		 Data_Size=8 bits 		 Slave_address=0x02 		 Selected_Register=Status Register    		  Data_to_Write=0x0 		 Status=Pass
Time=3912375810.000 ns 		 SPI_clock_frequency=3000Hz 		 SPI_MODE=0 		 Operation=Write 		 Data_Size=8 bits 		 Slave_address=0x02 		 Selected_Register=Status Register    		  Data_to_Write=0x55 		 Status=Pass
Time=3912375890.000 ns 		 SPI_clock_frequency=3000Hz 		 SPI_MODE=0 		 Operation=Write 		 Data_Size=8 bits 		 Slave_address=0x02 		 Selected_Register=Status Register    		  Data_to_Write=0xaa 		 Status=Pass
Time=3912375970.000 ns 		 SPI_clock_frequency=3000Hz 		 SPI_MODE=0 		 Operation=Write 		 Data_Size=8 bits 		 Slave_address=0x02 		 Selected_Register=Status Register    		  Data_to_Write=0xbe 		 Status=Pass
Time=3912376050.000 ns 		 SPI_clock_frequency=3000Hz 		 SPI_MODE=0 		 Operation=Write 		 Data_Size=8 bits 		 Slave_address=0x02 		 Selected_Register=Status Register    		  Data_to_Write=0xff 		 Status=Pass
Time=3912376130.000 ns 		 SPI_clock_frequency=3000Hz 		 SPI_MODE=0 		 Operation=Read  		 Data_Size=8 bits 		 Slave_address=0x02 		 Selected_Register=Status Register     		  Data_to_Write=0x0 		 Status=Pass
Time=3912376210.000 ns 		 SPI_clock_frequency=3000Hz 		 SPI_MODE=0 		 Operation=Read  		 Data_Size=8 bits 		 Slave_address=0x02 		 Selected_Register=Status Register     		  Data_to_Write=0x55 		 Status=Pass
Time=3912376290.000 ns 		 SPI_clock_frequency=3000Hz 		 SPI_MODE=0 		 Operation=Read  		 Data_Size=8 bits 		 Slave_address=0x02 		 Selected_Register=Status Register     		  Data_to_Write=0xaa 		 Status=Pass
Time=3912376370.000 ns 		 SPI_clock_frequency=3000Hz 		 SPI_MODE=0 		 Operation=Read  		 Data_Size=8 bits 		 Slave_address=0x02 		 Selected_Register=Status Register     		  Data_to_Write=0xbe 		 Status=Pass
Time=3912376450.000 ns 		 SPI_clock_frequency=3000Hz 		 SPI_MODE=0 		 Operation=Read  		 Data_Size=8 bits 		 Slave_address=0x02 		 Selected_Register=Status Register     		  Data_to_Write=0xff 		 Status=Pass
Time=3912376530.000 ns 		 SPI_clock_frequency=3000Hz 		 SPI_MODE=1 		 Operation=Write 		 Data_Size=8 bits 		 Slave_address=0x02 		 Selected_Register=Status Register    		  Data_to_Write=0x0 		 Status=Pass
Time=3912376610.000 ns 		 SPI_clock_frequency=3000Hz 		 SPI_MODE=1 		 Operation=Write 		 Data_Size=8 bits 		 Slave_address=0x02 		 Selected_Register=Status Register    		  Data_to_Write=0x55 		 Status=Pass
Time=3912376690.000 ns 		 SPI_clock_frequency=3000Hz 		 SPI_MODE=1 		 Operation=Write 		 Data_Size=8 bits 		 Slave_address=0x02 		 Selected_Register=Status Register    		  Data_to_Write=0xaa 		 Status=Pass
Time=3912376770.000 ns 		 SPI_clock_frequency=3000Hz 		 SPI_MODE=1 		 Operation=Write 		 Data_Size=8 bits 		 Slave_address=0x02 		 Selected_Register=Status Register    		  Data_to_Write=0xbe 		 Status=Pass
Time=3912376850.000 ns 		 SPI_clock_frequency=3000Hz 		 SPI_MODE=1 		 Operation=Write 		 Data_Size=8 bits 		 Slave_address=0x02 		 Selected_Register=Status Register    		  Data_to_Write=0xff 		 Status=Pass
Time=3912376930.000 ns 		 SPI_clock_frequency=3000Hz 		 SPI_MODE=1 		 Operation=Read  		 Data_Size=8 bits 		 Slave_address=0x02 		 Selected_Register=Status Register     		  Data_to_Write=0x0 		 Status=Pass
Time=3912377010.000 ns 		 SPI_clock_frequency=3000Hz 		 SPI_MODE=1 		 Operation=Read  		 Data_Size=8 bits 		 Slave_address=0x02 		 Selected_Register=Status Register     		  Data_to_Write=0x55 		 Status=Pass
Time=3912377090.000 ns 		 SPI_clock_frequency=3000Hz 		 SPI_MODE=1 		 Operation=Read  		 Data_Size=8 bits 		 Slave_address=0x02 		 Selected_Register=Status Register     		  Data_to_Write=0xaa 		 Status=Pass
Time=3912377170.000 ns 		 SPI_clock_frequency=3000Hz 		 SPI_MODE=1 		 Operation=Read  		 Data_Size=8 bits 		 Slave_address=0x02 		 Selected_Register=Status Register     		  Data_to_Write=0xbe 		 Status=Pass
Time=3912377250.000 ns 		 SPI_clock_frequency=3000Hz 		 SPI_MODE=1 		 Operation=Read  		 Data_Size=8 bits 		 Slave_address=0x02 		 Selected_Register=Status Register     		  Data_to_Write=0xff 		 Status=Pass
Time=3912377330.000 ns 		 SPI_clock_frequency=3000Hz 		 SPI_MODE=2 		 Operation=Write 		 Data_Size=8 bits 		 Slave_address=0x02 		 Selected_Register=Status Register    		  Data_to_Write=0x0 		 Status=Pass
Time=3912377410.000 ns 		 SPI_clock_frequency=3000Hz 		 SPI_MODE=2 		 Operation=Write 		 Data_Size=8 bits 		 Slave_address=0x02 		 Selected_Register=Status Register    		  Data_to_Write=0x55 		 Status=Pass
Time=3912377490.000 ns 		 SPI_clock_frequency=3000Hz 		 SPI_MODE=2 		 Operation=Write 		 Data_Size=8 bits 		 Slave_address=0x02 		 Selected_Register=Status Register    		  Data_to_Write=0xaa 		 Status=Pass
Time=3912377570.000 ns 		 SPI_clock_frequency=3000Hz 		 SPI_MODE=2 		 Operation=Write 		 Data_Size=8 bits 		 Slave_address=0x02 		 Selected_Register=Status Register    		  Data_to_Write=0xbe 		 Status=Pass
Time=3912377650.000 ns 		 SPI_clock_frequency=3000Hz 		 SPI_MODE=2 		 Operation=Write 		 Data_Size=8 bits 		 Slave_address=0x02 		 Selected_Register=Status Register    		  Data_to_Write=0xff 		 Status=Pass
Time=3912377730.000 ns 		 SPI_clock_frequency=3000Hz 		 SPI_MODE=2 		 Operation=Read  		 Data_Size=8 bits 		 Slave_address=0x02 		 Selected_Register=Status Register     		  Data_to_Write=0x0 		 Status=Pass
Time=3912377810.000 ns 		 SPI_clock_frequency=3000Hz 		 SPI_MODE=2 		 Operation=Read  		 Data_Size=8 bits 		 Slave_address=0x02 		 Selected_Register=Status Register     		  Data_to_Write=0x55 		 Status=Pass
Time=3912377890.000 ns 		 SPI_clock_frequency=3000Hz 		 SPI_MODE=2 		 Operation=Read  		 Data_Size=8 bits 		 Slave_address=0x02 		 Selected_Register=Status Register     		  Data_to_Write=0xaa 		 Status=Pass
Time=3912377970.000 ns 		 SPI_clock_frequency=3000Hz 		 SPI_MODE=2 		 Operation=Read  		 Data_Size=8 bits 		 Slave_address=0x02 		 Selected_Register=Status Register     		  Data_to_Write=0xbe 		 Status=Pass
Time=3912378050.000 ns 		 SPI_clock_frequency=3000Hz 		 SPI_MODE=2 		 Operation=Read  		 Data_Size=8 bits 		 Slave_address=0x02 		 Selected_Register=Status Register     		  Data_to_Write=0xff 		 Status=Pass
Time=3912378130.000 ns 		 SPI_clock_frequency=3000Hz 		 SPI_MODE=3 		 Operation=Write 		 Data_Size=8 bits 		 Slave_address=0x02 		 Selected_Register=Status Register    		  Data_to_Write=0x0 		 Status=Pass
Time=3912378210.000 ns 		 SPI_clock_frequency=3000Hz 		 SPI_MODE=3 		 Operation=Write 		 Data_Size=8 bits 		 Slave_address=0x02 		 Selected_Register=Status Register    		  Data_to_Write=0x55 		 Status=Pass
Time=3912378290.000 ns 		 SPI_clock_frequency=3000Hz 		 SPI_MODE=3 		 Operation=Write 		 Data_Size=8 bits 		 Slave_address=0x02 		 Selected_Register=Status Register    		  Data_to_Write=0xaa 		 Status=Pass
Time=3912378370.000 ns 		 SPI_clock_frequency=3000Hz 		 SPI_MODE=3 		 Operation=Write 		 Data_Size=8 bits 		 Slave_address=0x02 		 Selected_Register=Status Register    		  Data_to_Write=0xbe 		 Status=Pass
Time=3912378450.000 ns 		 SPI_clock_frequency=3000Hz 		 SPI_MODE=3 		 Operation=Write 		 Data_Size=8 bits 		 Slave_address=0x02 		 Selected_Register=Status Register    		  Data_to_Write=0xff 		 Status=Pass
Time=3912378530.000 ns 		 SPI_clock_frequency=3000Hz 		 SPI_MODE=3 		 Operation=Read  		 Data_Size=8 bits 		 Slave_address=0x02 		 Selected_Register=Status Register     		  Data_to_Write=0x0 		 Status=Pass
Time=3912378610.000 ns 		 SPI_clock_frequency=3000Hz 		 SPI_MODE=3 		 Operation=Read  		 Data_Size=8 bits 		 Slave_address=0x02 		 Selected_Register=Status Register     		  Data_to_Write=0x55 		 Status=Pass
Time=3912378690.000 ns 		 SPI_clock_frequency=3000Hz 		 SPI_MODE=3 		 Operation=Read  		 Data_Size=8 bits 		 Slave_address=0x02 		 Selected_Register=Status Register     		  Data_to_Write=0xaa 		 Status=Pass
Time=3912378770.000 ns 		 SPI_clock_frequency=3000Hz 		 SPI_MODE=3 		 Operation=Read  		 Data_Size=8 bits 		 Slave_address=0x02 		 Selected_Register=Status Register     		  Data_to_Write=0xbe 		 Status=Pass
Time=3912378850.000 ns 		 SPI_clock_frequency=3000Hz 		 SPI_MODE=3 		 Operation=Read  		 Data_Size=8 bits 		 Slave_address=0x02 		 Selected_Register=Status Register     		  Data_to_Write=0xff 		 Status=Pass
Time=3912378930.000 ns 		 SPI_clock_frequency=3000Hz 		 SPI_MODE=0 		 Operation=Write 		 Data_Size=8 bits 		 Slave_address=0x03 		 Selected_Register=Data Register      		  Data_to_Write=0x0 		 Status=Pass
Time=3912379010.000 ns 		 SPI_clock_frequency=3000Hz 		 SPI_MODE=0 		 Operation=Write 		 Data_Size=8 bits 		 Slave_address=0x03 		 Selected_Register=Data Register      		  Data_to_Write=0x55 		 Status=Pass
Time=3912379090.000 ns 		 SPI_clock_frequency=3000Hz 		 SPI_MODE=0 		 Operation=Write 		 Data_Size=8 bits 		 Slave_address=0x03 		 Selected_Register=Data Register      		  Data_to_Write=0xaa 		 Status=Pass
Time=3912379170.000 ns 		 SPI_clock_frequency=3000Hz 		 SPI_MODE=0 		 Operation=Write 		 Data_Size=8 bits 		 Slave_address=0x03 		 Selected_Register=Data Register      		  Data_to_Write=0xbe 		 Status=Pass
Time=3912379250.000 ns 		 SPI_clock_frequency=3000Hz 		 SPI_MODE=0 		 Operation=Write 		 Data_Size=8 bits 		 Slave_address=0x03 		 Selected_Register=Data Register      		  Data_to_Write=0xff 		 Status=Pass
Time=3912379330.000 ns 		 SPI_clock_frequency=3000Hz 		 SPI_MODE=0 		 Operation=Read  		 Data_Size=8 bits 		 Slave_address=0x03 		 Selected_Register=Data Register       		  Data_to_Write=0x0 		 Status=Pass
Time=3912379410.000 ns 		 SPI_clock_frequency=3000Hz 		 SPI_MODE=0 		 Operation=Read  		 Data_Size=8 bits 		 Slave_address=0x03 		 Selected_Register=Data Register       		  Data_to_Write=0x55 		 Status=Pass
Time=3912379490.000 ns 		 SPI_clock_frequency=3000Hz 		 SPI_MODE=0 		 Operation=Read  		 Data_Size=8 bits 		 Slave_address=0x03 		 Selected_Register=Data Register       		  Data_to_Write=0xaa 		 Status=Pass
Time=3912379570.000 ns 		 SPI_clock_frequency=3000Hz 		 SPI_MODE=0 		 Operation=Read  		 Data_Size=8 bits 		 Slave_address=0x03 		 Selected_Register=Data Register       		  Data_to_Write=0xbe 		 Status=Pass
Time=3912379650.000 ns 		 SPI_clock_frequency=3000Hz 		 SPI_MODE=0 		 Operation=Read  		 Data_Size=8 bits 		 Slave_address=0x03 		 Selected_Register=Data Register       		  Data_to_Write=0xff 		 Status=Pass
Time=3912379730.000 ns 		 SPI_clock_frequency=3000Hz 		 SPI_MODE=1 		 Operation=Write 		 Data_Size=8 bits 		 Slave_address=0x03 		 Selected_Register=Data Register      		  Data_to_Write=0x0 		 Status=Pass
Time=3912379810.000 ns 		 SPI_clock_frequency=3000Hz 		 SPI_MODE=1 		 Operation=Write 		 Data_Size=8 bits 		 Slave_address=0x03 		 Selected_Register=Data Register      		  Data_to_Write=0x55 		 Status=Pass
Time=3912379890.000 ns 		 SPI_clock_frequency=3000Hz 		 SPI_MODE=1 		 Operation=Write 		 Data_Size=8 bits 		 Slave_address=0x03 		 Selected_Register=Data Register      		  Data_to_Write=0xaa 		 Status=Pass
Time=3912379970.000 ns 		 SPI_clock_frequency=3000Hz 		 SPI_MODE=1 		 Operation=Write 		 Data_Size=8 bits 		 Slave_address=0x03 		 Selected_Register=Data Register      		  Data_to_Write=0xbe 		 Status=Pass
Time=3912380050.000 ns 		 SPI_clock_frequency=3000Hz 		 SPI_MODE=1 		 Operation=Write 		 Data_Size=8 bits 		 Slave_address=0x03 		 Selected_Register=Data Register      		  Data_to_Write=0xff 		 Status=Pass
Time=3912380130.000 ns 		 SPI_clock_frequency=3000Hz 		 SPI_MODE=1 		 Operation=Read  		 Data_Size=8 bits 		 Slave_address=0x03 		 Selected_Register=Data Register       		  Data_to_Write=0x0 		 Status=Pass
Time=3912380210.000 ns 		 SPI_clock_frequency=3000Hz 		 SPI_MODE=1 		 Operation=Read  		 Data_Size=8 bits 		 Slave_address=0x03 		 Selected_Register=Data Register       		  Data_to_Write=0x55 		 Status=Pass
Time=3912380290.000 ns 		 SPI_clock_frequency=3000Hz 		 SPI_MODE=1 		 Operation=Read  		 Data_Size=8 bits 		 Slave_address=0x03 		 Selected_Register=Data Register       		  Data_to_Write=0xaa 		 Status=Pass
Time=3912380370.000 ns 		 SPI_clock_frequency=3000Hz 		 SPI_MODE=1 		 Operation=Read  		 Data_Size=8 bits 		 Slave_address=0x03 		 Selected_Register=Data Register       		  Data_to_Write=0xbe 		 Status=Pass
Time=3912380450.000 ns 		 SPI_clock_frequency=3000Hz 		 SPI_MODE=1 		 Operation=Read  		 Data_Size=8 bits 		 Slave_address=0x03 		 Selected_Register=Data Register       		  Data_to_Write=0xff 		 Status=Pass
Time=3912380530.000 ns 		 SPI_clock_frequency=3000Hz 		 SPI_MODE=2 		 Operation=Write 		 Data_Size=8 bits 		 Slave_address=0x03 		 Selected_Register=Data Register      		  Data_to_Write=0x0 		 Status=Pass
Time=3912380610.000 ns 		 SPI_clock_frequency=3000Hz 		 SPI_MODE=2 		 Operation=Write 		 Data_Size=8 bits 		 Slave_address=0x03 		 Selected_Register=Data Register      		  Data_to_Write=0x55 		 Status=Pass
Time=3912380690.000 ns 		 SPI_clock_frequency=3000Hz 		 SPI_MODE=2 		 Operation=Write 		 Data_Size=8 bits 		 Slave_address=0x03 		 Selected_Register=Data Register      		  Data_to_Write=0xaa 		 Status=Pass
Time=3912380770.000 ns 		 SPI_clock_frequency=3000Hz 		 SPI_MODE=2 		 Operation=Write 		 Data_Size=8 bits 		 Slave_address=0x03 		 Selected_Register=Data Register      		  Data_to_Write=0xbe 		 Status=Pass
Time=3912380850.000 ns 		 SPI_clock_frequency=3000Hz 		 SPI_MODE=2 		 Operation=Write 		 Data_Size=8 bits 		 Slave_address=0x03 		 Selected_Register=Data Register      		  Data_to_Write=0xff 		 Status=Pass
Time=3912380930.000 ns 		 SPI_clock_frequency=3000Hz 		 SPI_MODE=2 		 Operation=Read  		 Data_Size=8 bits 		 Slave_address=0x03 		 Selected_Register=Data Register       		  Data_to_Write=0x0 		 Status=Pass
Time=3912381010.000 ns 		 SPI_clock_frequency=3000Hz 		 SPI_MODE=2 		 Operation=Read  		 Data_Size=8 bits 		 Slave_address=0x03 		 Selected_Register=Data Register       		  Data_to_Write=0x55 		 Status=Pass
Time=3912381090.000 ns 		 SPI_clock_frequency=3000Hz 		 SPI_MODE=2 		 Operation=Read  		 Data_Size=8 bits 		 Slave_address=0x03 		 Selected_Register=Data Register       		  Data_to_Write=0xaa 		 Status=Pass
Time=3912381170.000 ns 		 SPI_clock_frequency=3000Hz 		 SPI_MODE=2 		 Operation=Read  		 Data_Size=8 bits 		 Slave_address=0x03 		 Selected_Register=Data Register       		  Data_to_Write=0xbe 		 Status=Pass
Time=3912381250.000 ns 		 SPI_clock_frequency=3000Hz 		 SPI_MODE=2 		 Operation=Read  		 Data_Size=8 bits 		 Slave_address=0x03 		 Selected_Register=Data Register       		  Data_to_Write=0xff 		 Status=Pass
Time=3912381330.000 ns 		 SPI_clock_frequency=3000Hz 		 SPI_MODE=3 		 Operation=Write 		 Data_Size=8 bits 		 Slave_address=0x03 		 Selected_Register=Data Register      		  Data_to_Write=0x0 		 Status=Pass
Time=3912381410.000 ns 		 SPI_clock_frequency=3000Hz 		 SPI_MODE=3 		 Operation=Write 		 Data_Size=8 bits 		 Slave_address=0x03 		 Selected_Register=Data Register      		  Data_to_Write=0x55 		 Status=Pass
Time=3912381490.000 ns 		 SPI_clock_frequency=3000Hz 		 SPI_MODE=3 		 Operation=Write 		 Data_Size=8 bits 		 Slave_address=0x03 		 Selected_Register=Data Register      		  Data_to_Write=0xaa 		 Status=Pass
Time=3912381570.000 ns 		 SPI_clock_frequency=3000Hz 		 SPI_MODE=3 		 Operation=Write 		 Data_Size=8 bits 		 Slave_address=0x03 		 Selected_Register=Data Register      		  Data_to_Write=0xbe 		 Status=Pass
Time=3912381650.000 ns 		 SPI_clock_frequency=3000Hz 		 SPI_MODE=3 		 Operation=Write 		 Data_Size=8 bits 		 Slave_address=0x03 		 Selected_Register=Data Register      		  Data_to_Write=0xff 		 Status=Pass
Time=3912381730.000 ns 		 SPI_clock_frequency=3000Hz 		 SPI_MODE=3 		 Operation=Read  		 Data_Size=8 bits 		 Slave_address=0x03 		 Selected_Register=Data Register       		  Data_to_Write=0x0 		 Status=Pass
Time=3912381810.000 ns 		 SPI_clock_frequency=3000Hz 		 SPI_MODE=3 		 Operation=Read  		 Data_Size=8 bits 		 Slave_address=0x03 		 Selected_Register=Data Register       		  Data_to_Write=0x55 		 Status=Pass
Time=3912381890.000 ns 		 SPI_clock_frequency=3000Hz 		 SPI_MODE=3 		 Operation=Read  		 Data_Size=8 bits 		 Slave_address=0x03 		 Selected_Register=Data Register       		  Data_to_Write=0xaa 		 Status=Pass
Time=3912381970.000 ns 		 SPI_clock_frequency=3000Hz 		 SPI_MODE=3 		 Operation=Read  		 Data_Size=8 bits 		 Slave_address=0x03 		 Selected_Register=Data Register       		  Data_to_Write=0xbe 		 Status=Pass
Time=3912382050.000 ns 		 SPI_clock_frequency=3000Hz 		 SPI_MODE=3 		 Operation=Read  		 Data_Size=8 bits 		 Slave_address=0x03 		 Selected_Register=Data Register       		  Data_to_Write=0xff 		 Status=Pass
 ERROR: Invalid Slave Address (04)
 ERROR: Invalid Slave Address (04)
 ERROR: Invalid Slave Address (04)
 ERROR: Invalid Slave Address (04)
 ERROR: Invalid Slave Address (04)
 ERROR: Invalid Slave Address (04)
 ERROR: Invalid Slave Address (04)
 ERROR: Invalid Slave Address (04)
 ERROR: Invalid Slave Address (04)
 ERROR: Invalid Slave Address (04)
 ERROR: Invalid Slave Address (04)
 ERROR: Invalid Slave Address (04)
 ERROR: Invalid Slave Address (04)
 ERROR: Invalid Slave Address (04)
 ERROR: Invalid Slave Address (04)
 ERROR: Invalid Slave Address (04)
 ERROR: Invalid Slave Address (04)
 ERROR: Invalid Slave Address (04)
 ERROR: Invalid Slave Address (04)
 ERROR: Invalid Slave Address (04)
 ERROR: Invalid Slave Address (04)
 ERROR: Invalid Slave Address (04)
 ERROR: Invalid Slave Address (04)
 ERROR: Invalid Slave Address (04)
 ERROR: Invalid Slave Address (04)
 ERROR: Invalid Slave Address (04)
 ERROR: Invalid Slave Address (04)
 ERROR: Invalid Slave Address (04)
 ERROR: Invalid Slave Address (04)
 ERROR: Invalid Slave Address (04)
 ERROR: Invalid Slave Address (04)
 ERROR: Invalid Slave Address (04)
 ERROR: Invalid Slave Address (04)
 ERROR: Invalid Slave Address (04)
 ERROR: Invalid Slave Address (04)
 ERROR: Invalid Slave Address (04)
 ERROR: Invalid Slave Address (04)
 ERROR: Invalid Slave Address (04)
 ERROR: Invalid Slave Address (04)
 ERROR: Invalid Slave Address (04)
 ERROR: Invalid Slave Address (05)
 ERROR: Invalid Slave Address (05)
 ERROR: Invalid Slave Address (05)
 ERROR: Invalid Slave Address (05)
 ERROR: Invalid Slave Address (05)
 ERROR: Invalid Slave Address (05)
 ERROR: Invalid Slave Address (05)
 ERROR: Invalid Slave Address (05)
 ERROR: Invalid Slave Address (05)
 ERROR: Invalid Slave Address (05)
 ERROR: Invalid Slave Address (05)
 ERROR: Invalid Slave Address (05)
 ERROR: Invalid Slave Address (05)
 ERROR: Invalid Slave Address (05)
 ERROR: Invalid Slave Address (05)
 ERROR: Invalid Slave Address (05)
 ERROR: Invalid Slave Address (05)
 ERROR: Invalid Slave Address (05)
 ERROR: Invalid Slave Address (05)
 ERROR: Invalid Slave Address (05)
 ERROR: Invalid Slave Address (05)
 ERROR: Invalid Slave Address (05)
 ERROR: Invalid Slave Address (05)
 ERROR: Invalid Slave Address (05)
 ERROR: Invalid Slave Address (05)
 ERROR: Invalid Slave Address (05)
 ERROR: Invalid Slave Address (05)
 ERROR: Invalid Slave Address (05)
 ERROR: Invalid Slave Address (05)
 ERROR: Invalid Slave Address (05)
 ERROR: Invalid Slave Address (05)
 ERROR: Invalid Slave Address (05)
 ERROR: Invalid Slave Address (05)
 ERROR: Invalid Slave Address (05)
 ERROR: Invalid Slave Address (05)
 ERROR: Invalid Slave Address (05)
 ERROR: Invalid Slave Address (05)
 ERROR: Invalid Slave Address (05)
 ERROR: Invalid Slave Address (05)
 ERROR: Invalid Slave Address (05)
 ERROR: Writing a read only register (Device ID)
 ERROR: Writing a read only register (Device ID)
 ERROR: Writing a read only register (Device ID)
 ERROR: Writing a read only register (Device ID)
 ERROR: Writing a read only register (Device ID)
Time=3912387230.000 ns 		 SPI_clock_frequency=3000Hz 		 SPI_MODE=0 		 Operation=Read  		 Data_Size=16 bits 		 Slave_address=0x00 		 Selected_Register=Device ID          		  Data_to_Write=0x0 		 Status=Pass
Time=3912387310.000 ns 		 SPI_clock_frequency=3000Hz 		 SPI_MODE=0 		 Operation=Read  		 Data_Size=16 bits 		 Slave_address=0x00 		 Selected_Register=Device ID          		  Data_to_Write=0x5555 		 Status=Pass
Time=3912387390.000 ns 		 SPI_clock_frequency=3000Hz 		 SPI_MODE=0 		 Operation=Read  		 Data_Size=16 bits 		 Slave_address=0x00 		 Selected_Register=Device ID          		  Data_to_Write=0xaaaa 		 Status=Pass
Time=3912387470.000 ns 		 SPI_clock_frequency=3000Hz 		 SPI_MODE=0 		 Operation=Read  		 Data_Size=16 bits 		 Slave_address=0x00 		 Selected_Register=Device ID          		  Data_to_Write=0x3478 		 Status=Pass
Time=3912387550.000 ns 		 SPI_clock_frequency=3000Hz 		 SPI_MODE=0 		 Operation=Read  		 Data_Size=16 bits 		 Slave_address=0x00 		 Selected_Register=Device ID          		  Data_to_Write=0xffff 		 Status=Pass
 ERROR: Writing a read only register (Device ID)
 ERROR: Writing a read only register (Device ID)
 ERROR: Writing a read only register (Device ID)
 ERROR: Writing a read only register (Device ID)
 ERROR: Writing a read only register (Device ID)
Time=3912387930.000 ns 		 SPI_clock_frequency=3000Hz 		 SPI_MODE=1 		 Operation=Read  		 Data_Size=16 bits 		 Slave_address=0x00 		 Selected_Register=Device ID          		  Data_to_Write=0x0 		 Status=Pass
Time=3912388010.000 ns 		 SPI_clock_frequency=3000Hz 		 SPI_MODE=1 		 Operation=Read  		 Data_Size=16 bits 		 Slave_address=0x00 		 Selected_Register=Device ID          		  Data_to_Write=0x5555 		 Status=Pass
Time=3912388090.000 ns 		 SPI_clock_frequency=3000Hz 		 SPI_MODE=1 		 Operation=Read  		 Data_Size=16 bits 		 Slave_address=0x00 		 Selected_Register=Device ID          		  Data_to_Write=0xaaaa 		 Status=Pass
Time=3912388170.000 ns 		 SPI_clock_frequency=3000Hz 		 SPI_MODE=1 		 Operation=Read  		 Data_Size=16 bits 		 Slave_address=0x00 		 Selected_Register=Device ID          		  Data_to_Write=0x3478 		 Status=Pass
Time=3912388250.000 ns 		 SPI_clock_frequency=3000Hz 		 SPI_MODE=1 		 Operation=Read  		 Data_Size=16 bits 		 Slave_address=0x00 		 Selected_Register=Device ID          		  Data_to_Write=0xffff 		 Status=Pass
 ERROR: Writing a read only register (Device ID)
 ERROR: Writing a read only register (Device ID)
 ERROR: Writing a read only register (Device ID)
 ERROR: Writing a read only register (Device ID)
 ERROR: Writing a read only register (Device ID)
Time=3912388630.000 ns 		 SPI_clock_frequency=3000Hz 		 SPI_MODE=2 		 Operation=Read  		 Data_Size=16 bits 		 Slave_address=0x00 		 Selected_Register=Device ID          		  Data_to_Write=0x0 		 Status=Pass
Time=3912388710.000 ns 		 SPI_clock_frequency=3000Hz 		 SPI_MODE=2 		 Operation=Read  		 Data_Size=16 bits 		 Slave_address=0x00 		 Selected_Register=Device ID          		  Data_to_Write=0x5555 		 Status=Pass
Time=3912388790.000 ns 		 SPI_clock_frequency=3000Hz 		 SPI_MODE=2 		 Operation=Read  		 Data_Size=16 bits 		 Slave_address=0x00 		 Selected_Register=Device ID          		  Data_to_Write=0xaaaa 		 Status=Pass
Time=3912388870.000 ns 		 SPI_clock_frequency=3000Hz 		 SPI_MODE=2 		 Operation=Read  		 Data_Size=16 bits 		 Slave_address=0x00 		 Selected_Register=Device ID          		  Data_to_Write=0x3478 		 Status=Pass
Time=3912388950.000 ns 		 SPI_clock_frequency=3000Hz 		 SPI_MODE=2 		 Operation=Read  		 Data_Size=16 bits 		 Slave_address=0x00 		 Selected_Register=Device ID          		  Data_to_Write=0xffff 		 Status=Pass
 ERROR: Writing a read only register (Device ID)
 ERROR: Writing a read only register (Device ID)
 ERROR: Writing a read only register (Device ID)
 ERROR: Writing a read only register (Device ID)
 ERROR: Writing a read only register (Device ID)
Time=3912389330.000 ns 		 SPI_clock_frequency=3000Hz 		 SPI_MODE=3 		 Operation=Read  		 Data_Size=16 bits 		 Slave_address=0x00 		 Selected_Register=Device ID          		  Data_to_Write=0x0 		 Status=Pass
Time=3912389410.000 ns 		 SPI_clock_frequency=3000Hz 		 SPI_MODE=3 		 Operation=Read  		 Data_Size=16 bits 		 Slave_address=0x00 		 Selected_Register=Device ID          		  Data_to_Write=0x5555 		 Status=Pass
Time=3912389490.000 ns 		 SPI_clock_frequency=3000Hz 		 SPI_MODE=3 		 Operation=Read  		 Data_Size=16 bits 		 Slave_address=0x00 		 Selected_Register=Device ID          		  Data_to_Write=0xaaaa 		 Status=Pass
Time=3912389570.000 ns 		 SPI_clock_frequency=3000Hz 		 SPI_MODE=3 		 Operation=Read  		 Data_Size=16 bits 		 Slave_address=0x00 		 Selected_Register=Device ID          		  Data_to_Write=0x3478 		 Status=Pass
Time=3912389650.000 ns 		 SPI_clock_frequency=3000Hz 		 SPI_MODE=3 		 Operation=Read  		 Data_Size=16 bits 		 Slave_address=0x00 		 Selected_Register=Device ID          		  Data_to_Write=0xffff 		 Status=Pass
Time=3912389730.000 ns 		 SPI_clock_frequency=3000Hz 		 SPI_MODE=0 		 Operation=Write 		 Data_Size=16 bits 		 Slave_address=0x01 		 Selected_Register=Control Register 		  Data_to_Write=0x0 		 Status=Pass
Time=3912389810.000 ns 		 SPI_clock_frequency=3000Hz 		 SPI_MODE=0 		 Operation=Write 		 Data_Size=16 bits 		 Slave_address=0x01 		 Selected_Register=Control Register 		  Data_to_Write=0x5555 		 Status=Pass
Time=3912389890.000 ns 		 SPI_clock_frequency=3000Hz 		 SPI_MODE=0 		 Operation=Write 		 Data_Size=16 bits 		 Slave_address=0x01 		 Selected_Register=Control Register 		  Data_to_Write=0xaaaa 		 Status=Pass
Time=3912389970.000 ns 		 SPI_clock_frequency=3000Hz 		 SPI_MODE=0 		 Operation=Write 		 Data_Size=16 bits 		 Slave_address=0x01 		 Selected_Register=Control Register 		  Data_to_Write=0x3478 		 Status=Pass
Time=3912390050.000 ns 		 SPI_clock_frequency=3000Hz 		 SPI_MODE=0 		 Operation=Write 		 Data_Size=16 bits 		 Slave_address=0x01 		 Selected_Register=Control Register 		  Data_to_Write=0xffff 		 Status=Pass
Time=3912390130.000 ns 		 SPI_clock_frequency=3000Hz 		 SPI_MODE=0 		 Operation=Read  		 Data_Size=16 bits 		 Slave_address=0x01 		 Selected_Register=Control Register 		  Data_to_Write=0x0 		 Status=Pass
Time=3912390210.000 ns 		 SPI_clock_frequency=3000Hz 		 SPI_MODE=0 		 Operation=Read  		 Data_Size=16 bits 		 Slave_address=0x01 		 Selected_Register=Control Register 		  Data_to_Write=0x5555 		 Status=Pass
Time=3912390290.000 ns 		 SPI_clock_frequency=3000Hz 		 SPI_MODE=0 		 Operation=Read  		 Data_Size=16 bits 		 Slave_address=0x01 		 Selected_Register=Control Register 		  Data_to_Write=0xaaaa 		 Status=Pass
Time=3912390370.000 ns 		 SPI_clock_frequency=3000Hz 		 SPI_MODE=0 		 Operation=Read  		 Data_Size=16 bits 		 Slave_address=0x01 		 Selected_Register=Control Register 		  Data_to_Write=0x3478 		 Status=Pass
Time=3912390450.000 ns 		 SPI_clock_frequency=3000Hz 		 SPI_MODE=0 		 Operation=Read  		 Data_Size=16 bits 		 Slave_address=0x01 		 Selected_Register=Control Register 		  Data_to_Write=0xffff 		 Status=Pass
Time=3912390530.000 ns 		 SPI_clock_frequency=3000Hz 		 SPI_MODE=1 		 Operation=Write 		 Data_Size=16 bits 		 Slave_address=0x01 		 Selected_Register=Control Register 		  Data_to_Write=0x0 		 Status=Pass
Time=3912390610.000 ns 		 SPI_clock_frequency=3000Hz 		 SPI_MODE=1 		 Operation=Write 		 Data_Size=16 bits 		 Slave_address=0x01 		 Selected_Register=Control Register 		  Data_to_Write=0x5555 		 Status=Pass
Time=3912390690.000 ns 		 SPI_clock_frequency=3000Hz 		 SPI_MODE=1 		 Operation=Write 		 Data_Size=16 bits 		 Slave_address=0x01 		 Selected_Register=Control Register 		  Data_to_Write=0xaaaa 		 Status=Pass
Time=3912390770.000 ns 		 SPI_clock_frequency=3000Hz 		 SPI_MODE=1 		 Operation=Write 		 Data_Size=16 bits 		 Slave_address=0x01 		 Selected_Register=Control Register 		  Data_to_Write=0x3478 		 Status=Pass
Time=3912390850.000 ns 		 SPI_clock_frequency=3000Hz 		 SPI_MODE=1 		 Operation=Write 		 Data_Size=16 bits 		 Slave_address=0x01 		 Selected_Register=Control Register 		  Data_to_Write=0xffff 		 Status=Pass
Time=3912390930.000 ns 		 SPI_clock_frequency=3000Hz 		 SPI_MODE=1 		 Operation=Read  		 Data_Size=16 bits 		 Slave_address=0x01 		 Selected_Register=Control Register 		  Data_to_Write=0x0 		 Status=Pass
Time=3912391010.000 ns 		 SPI_clock_frequency=3000Hz 		 SPI_MODE=1 		 Operation=Read  		 Data_Size=16 bits 		 Slave_address=0x01 		 Selected_Register=Control Register 		  Data_to_Write=0x5555 		 Status=Pass
Time=3912391090.000 ns 		 SPI_clock_frequency=3000Hz 		 SPI_MODE=1 		 Operation=Read  		 Data_Size=16 bits 		 Slave_address=0x01 		 Selected_Register=Control Register 		  Data_to_Write=0xaaaa 		 Status=Pass
Time=3912391170.000 ns 		 SPI_clock_frequency=3000Hz 		 SPI_MODE=1 		 Operation=Read  		 Data_Size=16 bits 		 Slave_address=0x01 		 Selected_Register=Control Register 		  Data_to_Write=0x3478 		 Status=Pass
Time=3912391250.000 ns 		 SPI_clock_frequency=3000Hz 		 SPI_MODE=1 		 Operation=Read  		 Data_Size=16 bits 		 Slave_address=0x01 		 Selected_Register=Control Register 		  Data_to_Write=0xffff 		 Status=Pass
Time=3912391330.000 ns 		 SPI_clock_frequency=3000Hz 		 SPI_MODE=2 		 Operation=Write 		 Data_Size=16 bits 		 Slave_address=0x01 		 Selected_Register=Control Register 		  Data_to_Write=0x0 		 Status=Pass
Time=3912391410.000 ns 		 SPI_clock_frequency=3000Hz 		 SPI_MODE=2 		 Operation=Write 		 Data_Size=16 bits 		 Slave_address=0x01 		 Selected_Register=Control Register 		  Data_to_Write=0x5555 		 Status=Pass
Time=3912391490.000 ns 		 SPI_clock_frequency=3000Hz 		 SPI_MODE=2 		 Operation=Write 		 Data_Size=16 bits 		 Slave_address=0x01 		 Selected_Register=Control Register 		  Data_to_Write=0xaaaa 		 Status=Pass
Time=3912391570.000 ns 		 SPI_clock_frequency=3000Hz 		 SPI_MODE=2 		 Operation=Write 		 Data_Size=16 bits 		 Slave_address=0x01 		 Selected_Register=Control Register 		  Data_to_Write=0x3478 		 Status=Pass
Time=3912391650.000 ns 		 SPI_clock_frequency=3000Hz 		 SPI_MODE=2 		 Operation=Write 		 Data_Size=16 bits 		 Slave_address=0x01 		 Selected_Register=Control Register 		  Data_to_Write=0xffff 		 Status=Pass
Time=3912391730.000 ns 		 SPI_clock_frequency=3000Hz 		 SPI_MODE=2 		 Operation=Read  		 Data_Size=16 bits 		 Slave_address=0x01 		 Selected_Register=Control Register 		  Data_to_Write=0x0 		 Status=Pass
Time=3912391810.000 ns 		 SPI_clock_frequency=3000Hz 		 SPI_MODE=2 		 Operation=Read  		 Data_Size=16 bits 		 Slave_address=0x01 		 Selected_Register=Control Register 		  Data_to_Write=0x5555 		 Status=Pass
Time=3912391890.000 ns 		 SPI_clock_frequency=3000Hz 		 SPI_MODE=2 		 Operation=Read  		 Data_Size=16 bits 		 Slave_address=0x01 		 Selected_Register=Control Register 		  Data_to_Write=0xaaaa 		 Status=Pass
Time=3912391970.000 ns 		 SPI_clock_frequency=3000Hz 		 SPI_MODE=2 		 Operation=Read  		 Data_Size=16 bits 		 Slave_address=0x01 		 Selected_Register=Control Register 		  Data_to_Write=0x3478 		 Status=Pass
Time=3912392050.000 ns 		 SPI_clock_frequency=3000Hz 		 SPI_MODE=2 		 Operation=Read  		 Data_Size=16 bits 		 Slave_address=0x01 		 Selected_Register=Control Register 		  Data_to_Write=0xffff 		 Status=Pass
Time=3912392130.000 ns 		 SPI_clock_frequency=3000Hz 		 SPI_MODE=3 		 Operation=Write 		 Data_Size=16 bits 		 Slave_address=0x01 		 Selected_Register=Control Register 		  Data_to_Write=0x0 		 Status=Pass
Time=3912392210.000 ns 		 SPI_clock_frequency=3000Hz 		 SPI_MODE=3 		 Operation=Write 		 Data_Size=16 bits 		 Slave_address=0x01 		 Selected_Register=Control Register 		  Data_to_Write=0x5555 		 Status=Pass
Time=3912392290.000 ns 		 SPI_clock_frequency=3000Hz 		 SPI_MODE=3 		 Operation=Write 		 Data_Size=16 bits 		 Slave_address=0x01 		 Selected_Register=Control Register 		  Data_to_Write=0xaaaa 		 Status=Pass
Time=3912392370.000 ns 		 SPI_clock_frequency=3000Hz 		 SPI_MODE=3 		 Operation=Write 		 Data_Size=16 bits 		 Slave_address=0x01 		 Selected_Register=Control Register 		  Data_to_Write=0x3478 		 Status=Pass
Time=3912392450.000 ns 		 SPI_clock_frequency=3000Hz 		 SPI_MODE=3 		 Operation=Write 		 Data_Size=16 bits 		 Slave_address=0x01 		 Selected_Register=Control Register 		  Data_to_Write=0xffff 		 Status=Pass
Time=3912392530.000 ns 		 SPI_clock_frequency=3000Hz 		 SPI_MODE=3 		 Operation=Read  		 Data_Size=16 bits 		 Slave_address=0x01 		 Selected_Register=Control Register 		  Data_to_Write=0x0 		 Status=Pass
Time=3912392610.000 ns 		 SPI_clock_frequency=3000Hz 		 SPI_MODE=3 		 Operation=Read  		 Data_Size=16 bits 		 Slave_address=0x01 		 Selected_Register=Control Register 		  Data_to_Write=0x5555 		 Status=Pass
Time=3912392690.000 ns 		 SPI_clock_frequency=3000Hz 		 SPI_MODE=3 		 Operation=Read  		 Data_Size=16 bits 		 Slave_address=0x01 		 Selected_Register=Control Register 		  Data_to_Write=0xaaaa 		 Status=Pass
Time=3912392770.000 ns 		 SPI_clock_frequency=3000Hz 		 SPI_MODE=3 		 Operation=Read  		 Data_Size=16 bits 		 Slave_address=0x01 		 Selected_Register=Control Register 		  Data_to_Write=0x3478 		 Status=Pass
Time=3912392850.000 ns 		 SPI_clock_frequency=3000Hz 		 SPI_MODE=3 		 Operation=Read  		 Data_Size=16 bits 		 Slave_address=0x01 		 Selected_Register=Control Register 		  Data_to_Write=0xffff 		 Status=Pass
Time=3912392930.000 ns 		 SPI_clock_frequency=3000Hz 		 SPI_MODE=0 		 Operation=Write 		 Data_Size=16 bits 		 Slave_address=0x02 		 Selected_Register=Status Register    		  Data_to_Write=0x0 		 Status=Pass
Time=3912393010.000 ns 		 SPI_clock_frequency=3000Hz 		 SPI_MODE=0 		 Operation=Write 		 Data_Size=16 bits 		 Slave_address=0x02 		 Selected_Register=Status Register    		  Data_to_Write=0x5555 		 Status=Pass
Time=3912393090.000 ns 		 SPI_clock_frequency=3000Hz 		 SPI_MODE=0 		 Operation=Write 		 Data_Size=16 bits 		 Slave_address=0x02 		 Selected_Register=Status Register    		  Data_to_Write=0xaaaa 		 Status=Pass
Time=3912393170.000 ns 		 SPI_clock_frequency=3000Hz 		 SPI_MODE=0 		 Operation=Write 		 Data_Size=16 bits 		 Slave_address=0x02 		 Selected_Register=Status Register    		  Data_to_Write=0x3478 		 Status=Pass
Time=3912393250.000 ns 		 SPI_clock_frequency=3000Hz 		 SPI_MODE=0 		 Operation=Write 		 Data_Size=16 bits 		 Slave_address=0x02 		 Selected_Register=Status Register    		  Data_to_Write=0xffff 		 Status=Pass
Time=3912393330.000 ns 		 SPI_clock_frequency=3000Hz 		 SPI_MODE=0 		 Operation=Read  		 Data_Size=16 bits 		 Slave_address=0x02 		 Selected_Register=Status Register     		  Data_to_Write=0x0 		 Status=Pass
Time=3912393410.000 ns 		 SPI_clock_frequency=3000Hz 		 SPI_MODE=0 		 Operation=Read  		 Data_Size=16 bits 		 Slave_address=0x02 		 Selected_Register=Status Register     		  Data_to_Write=0x5555 		 Status=Pass
Time=3912393490.000 ns 		 SPI_clock_frequency=3000Hz 		 SPI_MODE=0 		 Operation=Read  		 Data_Size=16 bits 		 Slave_address=0x02 		 Selected_Register=Status Register     		  Data_to_Write=0xaaaa 		 Status=Pass
Time=3912393570.000 ns 		 SPI_clock_frequency=3000Hz 		 SPI_MODE=0 		 Operation=Read  		 Data_Size=16 bits 		 Slave_address=0x02 		 Selected_Register=Status Register     		  Data_to_Write=0x3478 		 Status=Pass
Time=3912393650.000 ns 		 SPI_clock_frequency=3000Hz 		 SPI_MODE=0 		 Operation=Read  		 Data_Size=16 bits 		 Slave_address=0x02 		 Selected_Register=Status Register     		  Data_to_Write=0xffff 		 Status=Pass
Time=3912393730.000 ns 		 SPI_clock_frequency=3000Hz 		 SPI_MODE=1 		 Operation=Write 		 Data_Size=16 bits 		 Slave_address=0x02 		 Selected_Register=Status Register    		  Data_to_Write=0x0 		 Status=Pass
Time=3912393810.000 ns 		 SPI_clock_frequency=3000Hz 		 SPI_MODE=1 		 Operation=Write 		 Data_Size=16 bits 		 Slave_address=0x02 		 Selected_Register=Status Register    		  Data_to_Write=0x5555 		 Status=Pass
Time=3912393890.000 ns 		 SPI_clock_frequency=3000Hz 		 SPI_MODE=1 		 Operation=Write 		 Data_Size=16 bits 		 Slave_address=0x02 		 Selected_Register=Status Register    		  Data_to_Write=0xaaaa 		 Status=Pass
Time=3912393970.000 ns 		 SPI_clock_frequency=3000Hz 		 SPI_MODE=1 		 Operation=Write 		 Data_Size=16 bits 		 Slave_address=0x02 		 Selected_Register=Status Register    		  Data_to_Write=0x3478 		 Status=Pass
Time=3912394050.000 ns 		 SPI_clock_frequency=3000Hz 		 SPI_MODE=1 		 Operation=Write 		 Data_Size=16 bits 		 Slave_address=0x02 		 Selected_Register=Status Register    		  Data_to_Write=0xffff 		 Status=Pass
Time=3912394130.000 ns 		 SPI_clock_frequency=3000Hz 		 SPI_MODE=1 		 Operation=Read  		 Data_Size=16 bits 		 Slave_address=0x02 		 Selected_Register=Status Register     		  Data_to_Write=0x0 		 Status=Pass
Time=3912394210.000 ns 		 SPI_clock_frequency=3000Hz 		 SPI_MODE=1 		 Operation=Read  		 Data_Size=16 bits 		 Slave_address=0x02 		 Selected_Register=Status Register     		  Data_to_Write=0x5555 		 Status=Pass
Time=3912394290.000 ns 		 SPI_clock_frequency=3000Hz 		 SPI_MODE=1 		 Operation=Read  		 Data_Size=16 bits 		 Slave_address=0x02 		 Selected_Register=Status Register     		  Data_to_Write=0xaaaa 		 Status=Pass
Time=3912394370.000 ns 		 SPI_clock_frequency=3000Hz 		 SPI_MODE=1 		 Operation=Read  		 Data_Size=16 bits 		 Slave_address=0x02 		 Selected_Register=Status Register     		  Data_to_Write=0x3478 		 Status=Pass
Time=3912394450.000 ns 		 SPI_clock_frequency=3000Hz 		 SPI_MODE=1 		 Operation=Read  		 Data_Size=16 bits 		 Slave_address=0x02 		 Selected_Register=Status Register     		  Data_to_Write=0xffff 		 Status=Pass
Time=3912394530.000 ns 		 SPI_clock_frequency=3000Hz 		 SPI_MODE=2 		 Operation=Write 		 Data_Size=16 bits 		 Slave_address=0x02 		 Selected_Register=Status Register    		  Data_to_Write=0x0 		 Status=Pass
Time=3912394610.000 ns 		 SPI_clock_frequency=3000Hz 		 SPI_MODE=2 		 Operation=Write 		 Data_Size=16 bits 		 Slave_address=0x02 		 Selected_Register=Status Register    		  Data_to_Write=0x5555 		 Status=Pass
Time=3912394690.000 ns 		 SPI_clock_frequency=3000Hz 		 SPI_MODE=2 		 Operation=Write 		 Data_Size=16 bits 		 Slave_address=0x02 		 Selected_Register=Status Register    		  Data_to_Write=0xaaaa 		 Status=Pass
Time=3912394770.000 ns 		 SPI_clock_frequency=3000Hz 		 SPI_MODE=2 		 Operation=Write 		 Data_Size=16 bits 		 Slave_address=0x02 		 Selected_Register=Status Register    		  Data_to_Write=0x3478 		 Status=Pass
Time=3912394850.000 ns 		 SPI_clock_frequency=3000Hz 		 SPI_MODE=2 		 Operation=Write 		 Data_Size=16 bits 		 Slave_address=0x02 		 Selected_Register=Status Register    		  Data_to_Write=0xffff 		 Status=Pass
Time=3912394930.000 ns 		 SPI_clock_frequency=3000Hz 		 SPI_MODE=2 		 Operation=Read  		 Data_Size=16 bits 		 Slave_address=0x02 		 Selected_Register=Status Register     		  Data_to_Write=0x0 		 Status=Pass
Time=3912395010.000 ns 		 SPI_clock_frequency=3000Hz 		 SPI_MODE=2 		 Operation=Read  		 Data_Size=16 bits 		 Slave_address=0x02 		 Selected_Register=Status Register     		  Data_to_Write=0x5555 		 Status=Pass
Time=3912395090.000 ns 		 SPI_clock_frequency=3000Hz 		 SPI_MODE=2 		 Operation=Read  		 Data_Size=16 bits 		 Slave_address=0x02 		 Selected_Register=Status Register     		  Data_to_Write=0xaaaa 		 Status=Pass
Time=3912395170.000 ns 		 SPI_clock_frequency=3000Hz 		 SPI_MODE=2 		 Operation=Read  		 Data_Size=16 bits 		 Slave_address=0x02 		 Selected_Register=Status Register     		  Data_to_Write=0x3478 		 Status=Pass
Time=3912395250.000 ns 		 SPI_clock_frequency=3000Hz 		 SPI_MODE=2 		 Operation=Read  		 Data_Size=16 bits 		 Slave_address=0x02 		 Selected_Register=Status Register     		  Data_to_Write=0xffff 		 Status=Pass
Time=3912395330.000 ns 		 SPI_clock_frequency=3000Hz 		 SPI_MODE=3 		 Operation=Write 		 Data_Size=16 bits 		 Slave_address=0x02 		 Selected_Register=Status Register    		  Data_to_Write=0x0 		 Status=Pass
Time=3912395410.000 ns 		 SPI_clock_frequency=3000Hz 		 SPI_MODE=3 		 Operation=Write 		 Data_Size=16 bits 		 Slave_address=0x02 		 Selected_Register=Status Register    		  Data_to_Write=0x5555 		 Status=Pass
Time=3912395490.000 ns 		 SPI_clock_frequency=3000Hz 		 SPI_MODE=3 		 Operation=Write 		 Data_Size=16 bits 		 Slave_address=0x02 		 Selected_Register=Status Register    		  Data_to_Write=0xaaaa 		 Status=Pass
Time=3912395570.000 ns 		 SPI_clock_frequency=3000Hz 		 SPI_MODE=3 		 Operation=Write 		 Data_Size=16 bits 		 Slave_address=0x02 		 Selected_Register=Status Register    		  Data_to_Write=0x3478 		 Status=Pass
Time=3912395650.000 ns 		 SPI_clock_frequency=3000Hz 		 SPI_MODE=3 		 Operation=Write 		 Data_Size=16 bits 		 Slave_address=0x02 		 Selected_Register=Status Register    		  Data_to_Write=0xffff 		 Status=Pass
Time=3912395730.000 ns 		 SPI_clock_frequency=3000Hz 		 SPI_MODE=3 		 Operation=Read  		 Data_Size=16 bits 		 Slave_address=0x02 		 Selected_Register=Status Register     		  Data_to_Write=0x0 		 Status=Pass
Time=3912395810.000 ns 		 SPI_clock_frequency=3000Hz 		 SPI_MODE=3 		 Operation=Read  		 Data_Size=16 bits 		 Slave_address=0x02 		 Selected_Register=Status Register     		  Data_to_Write=0x5555 		 Status=Pass
Time=3912395890.000 ns 		 SPI_clock_frequency=3000Hz 		 SPI_MODE=3 		 Operation=Read  		 Data_Size=16 bits 		 Slave_address=0x02 		 Selected_Register=Status Register     		  Data_to_Write=0xaaaa 		 Status=Pass
Time=3912395970.000 ns 		 SPI_clock_frequency=3000Hz 		 SPI_MODE=3 		 Operation=Read  		 Data_Size=16 bits 		 Slave_address=0x02 		 Selected_Register=Status Register     		  Data_to_Write=0x3478 		 Status=Pass
Time=3912396050.000 ns 		 SPI_clock_frequency=3000Hz 		 SPI_MODE=3 		 Operation=Read  		 Data_Size=16 bits 		 Slave_address=0x02 		 Selected_Register=Status Register     		  Data_to_Write=0xffff 		 Status=Pass
Time=3912396130.000 ns 		 SPI_clock_frequency=3000Hz 		 SPI_MODE=0 		 Operation=Write 		 Data_Size=16 bits 		 Slave_address=0x03 		 Selected_Register=Data Register      		  Data_to_Write=0x0 		 Status=Pass
Time=3912396210.000 ns 		 SPI_clock_frequency=3000Hz 		 SPI_MODE=0 		 Operation=Write 		 Data_Size=16 bits 		 Slave_address=0x03 		 Selected_Register=Data Register      		  Data_to_Write=0x5555 		 Status=Pass
Time=3912396290.000 ns 		 SPI_clock_frequency=3000Hz 		 SPI_MODE=0 		 Operation=Write 		 Data_Size=16 bits 		 Slave_address=0x03 		 Selected_Register=Data Register      		  Data_to_Write=0xaaaa 		 Status=Pass
Time=3912396370.000 ns 		 SPI_clock_frequency=3000Hz 		 SPI_MODE=0 		 Operation=Write 		 Data_Size=16 bits 		 Slave_address=0x03 		 Selected_Register=Data Register      		  Data_to_Write=0x3478 		 Status=Pass
Time=3912396450.000 ns 		 SPI_clock_frequency=3000Hz 		 SPI_MODE=0 		 Operation=Write 		 Data_Size=16 bits 		 Slave_address=0x03 		 Selected_Register=Data Register      		  Data_to_Write=0xffff 		 Status=Pass
Time=3912396530.000 ns 		 SPI_clock_frequency=3000Hz 		 SPI_MODE=0 		 Operation=Read  		 Data_Size=16 bits 		 Slave_address=0x03 		 Selected_Register=Data Register       		  Data_to_Write=0x0 		 Status=Pass
Time=3912396610.000 ns 		 SPI_clock_frequency=3000Hz 		 SPI_MODE=0 		 Operation=Read  		 Data_Size=16 bits 		 Slave_address=0x03 		 Selected_Register=Data Register       		  Data_to_Write=0x5555 		 Status=Pass
Time=3912396690.000 ns 		 SPI_clock_frequency=3000Hz 		 SPI_MODE=0 		 Operation=Read  		 Data_Size=16 bits 		 Slave_address=0x03 		 Selected_Register=Data Register       		  Data_to_Write=0xaaaa 		 Status=Pass
Time=3912396770.000 ns 		 SPI_clock_frequency=3000Hz 		 SPI_MODE=0 		 Operation=Read  		 Data_Size=16 bits 		 Slave_address=0x03 		 Selected_Register=Data Register       		  Data_to_Write=0x3478 		 Status=Pass
Time=3912396850.000 ns 		 SPI_clock_frequency=3000Hz 		 SPI_MODE=0 		 Operation=Read  		 Data_Size=16 bits 		 Slave_address=0x03 		 Selected_Register=Data Register       		  Data_to_Write=0xffff 		 Status=Pass
Time=3912396930.000 ns 		 SPI_clock_frequency=3000Hz 		 SPI_MODE=1 		 Operation=Write 		 Data_Size=16 bits 		 Slave_address=0x03 		 Selected_Register=Data Register      		  Data_to_Write=0x0 		 Status=Pass
Time=3912397010.000 ns 		 SPI_clock_frequency=3000Hz 		 SPI_MODE=1 		 Operation=Write 		 Data_Size=16 bits 		 Slave_address=0x03 		 Selected_Register=Data Register      		  Data_to_Write=0x5555 		 Status=Pass
Time=3912397090.000 ns 		 SPI_clock_frequency=3000Hz 		 SPI_MODE=1 		 Operation=Write 		 Data_Size=16 bits 		 Slave_address=0x03 		 Selected_Register=Data Register      		  Data_to_Write=0xaaaa 		 Status=Pass
Time=3912397170.000 ns 		 SPI_clock_frequency=3000Hz 		 SPI_MODE=1 		 Operation=Write 		 Data_Size=16 bits 		 Slave_address=0x03 		 Selected_Register=Data Register      		  Data_to_Write=0x3478 		 Status=Pass
Time=3912397250.000 ns 		 SPI_clock_frequency=3000Hz 		 SPI_MODE=1 		 Operation=Write 		 Data_Size=16 bits 		 Slave_address=0x03 		 Selected_Register=Data Register      		  Data_to_Write=0xffff 		 Status=Pass
Time=3912397330.000 ns 		 SPI_clock_frequency=3000Hz 		 SPI_MODE=1 		 Operation=Read  		 Data_Size=16 bits 		 Slave_address=0x03 		 Selected_Register=Data Register       		  Data_to_Write=0x0 		 Status=Pass
Time=3912397410.000 ns 		 SPI_clock_frequency=3000Hz 		 SPI_MODE=1 		 Operation=Read  		 Data_Size=16 bits 		 Slave_address=0x03 		 Selected_Register=Data Register       		  Data_to_Write=0x5555 		 Status=Pass
Time=3912397490.000 ns 		 SPI_clock_frequency=3000Hz 		 SPI_MODE=1 		 Operation=Read  		 Data_Size=16 bits 		 Slave_address=0x03 		 Selected_Register=Data Register       		  Data_to_Write=0xaaaa 		 Status=Pass
Time=3912397570.000 ns 		 SPI_clock_frequency=3000Hz 		 SPI_MODE=1 		 Operation=Read  		 Data_Size=16 bits 		 Slave_address=0x03 		 Selected_Register=Data Register       		  Data_to_Write=0x3478 		 Status=Pass
Time=3912397650.000 ns 		 SPI_clock_frequency=3000Hz 		 SPI_MODE=1 		 Operation=Read  		 Data_Size=16 bits 		 Slave_address=0x03 		 Selected_Register=Data Register       		  Data_to_Write=0xffff 		 Status=Pass
Time=3912397730.000 ns 		 SPI_clock_frequency=3000Hz 		 SPI_MODE=2 		 Operation=Write 		 Data_Size=16 bits 		 Slave_address=0x03 		 Selected_Register=Data Register      		  Data_to_Write=0x0 		 Status=Pass
Time=3912397810.000 ns 		 SPI_clock_frequency=3000Hz 		 SPI_MODE=2 		 Operation=Write 		 Data_Size=16 bits 		 Slave_address=0x03 		 Selected_Register=Data Register      		  Data_to_Write=0x5555 		 Status=Pass
Time=3912397890.000 ns 		 SPI_clock_frequency=3000Hz 		 SPI_MODE=2 		 Operation=Write 		 Data_Size=16 bits 		 Slave_address=0x03 		 Selected_Register=Data Register      		  Data_to_Write=0xaaaa 		 Status=Pass
Time=3912397970.000 ns 		 SPI_clock_frequency=3000Hz 		 SPI_MODE=2 		 Operation=Write 		 Data_Size=16 bits 		 Slave_address=0x03 		 Selected_Register=Data Register      		  Data_to_Write=0x3478 		 Status=Pass
Time=3912398050.000 ns 		 SPI_clock_frequency=3000Hz 		 SPI_MODE=2 		 Operation=Write 		 Data_Size=16 bits 		 Slave_address=0x03 		 Selected_Register=Data Register      		  Data_to_Write=0xffff 		 Status=Pass
Time=3912398130.000 ns 		 SPI_clock_frequency=3000Hz 		 SPI_MODE=2 		 Operation=Read  		 Data_Size=16 bits 		 Slave_address=0x03 		 Selected_Register=Data Register       		  Data_to_Write=0x0 		 Status=Pass
Time=3912398210.000 ns 		 SPI_clock_frequency=3000Hz 		 SPI_MODE=2 		 Operation=Read  		 Data_Size=16 bits 		 Slave_address=0x03 		 Selected_Register=Data Register       		  Data_to_Write=0x5555 		 Status=Pass
Time=3912398290.000 ns 		 SPI_clock_frequency=3000Hz 		 SPI_MODE=2 		 Operation=Read  		 Data_Size=16 bits 		 Slave_address=0x03 		 Selected_Register=Data Register       		  Data_to_Write=0xaaaa 		 Status=Pass
Time=3912398370.000 ns 		 SPI_clock_frequency=3000Hz 		 SPI_MODE=2 		 Operation=Read  		 Data_Size=16 bits 		 Slave_address=0x03 		 Selected_Register=Data Register       		  Data_to_Write=0x3478 		 Status=Pass
Time=3912398450.000 ns 		 SPI_clock_frequency=3000Hz 		 SPI_MODE=2 		 Operation=Read  		 Data_Size=16 bits 		 Slave_address=0x03 		 Selected_Register=Data Register       		  Data_to_Write=0xffff 		 Status=Pass
Time=3912398530.000 ns 		 SPI_clock_frequency=3000Hz 		 SPI_MODE=3 		 Operation=Write 		 Data_Size=16 bits 		 Slave_address=0x03 		 Selected_Register=Data Register      		  Data_to_Write=0x0 		 Status=Pass
Time=3912398610.000 ns 		 SPI_clock_frequency=3000Hz 		 SPI_MODE=3 		 Operation=Write 		 Data_Size=16 bits 		 Slave_address=0x03 		 Selected_Register=Data Register      		  Data_to_Write=0x5555 		 Status=Pass
Time=3912398690.000 ns 		 SPI_clock_frequency=3000Hz 		 SPI_MODE=3 		 Operation=Write 		 Data_Size=16 bits 		 Slave_address=0x03 		 Selected_Register=Data Register      		  Data_to_Write=0xaaaa 		 Status=Pass
Time=3912398770.000 ns 		 SPI_clock_frequency=3000Hz 		 SPI_MODE=3 		 Operation=Write 		 Data_Size=16 bits 		 Slave_address=0x03 		 Selected_Register=Data Register      		  Data_to_Write=0x3478 		 Status=Pass
Time=3912398850.000 ns 		 SPI_clock_frequency=3000Hz 		 SPI_MODE=3 		 Operation=Write 		 Data_Size=16 bits 		 Slave_address=0x03 		 Selected_Register=Data Register      		  Data_to_Write=0xffff 		 Status=Pass
Time=3912398930.000 ns 		 SPI_clock_frequency=3000Hz 		 SPI_MODE=3 		 Operation=Read  		 Data_Size=16 bits 		 Slave_address=0x03 		 Selected_Register=Data Register       		  Data_to_Write=0x0 		 Status=Pass
Time=3912399010.000 ns 		 SPI_clock_frequency=3000Hz 		 SPI_MODE=3 		 Operation=Read  		 Data_Size=16 bits 		 Slave_address=0x03 		 Selected_Register=Data Register       		  Data_to_Write=0x5555 		 Status=Pass
Time=3912399090.000 ns 		 SPI_clock_frequency=3000Hz 		 SPI_MODE=3 		 Operation=Read  		 Data_Size=16 bits 		 Slave_address=0x03 		 Selected_Register=Data Register       		  Data_to_Write=0xaaaa 		 Status=Pass
Time=3912399170.000 ns 		 SPI_clock_frequency=3000Hz 		 SPI_MODE=3 		 Operation=Read  		 Data_Size=16 bits 		 Slave_address=0x03 		 Selected_Register=Data Register       		  Data_to_Write=0x3478 		 Status=Pass
Time=3912399250.000 ns 		 SPI_clock_frequency=3000Hz 		 SPI_MODE=3 		 Operation=Read  		 Data_Size=16 bits 		 Slave_address=0x03 		 Selected_Register=Data Register       		  Data_to_Write=0xffff 		 Status=Pass
 ERROR: Invalid Slave Address (04)
 ERROR: Invalid Slave Address (04)
 ERROR: Invalid Slave Address (04)
 ERROR: Invalid Slave Address (04)
 ERROR: Invalid Slave Address (04)
 ERROR: Invalid Slave Address (04)
 ERROR: Invalid Slave Address (04)
 ERROR: Invalid Slave Address (04)
 ERROR: Invalid Slave Address (04)
 ERROR: Invalid Slave Address (04)
 ERROR: Invalid Slave Address (04)
 ERROR: Invalid Slave Address (04)
 ERROR: Invalid Slave Address (04)
 ERROR: Invalid Slave Address (04)
 ERROR: Invalid Slave Address (04)
 ERROR: Invalid Slave Address (04)
 ERROR: Invalid Slave Address (04)
 ERROR: Invalid Slave Address (04)
 ERROR: Invalid Slave Address (04)
 ERROR: Invalid Slave Address (04)
 ERROR: Invalid Slave Address (04)
 ERROR: Invalid Slave Address (04)
 ERROR: Invalid Slave Address (04)
 ERROR: Invalid Slave Address (04)
 ERROR: Invalid Slave Address (04)
 ERROR: Invalid Slave Address (04)
 ERROR: Invalid Slave Address (04)
 ERROR: Invalid Slave Address (04)
 ERROR: Invalid Slave Address (04)
 ERROR: Invalid Slave Address (04)
 ERROR: Invalid Slave Address (04)
 ERROR: Invalid Slave Address (04)
 ERROR: Invalid Slave Address (04)
 ERROR: Invalid Slave Address (04)
 ERROR: Invalid Slave Address (04)
 ERROR: Invalid Slave Address (04)
 ERROR: Invalid Slave Address (04)
 ERROR: Invalid Slave Address (04)
 ERROR: Invalid Slave Address (04)
 ERROR: Invalid Slave Address (04)
 ERROR: Invalid Slave Address (05)
 ERROR: Invalid Slave Address (05)
 ERROR: Invalid Slave Address (05)
 ERROR: Invalid Slave Address (05)
 ERROR: Invalid Slave Address (05)
 ERROR: Invalid Slave Address (05)
 ERROR: Invalid Slave Address (05)
 ERROR: Invalid Slave Address (05)
 ERROR: Invalid Slave Address (05)
 ERROR: Invalid Slave Address (05)
 ERROR: Invalid Slave Address (05)
 ERROR: Invalid Slave Address (05)
 ERROR: Invalid Slave Address (05)
 ERROR: Invalid Slave Address (05)
 ERROR: Invalid Slave Address (05)
 ERROR: Invalid Slave Address (05)
 ERROR: Invalid Slave Address (05)
 ERROR: Invalid Slave Address (05)
 ERROR: Invalid Slave Address (05)
 ERROR: Invalid Slave Address (05)
 ERROR: Invalid Slave Address (05)
 ERROR: Invalid Slave Address (05)
 ERROR: Invalid Slave Address (05)
 ERROR: Invalid Slave Address (05)
 ERROR: Invalid Slave Address (05)
 ERROR: Invalid Slave Address (05)
 ERROR: Invalid Slave Address (05)
 ERROR: Invalid Slave Address (05)
 ERROR: Invalid Slave Address (05)
 ERROR: Invalid Slave Address (05)
 ERROR: Invalid Slave Address (05)
 ERROR: Invalid Slave Address (05)
 ERROR: Invalid Slave Address (05)
 ERROR: Invalid Slave Address (05)
 ERROR: Invalid Slave Address (05)
 ERROR: Invalid Slave Address (05)
 ERROR: Invalid Slave Address (05)
 ERROR: Invalid Slave Address (05)
 ERROR: Invalid Slave Address (05)
 ERROR: Invalid Slave Address (05)
 ERROR: Writing a read only register (Device ID)
 ERROR: Writing a read only register (Device ID)
 ERROR: Writing a read only register (Device ID)
 ERROR: Writing a read only register (Device ID)
 ERROR: Writing a read only register (Device ID)
Time=3912404430.000 ns 		 SPI_clock_frequency=1000000Hz 		 SPI_MODE=0 		 Operation=Read  		 Data_Size=8 bits 		 Slave_address=0x00 		 Selected_Register=Device ID          		  Data_to_Write=0x0 		 Status=Pass
Time=3912404510.000 ns 		 SPI_clock_frequency=1000000Hz 		 SPI_MODE=0 		 Operation=Read  		 Data_Size=8 bits 		 Slave_address=0x00 		 Selected_Register=Device ID          		  Data_to_Write=0x55 		 Status=Pass
Time=3912404590.000 ns 		 SPI_clock_frequency=1000000Hz 		 SPI_MODE=0 		 Operation=Read  		 Data_Size=8 bits 		 Slave_address=0x00 		 Selected_Register=Device ID          		  Data_to_Write=0xaa 		 Status=Pass
Time=3912404670.000 ns 		 SPI_clock_frequency=1000000Hz 		 SPI_MODE=0 		 Operation=Read  		 Data_Size=8 bits 		 Slave_address=0x00 		 Selected_Register=Device ID          		  Data_to_Write=0xbe 		 Status=Pass
Time=3912404750.000 ns 		 SPI_clock_frequency=1000000Hz 		 SPI_MODE=0 		 Operation=Read  		 Data_Size=8 bits 		 Slave_address=0x00 		 Selected_Register=Device ID          		  Data_to_Write=0xff 		 Status=Pass
 ERROR: Writing a read only register (Device ID)
 ERROR: Writing a read only register (Device ID)
 ERROR: Writing a read only register (Device ID)
 ERROR: Writing a read only register (Device ID)
 ERROR: Writing a read only register (Device ID)
Time=3912405130.000 ns 		 SPI_clock_frequency=1000000Hz 		 SPI_MODE=1 		 Operation=Read  		 Data_Size=8 bits 		 Slave_address=0x00 		 Selected_Register=Device ID          		  Data_to_Write=0x0 		 Status=Pass
Time=3912405210.000 ns 		 SPI_clock_frequency=1000000Hz 		 SPI_MODE=1 		 Operation=Read  		 Data_Size=8 bits 		 Slave_address=0x00 		 Selected_Register=Device ID          		  Data_to_Write=0x55 		 Status=Pass
Time=3912405290.000 ns 		 SPI_clock_frequency=1000000Hz 		 SPI_MODE=1 		 Operation=Read  		 Data_Size=8 bits 		 Slave_address=0x00 		 Selected_Register=Device ID          		  Data_to_Write=0xaa 		 Status=Pass
Time=3912405370.000 ns 		 SPI_clock_frequency=1000000Hz 		 SPI_MODE=1 		 Operation=Read  		 Data_Size=8 bits 		 Slave_address=0x00 		 Selected_Register=Device ID          		  Data_to_Write=0xbe 		 Status=Pass
Time=3912405450.000 ns 		 SPI_clock_frequency=1000000Hz 		 SPI_MODE=1 		 Operation=Read  		 Data_Size=8 bits 		 Slave_address=0x00 		 Selected_Register=Device ID          		  Data_to_Write=0xff 		 Status=Pass
 ERROR: Writing a read only register (Device ID)
 ERROR: Writing a read only register (Device ID)
 ERROR: Writing a read only register (Device ID)
 ERROR: Writing a read only register (Device ID)
 ERROR: Writing a read only register (Device ID)
Time=3912405830.000 ns 		 SPI_clock_frequency=1000000Hz 		 SPI_MODE=2 		 Operation=Read  		 Data_Size=8 bits 		 Slave_address=0x00 		 Selected_Register=Device ID          		  Data_to_Write=0x0 		 Status=Pass
Time=3912405910.000 ns 		 SPI_clock_frequency=1000000Hz 		 SPI_MODE=2 		 Operation=Read  		 Data_Size=8 bits 		 Slave_address=0x00 		 Selected_Register=Device ID          		  Data_to_Write=0x55 		 Status=Pass
Time=3912405990.000 ns 		 SPI_clock_frequency=1000000Hz 		 SPI_MODE=2 		 Operation=Read  		 Data_Size=8 bits 		 Slave_address=0x00 		 Selected_Register=Device ID          		  Data_to_Write=0xaa 		 Status=Pass
Time=3912406070.000 ns 		 SPI_clock_frequency=1000000Hz 		 SPI_MODE=2 		 Operation=Read  		 Data_Size=8 bits 		 Slave_address=0x00 		 Selected_Register=Device ID          		  Data_to_Write=0xbe 		 Status=Pass
Time=3912406150.000 ns 		 SPI_clock_frequency=1000000Hz 		 SPI_MODE=2 		 Operation=Read  		 Data_Size=8 bits 		 Slave_address=0x00 		 Selected_Register=Device ID          		  Data_to_Write=0xff 		 Status=Pass
 ERROR: Writing a read only register (Device ID)
 ERROR: Writing a read only register (Device ID)
 ERROR: Writing a read only register (Device ID)
 ERROR: Writing a read only register (Device ID)
 ERROR: Writing a read only register (Device ID)
Time=3912406530.000 ns 		 SPI_clock_frequency=1000000Hz 		 SPI_MODE=3 		 Operation=Read  		 Data_Size=8 bits 		 Slave_address=0x00 		 Selected_Register=Device ID          		  Data_to_Write=0x0 		 Status=Pass
Time=3912406610.000 ns 		 SPI_clock_frequency=1000000Hz 		 SPI_MODE=3 		 Operation=Read  		 Data_Size=8 bits 		 Slave_address=0x00 		 Selected_Register=Device ID          		  Data_to_Write=0x55 		 Status=Pass
Time=3912406690.000 ns 		 SPI_clock_frequency=1000000Hz 		 SPI_MODE=3 		 Operation=Read  		 Data_Size=8 bits 		 Slave_address=0x00 		 Selected_Register=Device ID          		  Data_to_Write=0xaa 		 Status=Pass
Time=3912406770.000 ns 		 SPI_clock_frequency=1000000Hz 		 SPI_MODE=3 		 Operation=Read  		 Data_Size=8 bits 		 Slave_address=0x00 		 Selected_Register=Device ID          		  Data_to_Write=0xbe 		 Status=Pass
Time=3912406850.000 ns 		 SPI_clock_frequency=1000000Hz 		 SPI_MODE=3 		 Operation=Read  		 Data_Size=8 bits 		 Slave_address=0x00 		 Selected_Register=Device ID          		  Data_to_Write=0xff 		 Status=Pass
Time=3912406930.000 ns 		 SPI_clock_frequency=1000000Hz 		 SPI_MODE=0 		 Operation=Write 		 Data_Size=8 bits 		 Slave_address=0x01 		 Selected_Register=Control Register 		  Data_to_Write=0x0 		 Status=Pass
Time=3912407010.000 ns 		 SPI_clock_frequency=1000000Hz 		 SPI_MODE=0 		 Operation=Write 		 Data_Size=8 bits 		 Slave_address=0x01 		 Selected_Register=Control Register 		  Data_to_Write=0x55 		 Status=Pass
Time=3912407090.000 ns 		 SPI_clock_frequency=1000000Hz 		 SPI_MODE=0 		 Operation=Write 		 Data_Size=8 bits 		 Slave_address=0x01 		 Selected_Register=Control Register 		  Data_to_Write=0xaa 		 Status=Pass
Time=3912407170.000 ns 		 SPI_clock_frequency=1000000Hz 		 SPI_MODE=0 		 Operation=Write 		 Data_Size=8 bits 		 Slave_address=0x01 		 Selected_Register=Control Register 		  Data_to_Write=0xbe 		 Status=Pass
Time=3912407250.000 ns 		 SPI_clock_frequency=1000000Hz 		 SPI_MODE=0 		 Operation=Write 		 Data_Size=8 bits 		 Slave_address=0x01 		 Selected_Register=Control Register 		  Data_to_Write=0xff 		 Status=Pass
Time=3912407330.000 ns 		 SPI_clock_frequency=1000000Hz 		 SPI_MODE=0 		 Operation=Read  		 Data_Size=8 bits 		 Slave_address=0x01 		 Selected_Register=Control Register 		  Data_to_Write=0x0 		 Status=Pass
Time=3912407410.000 ns 		 SPI_clock_frequency=1000000Hz 		 SPI_MODE=0 		 Operation=Read  		 Data_Size=8 bits 		 Slave_address=0x01 		 Selected_Register=Control Register 		  Data_to_Write=0x55 		 Status=Pass
Time=3912407490.000 ns 		 SPI_clock_frequency=1000000Hz 		 SPI_MODE=0 		 Operation=Read  		 Data_Size=8 bits 		 Slave_address=0x01 		 Selected_Register=Control Register 		  Data_to_Write=0xaa 		 Status=Pass
Time=3912407570.000 ns 		 SPI_clock_frequency=1000000Hz 		 SPI_MODE=0 		 Operation=Read  		 Data_Size=8 bits 		 Slave_address=0x01 		 Selected_Register=Control Register 		  Data_to_Write=0xbe 		 Status=Pass
Time=3912407650.000 ns 		 SPI_clock_frequency=1000000Hz 		 SPI_MODE=0 		 Operation=Read  		 Data_Size=8 bits 		 Slave_address=0x01 		 Selected_Register=Control Register 		  Data_to_Write=0xff 		 Status=Pass
Time=3912407730.000 ns 		 SPI_clock_frequency=1000000Hz 		 SPI_MODE=1 		 Operation=Write 		 Data_Size=8 bits 		 Slave_address=0x01 		 Selected_Register=Control Register 		  Data_to_Write=0x0 		 Status=Pass
Time=3912407810.000 ns 		 SPI_clock_frequency=1000000Hz 		 SPI_MODE=1 		 Operation=Write 		 Data_Size=8 bits 		 Slave_address=0x01 		 Selected_Register=Control Register 		  Data_to_Write=0x55 		 Status=Pass
Time=3912407890.000 ns 		 SPI_clock_frequency=1000000Hz 		 SPI_MODE=1 		 Operation=Write 		 Data_Size=8 bits 		 Slave_address=0x01 		 Selected_Register=Control Register 		  Data_to_Write=0xaa 		 Status=Pass
Time=3912407970.000 ns 		 SPI_clock_frequency=1000000Hz 		 SPI_MODE=1 		 Operation=Write 		 Data_Size=8 bits 		 Slave_address=0x01 		 Selected_Register=Control Register 		  Data_to_Write=0xbe 		 Status=Pass
Time=3912408050.000 ns 		 SPI_clock_frequency=1000000Hz 		 SPI_MODE=1 		 Operation=Write 		 Data_Size=8 bits 		 Slave_address=0x01 		 Selected_Register=Control Register 		  Data_to_Write=0xff 		 Status=Pass
Time=3912408130.000 ns 		 SPI_clock_frequency=1000000Hz 		 SPI_MODE=1 		 Operation=Read  		 Data_Size=8 bits 		 Slave_address=0x01 		 Selected_Register=Control Register 		  Data_to_Write=0x0 		 Status=Pass
Time=3912408210.000 ns 		 SPI_clock_frequency=1000000Hz 		 SPI_MODE=1 		 Operation=Read  		 Data_Size=8 bits 		 Slave_address=0x01 		 Selected_Register=Control Register 		  Data_to_Write=0x55 		 Status=Pass
Time=3912408290.000 ns 		 SPI_clock_frequency=1000000Hz 		 SPI_MODE=1 		 Operation=Read  		 Data_Size=8 bits 		 Slave_address=0x01 		 Selected_Register=Control Register 		  Data_to_Write=0xaa 		 Status=Pass
Time=3912408370.000 ns 		 SPI_clock_frequency=1000000Hz 		 SPI_MODE=1 		 Operation=Read  		 Data_Size=8 bits 		 Slave_address=0x01 		 Selected_Register=Control Register 		  Data_to_Write=0xbe 		 Status=Pass
Time=3912408450.000 ns 		 SPI_clock_frequency=1000000Hz 		 SPI_MODE=1 		 Operation=Read  		 Data_Size=8 bits 		 Slave_address=0x01 		 Selected_Register=Control Register 		  Data_to_Write=0xff 		 Status=Pass
Time=3912408530.000 ns 		 SPI_clock_frequency=1000000Hz 		 SPI_MODE=2 		 Operation=Write 		 Data_Size=8 bits 		 Slave_address=0x01 		 Selected_Register=Control Register 		  Data_to_Write=0x0 		 Status=Pass
Time=3912408610.000 ns 		 SPI_clock_frequency=1000000Hz 		 SPI_MODE=2 		 Operation=Write 		 Data_Size=8 bits 		 Slave_address=0x01 		 Selected_Register=Control Register 		  Data_to_Write=0x55 		 Status=Pass
Time=3912408690.000 ns 		 SPI_clock_frequency=1000000Hz 		 SPI_MODE=2 		 Operation=Write 		 Data_Size=8 bits 		 Slave_address=0x01 		 Selected_Register=Control Register 		  Data_to_Write=0xaa 		 Status=Pass
Time=3912408770.000 ns 		 SPI_clock_frequency=1000000Hz 		 SPI_MODE=2 		 Operation=Write 		 Data_Size=8 bits 		 Slave_address=0x01 		 Selected_Register=Control Register 		  Data_to_Write=0xbe 		 Status=Pass
Time=3912408850.000 ns 		 SPI_clock_frequency=1000000Hz 		 SPI_MODE=2 		 Operation=Write 		 Data_Size=8 bits 		 Slave_address=0x01 		 Selected_Register=Control Register 		  Data_to_Write=0xff 		 Status=Pass
Time=3912408930.000 ns 		 SPI_clock_frequency=1000000Hz 		 SPI_MODE=2 		 Operation=Read  		 Data_Size=8 bits 		 Slave_address=0x01 		 Selected_Register=Control Register 		  Data_to_Write=0x0 		 Status=Pass
Time=3912409010.000 ns 		 SPI_clock_frequency=1000000Hz 		 SPI_MODE=2 		 Operation=Read  		 Data_Size=8 bits 		 Slave_address=0x01 		 Selected_Register=Control Register 		  Data_to_Write=0x55 		 Status=Pass
Time=3912409090.000 ns 		 SPI_clock_frequency=1000000Hz 		 SPI_MODE=2 		 Operation=Read  		 Data_Size=8 bits 		 Slave_address=0x01 		 Selected_Register=Control Register 		  Data_to_Write=0xaa 		 Status=Pass
Time=3912409170.000 ns 		 SPI_clock_frequency=1000000Hz 		 SPI_MODE=2 		 Operation=Read  		 Data_Size=8 bits 		 Slave_address=0x01 		 Selected_Register=Control Register 		  Data_to_Write=0xbe 		 Status=Pass
Time=3912409250.000 ns 		 SPI_clock_frequency=1000000Hz 		 SPI_MODE=2 		 Operation=Read  		 Data_Size=8 bits 		 Slave_address=0x01 		 Selected_Register=Control Register 		  Data_to_Write=0xff 		 Status=Pass
Time=3912409330.000 ns 		 SPI_clock_frequency=1000000Hz 		 SPI_MODE=3 		 Operation=Write 		 Data_Size=8 bits 		 Slave_address=0x01 		 Selected_Register=Control Register 		  Data_to_Write=0x0 		 Status=Pass
Time=3912409410.000 ns 		 SPI_clock_frequency=1000000Hz 		 SPI_MODE=3 		 Operation=Write 		 Data_Size=8 bits 		 Slave_address=0x01 		 Selected_Register=Control Register 		  Data_to_Write=0x55 		 Status=Pass
Time=3912409490.000 ns 		 SPI_clock_frequency=1000000Hz 		 SPI_MODE=3 		 Operation=Write 		 Data_Size=8 bits 		 Slave_address=0x01 		 Selected_Register=Control Register 		  Data_to_Write=0xaa 		 Status=Pass
Time=3912409570.000 ns 		 SPI_clock_frequency=1000000Hz 		 SPI_MODE=3 		 Operation=Write 		 Data_Size=8 bits 		 Slave_address=0x01 		 Selected_Register=Control Register 		  Data_to_Write=0xbe 		 Status=Pass
Time=3912409650.000 ns 		 SPI_clock_frequency=1000000Hz 		 SPI_MODE=3 		 Operation=Write 		 Data_Size=8 bits 		 Slave_address=0x01 		 Selected_Register=Control Register 		  Data_to_Write=0xff 		 Status=Pass
Time=3912409730.000 ns 		 SPI_clock_frequency=1000000Hz 		 SPI_MODE=3 		 Operation=Read  		 Data_Size=8 bits 		 Slave_address=0x01 		 Selected_Register=Control Register 		  Data_to_Write=0x0 		 Status=Pass
Time=3912409810.000 ns 		 SPI_clock_frequency=1000000Hz 		 SPI_MODE=3 		 Operation=Read  		 Data_Size=8 bits 		 Slave_address=0x01 		 Selected_Register=Control Register 		  Data_to_Write=0x55 		 Status=Pass
Time=3912409890.000 ns 		 SPI_clock_frequency=1000000Hz 		 SPI_MODE=3 		 Operation=Read  		 Data_Size=8 bits 		 Slave_address=0x01 		 Selected_Register=Control Register 		  Data_to_Write=0xaa 		 Status=Pass
Time=3912409970.000 ns 		 SPI_clock_frequency=1000000Hz 		 SPI_MODE=3 		 Operation=Read  		 Data_Size=8 bits 		 Slave_address=0x01 		 Selected_Register=Control Register 		  Data_to_Write=0xbe 		 Status=Pass
Time=3912410050.000 ns 		 SPI_clock_frequency=1000000Hz 		 SPI_MODE=3 		 Operation=Read  		 Data_Size=8 bits 		 Slave_address=0x01 		 Selected_Register=Control Register 		  Data_to_Write=0xff 		 Status=Pass
Time=3912410130.000 ns 		 SPI_clock_frequency=1000000Hz 		 SPI_MODE=0 		 Operation=Write 		 Data_Size=8 bits 		 Slave_address=0x02 		 Selected_Register=Status Register    		  Data_to_Write=0x0 		 Status=Pass
Time=3912410210.000 ns 		 SPI_clock_frequency=1000000Hz 		 SPI_MODE=0 		 Operation=Write 		 Data_Size=8 bits 		 Slave_address=0x02 		 Selected_Register=Status Register    		  Data_to_Write=0x55 		 Status=Pass
Time=3912410290.000 ns 		 SPI_clock_frequency=1000000Hz 		 SPI_MODE=0 		 Operation=Write 		 Data_Size=8 bits 		 Slave_address=0x02 		 Selected_Register=Status Register    		  Data_to_Write=0xaa 		 Status=Pass
Time=3912410370.000 ns 		 SPI_clock_frequency=1000000Hz 		 SPI_MODE=0 		 Operation=Write 		 Data_Size=8 bits 		 Slave_address=0x02 		 Selected_Register=Status Register    		  Data_to_Write=0xbe 		 Status=Pass
Time=3912410450.000 ns 		 SPI_clock_frequency=1000000Hz 		 SPI_MODE=0 		 Operation=Write 		 Data_Size=8 bits 		 Slave_address=0x02 		 Selected_Register=Status Register    		  Data_to_Write=0xff 		 Status=Pass
Time=3912410530.000 ns 		 SPI_clock_frequency=1000000Hz 		 SPI_MODE=0 		 Operation=Read  		 Data_Size=8 bits 		 Slave_address=0x02 		 Selected_Register=Status Register     		  Data_to_Write=0x0 		 Status=Pass
Time=3912410610.000 ns 		 SPI_clock_frequency=1000000Hz 		 SPI_MODE=0 		 Operation=Read  		 Data_Size=8 bits 		 Slave_address=0x02 		 Selected_Register=Status Register     		  Data_to_Write=0x55 		 Status=Pass
Time=3912410690.000 ns 		 SPI_clock_frequency=1000000Hz 		 SPI_MODE=0 		 Operation=Read  		 Data_Size=8 bits 		 Slave_address=0x02 		 Selected_Register=Status Register     		  Data_to_Write=0xaa 		 Status=Pass
Time=3912410770.000 ns 		 SPI_clock_frequency=1000000Hz 		 SPI_MODE=0 		 Operation=Read  		 Data_Size=8 bits 		 Slave_address=0x02 		 Selected_Register=Status Register     		  Data_to_Write=0xbe 		 Status=Pass
Time=3912410850.000 ns 		 SPI_clock_frequency=1000000Hz 		 SPI_MODE=0 		 Operation=Read  		 Data_Size=8 bits 		 Slave_address=0x02 		 Selected_Register=Status Register     		  Data_to_Write=0xff 		 Status=Pass
Time=3912410930.000 ns 		 SPI_clock_frequency=1000000Hz 		 SPI_MODE=1 		 Operation=Write 		 Data_Size=8 bits 		 Slave_address=0x02 		 Selected_Register=Status Register    		  Data_to_Write=0x0 		 Status=Pass
Time=3912411010.000 ns 		 SPI_clock_frequency=1000000Hz 		 SPI_MODE=1 		 Operation=Write 		 Data_Size=8 bits 		 Slave_address=0x02 		 Selected_Register=Status Register    		  Data_to_Write=0x55 		 Status=Pass
Time=3912411090.000 ns 		 SPI_clock_frequency=1000000Hz 		 SPI_MODE=1 		 Operation=Write 		 Data_Size=8 bits 		 Slave_address=0x02 		 Selected_Register=Status Register    		  Data_to_Write=0xaa 		 Status=Pass
Time=3912411170.000 ns 		 SPI_clock_frequency=1000000Hz 		 SPI_MODE=1 		 Operation=Write 		 Data_Size=8 bits 		 Slave_address=0x02 		 Selected_Register=Status Register    		  Data_to_Write=0xbe 		 Status=Pass
Time=3912411250.000 ns 		 SPI_clock_frequency=1000000Hz 		 SPI_MODE=1 		 Operation=Write 		 Data_Size=8 bits 		 Slave_address=0x02 		 Selected_Register=Status Register    		  Data_to_Write=0xff 		 Status=Pass
Time=3912411330.000 ns 		 SPI_clock_frequency=1000000Hz 		 SPI_MODE=1 		 Operation=Read  		 Data_Size=8 bits 		 Slave_address=0x02 		 Selected_Register=Status Register     		  Data_to_Write=0x0 		 Status=Pass
Time=3912411410.000 ns 		 SPI_clock_frequency=1000000Hz 		 SPI_MODE=1 		 Operation=Read  		 Data_Size=8 bits 		 Slave_address=0x02 		 Selected_Register=Status Register     		  Data_to_Write=0x55 		 Status=Pass
Time=3912411490.000 ns 		 SPI_clock_frequency=1000000Hz 		 SPI_MODE=1 		 Operation=Read  		 Data_Size=8 bits 		 Slave_address=0x02 		 Selected_Register=Status Register     		  Data_to_Write=0xaa 		 Status=Pass
Time=3912411570.000 ns 		 SPI_clock_frequency=1000000Hz 		 SPI_MODE=1 		 Operation=Read  		 Data_Size=8 bits 		 Slave_address=0x02 		 Selected_Register=Status Register     		  Data_to_Write=0xbe 		 Status=Pass
Time=3912411650.000 ns 		 SPI_clock_frequency=1000000Hz 		 SPI_MODE=1 		 Operation=Read  		 Data_Size=8 bits 		 Slave_address=0x02 		 Selected_Register=Status Register     		  Data_to_Write=0xff 		 Status=Pass
Time=3912411730.000 ns 		 SPI_clock_frequency=1000000Hz 		 SPI_MODE=2 		 Operation=Write 		 Data_Size=8 bits 		 Slave_address=0x02 		 Selected_Register=Status Register    		  Data_to_Write=0x0 		 Status=Pass
Time=3912411810.000 ns 		 SPI_clock_frequency=1000000Hz 		 SPI_MODE=2 		 Operation=Write 		 Data_Size=8 bits 		 Slave_address=0x02 		 Selected_Register=Status Register    		  Data_to_Write=0x55 		 Status=Pass
Time=3912411890.000 ns 		 SPI_clock_frequency=1000000Hz 		 SPI_MODE=2 		 Operation=Write 		 Data_Size=8 bits 		 Slave_address=0x02 		 Selected_Register=Status Register    		  Data_to_Write=0xaa 		 Status=Pass
Time=3912411970.000 ns 		 SPI_clock_frequency=1000000Hz 		 SPI_MODE=2 		 Operation=Write 		 Data_Size=8 bits 		 Slave_address=0x02 		 Selected_Register=Status Register    		  Data_to_Write=0xbe 		 Status=Pass
Time=3912412050.000 ns 		 SPI_clock_frequency=1000000Hz 		 SPI_MODE=2 		 Operation=Write 		 Data_Size=8 bits 		 Slave_address=0x02 		 Selected_Register=Status Register    		  Data_to_Write=0xff 		 Status=Pass
Time=3912412130.000 ns 		 SPI_clock_frequency=1000000Hz 		 SPI_MODE=2 		 Operation=Read  		 Data_Size=8 bits 		 Slave_address=0x02 		 Selected_Register=Status Register     		  Data_to_Write=0x0 		 Status=Pass
Time=3912412210.000 ns 		 SPI_clock_frequency=1000000Hz 		 SPI_MODE=2 		 Operation=Read  		 Data_Size=8 bits 		 Slave_address=0x02 		 Selected_Register=Status Register     		  Data_to_Write=0x55 		 Status=Pass
Time=3912412290.000 ns 		 SPI_clock_frequency=1000000Hz 		 SPI_MODE=2 		 Operation=Read  		 Data_Size=8 bits 		 Slave_address=0x02 		 Selected_Register=Status Register     		  Data_to_Write=0xaa 		 Status=Pass
Time=3912412370.000 ns 		 SPI_clock_frequency=1000000Hz 		 SPI_MODE=2 		 Operation=Read  		 Data_Size=8 bits 		 Slave_address=0x02 		 Selected_Register=Status Register     		  Data_to_Write=0xbe 		 Status=Pass
Time=3912412450.000 ns 		 SPI_clock_frequency=1000000Hz 		 SPI_MODE=2 		 Operation=Read  		 Data_Size=8 bits 		 Slave_address=0x02 		 Selected_Register=Status Register     		  Data_to_Write=0xff 		 Status=Pass
Time=3912412530.000 ns 		 SPI_clock_frequency=1000000Hz 		 SPI_MODE=3 		 Operation=Write 		 Data_Size=8 bits 		 Slave_address=0x02 		 Selected_Register=Status Register    		  Data_to_Write=0x0 		 Status=Pass
Time=3912412610.000 ns 		 SPI_clock_frequency=1000000Hz 		 SPI_MODE=3 		 Operation=Write 		 Data_Size=8 bits 		 Slave_address=0x02 		 Selected_Register=Status Register    		  Data_to_Write=0x55 		 Status=Pass
Time=3912412690.000 ns 		 SPI_clock_frequency=1000000Hz 		 SPI_MODE=3 		 Operation=Write 		 Data_Size=8 bits 		 Slave_address=0x02 		 Selected_Register=Status Register    		  Data_to_Write=0xaa 		 Status=Pass
Time=3912412770.000 ns 		 SPI_clock_frequency=1000000Hz 		 SPI_MODE=3 		 Operation=Write 		 Data_Size=8 bits 		 Slave_address=0x02 		 Selected_Register=Status Register    		  Data_to_Write=0xbe 		 Status=Pass
Time=3912412850.000 ns 		 SPI_clock_frequency=1000000Hz 		 SPI_MODE=3 		 Operation=Write 		 Data_Size=8 bits 		 Slave_address=0x02 		 Selected_Register=Status Register    		  Data_to_Write=0xff 		 Status=Pass
Time=3912412930.000 ns 		 SPI_clock_frequency=1000000Hz 		 SPI_MODE=3 		 Operation=Read  		 Data_Size=8 bits 		 Slave_address=0x02 		 Selected_Register=Status Register     		  Data_to_Write=0x0 		 Status=Pass
Time=3912413010.000 ns 		 SPI_clock_frequency=1000000Hz 		 SPI_MODE=3 		 Operation=Read  		 Data_Size=8 bits 		 Slave_address=0x02 		 Selected_Register=Status Register     		  Data_to_Write=0x55 		 Status=Pass
Time=3912413090.000 ns 		 SPI_clock_frequency=1000000Hz 		 SPI_MODE=3 		 Operation=Read  		 Data_Size=8 bits 		 Slave_address=0x02 		 Selected_Register=Status Register     		  Data_to_Write=0xaa 		 Status=Pass
Time=3912413170.000 ns 		 SPI_clock_frequency=1000000Hz 		 SPI_MODE=3 		 Operation=Read  		 Data_Size=8 bits 		 Slave_address=0x02 		 Selected_Register=Status Register     		  Data_to_Write=0xbe 		 Status=Pass
Time=3912413250.000 ns 		 SPI_clock_frequency=1000000Hz 		 SPI_MODE=3 		 Operation=Read  		 Data_Size=8 bits 		 Slave_address=0x02 		 Selected_Register=Status Register     		  Data_to_Write=0xff 		 Status=Pass
Time=3912413330.000 ns 		 SPI_clock_frequency=1000000Hz 		 SPI_MODE=0 		 Operation=Write 		 Data_Size=8 bits 		 Slave_address=0x03 		 Selected_Register=Data Register      		  Data_to_Write=0x0 		 Status=Pass
Time=3912413410.000 ns 		 SPI_clock_frequency=1000000Hz 		 SPI_MODE=0 		 Operation=Write 		 Data_Size=8 bits 		 Slave_address=0x03 		 Selected_Register=Data Register      		  Data_to_Write=0x55 		 Status=Pass
Time=3912413490.000 ns 		 SPI_clock_frequency=1000000Hz 		 SPI_MODE=0 		 Operation=Write 		 Data_Size=8 bits 		 Slave_address=0x03 		 Selected_Register=Data Register      		  Data_to_Write=0xaa 		 Status=Pass
Time=3912413570.000 ns 		 SPI_clock_frequency=1000000Hz 		 SPI_MODE=0 		 Operation=Write 		 Data_Size=8 bits 		 Slave_address=0x03 		 Selected_Register=Data Register      		  Data_to_Write=0xbe 		 Status=Pass
Time=3912413650.000 ns 		 SPI_clock_frequency=1000000Hz 		 SPI_MODE=0 		 Operation=Write 		 Data_Size=8 bits 		 Slave_address=0x03 		 Selected_Register=Data Register      		  Data_to_Write=0xff 		 Status=Pass
Time=3912413730.000 ns 		 SPI_clock_frequency=1000000Hz 		 SPI_MODE=0 		 Operation=Read  		 Data_Size=8 bits 		 Slave_address=0x03 		 Selected_Register=Data Register       		  Data_to_Write=0x0 		 Status=Pass
Time=3912413810.000 ns 		 SPI_clock_frequency=1000000Hz 		 SPI_MODE=0 		 Operation=Read  		 Data_Size=8 bits 		 Slave_address=0x03 		 Selected_Register=Data Register       		  Data_to_Write=0x55 		 Status=Pass
Time=3912413890.000 ns 		 SPI_clock_frequency=1000000Hz 		 SPI_MODE=0 		 Operation=Read  		 Data_Size=8 bits 		 Slave_address=0x03 		 Selected_Register=Data Register       		  Data_to_Write=0xaa 		 Status=Pass
Time=3912413970.000 ns 		 SPI_clock_frequency=1000000Hz 		 SPI_MODE=0 		 Operation=Read  		 Data_Size=8 bits 		 Slave_address=0x03 		 Selected_Register=Data Register       		  Data_to_Write=0xbe 		 Status=Pass
Time=3912414050.000 ns 		 SPI_clock_frequency=1000000Hz 		 SPI_MODE=0 		 Operation=Read  		 Data_Size=8 bits 		 Slave_address=0x03 		 Selected_Register=Data Register       		  Data_to_Write=0xff 		 Status=Pass
Time=3912414130.000 ns 		 SPI_clock_frequency=1000000Hz 		 SPI_MODE=1 		 Operation=Write 		 Data_Size=8 bits 		 Slave_address=0x03 		 Selected_Register=Data Register      		  Data_to_Write=0x0 		 Status=Pass
Time=3912414210.000 ns 		 SPI_clock_frequency=1000000Hz 		 SPI_MODE=1 		 Operation=Write 		 Data_Size=8 bits 		 Slave_address=0x03 		 Selected_Register=Data Register      		  Data_to_Write=0x55 		 Status=Pass
Time=3912414290.000 ns 		 SPI_clock_frequency=1000000Hz 		 SPI_MODE=1 		 Operation=Write 		 Data_Size=8 bits 		 Slave_address=0x03 		 Selected_Register=Data Register      		  Data_to_Write=0xaa 		 Status=Pass
Time=3912414370.000 ns 		 SPI_clock_frequency=1000000Hz 		 SPI_MODE=1 		 Operation=Write 		 Data_Size=8 bits 		 Slave_address=0x03 		 Selected_Register=Data Register      		  Data_to_Write=0xbe 		 Status=Pass
Time=3912414450.000 ns 		 SPI_clock_frequency=1000000Hz 		 SPI_MODE=1 		 Operation=Write 		 Data_Size=8 bits 		 Slave_address=0x03 		 Selected_Register=Data Register      		  Data_to_Write=0xff 		 Status=Pass
Time=3912414530.000 ns 		 SPI_clock_frequency=1000000Hz 		 SPI_MODE=1 		 Operation=Read  		 Data_Size=8 bits 		 Slave_address=0x03 		 Selected_Register=Data Register       		  Data_to_Write=0x0 		 Status=Pass
Time=3912414610.000 ns 		 SPI_clock_frequency=1000000Hz 		 SPI_MODE=1 		 Operation=Read  		 Data_Size=8 bits 		 Slave_address=0x03 		 Selected_Register=Data Register       		  Data_to_Write=0x55 		 Status=Pass
Time=3912414690.000 ns 		 SPI_clock_frequency=1000000Hz 		 SPI_MODE=1 		 Operation=Read  		 Data_Size=8 bits 		 Slave_address=0x03 		 Selected_Register=Data Register       		  Data_to_Write=0xaa 		 Status=Pass
Time=3912414770.000 ns 		 SPI_clock_frequency=1000000Hz 		 SPI_MODE=1 		 Operation=Read  		 Data_Size=8 bits 		 Slave_address=0x03 		 Selected_Register=Data Register       		  Data_to_Write=0xbe 		 Status=Pass
Time=3912414850.000 ns 		 SPI_clock_frequency=1000000Hz 		 SPI_MODE=1 		 Operation=Read  		 Data_Size=8 bits 		 Slave_address=0x03 		 Selected_Register=Data Register       		  Data_to_Write=0xff 		 Status=Pass
Time=3912414930.000 ns 		 SPI_clock_frequency=1000000Hz 		 SPI_MODE=2 		 Operation=Write 		 Data_Size=8 bits 		 Slave_address=0x03 		 Selected_Register=Data Register      		  Data_to_Write=0x0 		 Status=Pass
Time=3912415010.000 ns 		 SPI_clock_frequency=1000000Hz 		 SPI_MODE=2 		 Operation=Write 		 Data_Size=8 bits 		 Slave_address=0x03 		 Selected_Register=Data Register      		  Data_to_Write=0x55 		 Status=Pass
Time=3912415090.000 ns 		 SPI_clock_frequency=1000000Hz 		 SPI_MODE=2 		 Operation=Write 		 Data_Size=8 bits 		 Slave_address=0x03 		 Selected_Register=Data Register      		  Data_to_Write=0xaa 		 Status=Pass
Time=3912415170.000 ns 		 SPI_clock_frequency=1000000Hz 		 SPI_MODE=2 		 Operation=Write 		 Data_Size=8 bits 		 Slave_address=0x03 		 Selected_Register=Data Register      		  Data_to_Write=0xbe 		 Status=Pass
Time=3912415250.000 ns 		 SPI_clock_frequency=1000000Hz 		 SPI_MODE=2 		 Operation=Write 		 Data_Size=8 bits 		 Slave_address=0x03 		 Selected_Register=Data Register      		  Data_to_Write=0xff 		 Status=Pass
Time=3912415330.000 ns 		 SPI_clock_frequency=1000000Hz 		 SPI_MODE=2 		 Operation=Read  		 Data_Size=8 bits 		 Slave_address=0x03 		 Selected_Register=Data Register       		  Data_to_Write=0x0 		 Status=Pass
Time=3912415410.000 ns 		 SPI_clock_frequency=1000000Hz 		 SPI_MODE=2 		 Operation=Read  		 Data_Size=8 bits 		 Slave_address=0x03 		 Selected_Register=Data Register       		  Data_to_Write=0x55 		 Status=Pass
Time=3912415490.000 ns 		 SPI_clock_frequency=1000000Hz 		 SPI_MODE=2 		 Operation=Read  		 Data_Size=8 bits 		 Slave_address=0x03 		 Selected_Register=Data Register       		  Data_to_Write=0xaa 		 Status=Pass
Time=3912415570.000 ns 		 SPI_clock_frequency=1000000Hz 		 SPI_MODE=2 		 Operation=Read  		 Data_Size=8 bits 		 Slave_address=0x03 		 Selected_Register=Data Register       		  Data_to_Write=0xbe 		 Status=Pass
Time=3912415650.000 ns 		 SPI_clock_frequency=1000000Hz 		 SPI_MODE=2 		 Operation=Read  		 Data_Size=8 bits 		 Slave_address=0x03 		 Selected_Register=Data Register       		  Data_to_Write=0xff 		 Status=Pass
Time=3912415730.000 ns 		 SPI_clock_frequency=1000000Hz 		 SPI_MODE=3 		 Operation=Write 		 Data_Size=8 bits 		 Slave_address=0x03 		 Selected_Register=Data Register      		  Data_to_Write=0x0 		 Status=Pass
Time=3912415810.000 ns 		 SPI_clock_frequency=1000000Hz 		 SPI_MODE=3 		 Operation=Write 		 Data_Size=8 bits 		 Slave_address=0x03 		 Selected_Register=Data Register      		  Data_to_Write=0x55 		 Status=Pass
Time=3912415890.000 ns 		 SPI_clock_frequency=1000000Hz 		 SPI_MODE=3 		 Operation=Write 		 Data_Size=8 bits 		 Slave_address=0x03 		 Selected_Register=Data Register      		  Data_to_Write=0xaa 		 Status=Pass
Time=3912415970.000 ns 		 SPI_clock_frequency=1000000Hz 		 SPI_MODE=3 		 Operation=Write 		 Data_Size=8 bits 		 Slave_address=0x03 		 Selected_Register=Data Register      		  Data_to_Write=0xbe 		 Status=Pass
Time=3912416050.000 ns 		 SPI_clock_frequency=1000000Hz 		 SPI_MODE=3 		 Operation=Write 		 Data_Size=8 bits 		 Slave_address=0x03 		 Selected_Register=Data Register      		  Data_to_Write=0xff 		 Status=Pass
Time=3912416130.000 ns 		 SPI_clock_frequency=1000000Hz 		 SPI_MODE=3 		 Operation=Read  		 Data_Size=8 bits 		 Slave_address=0x03 		 Selected_Register=Data Register       		  Data_to_Write=0x0 		 Status=Pass
Time=3912416210.000 ns 		 SPI_clock_frequency=1000000Hz 		 SPI_MODE=3 		 Operation=Read  		 Data_Size=8 bits 		 Slave_address=0x03 		 Selected_Register=Data Register       		  Data_to_Write=0x55 		 Status=Pass
Time=3912416290.000 ns 		 SPI_clock_frequency=1000000Hz 		 SPI_MODE=3 		 Operation=Read  		 Data_Size=8 bits 		 Slave_address=0x03 		 Selected_Register=Data Register       		  Data_to_Write=0xaa 		 Status=Pass
Time=3912416370.000 ns 		 SPI_clock_frequency=1000000Hz 		 SPI_MODE=3 		 Operation=Read  		 Data_Size=8 bits 		 Slave_address=0x03 		 Selected_Register=Data Register       		  Data_to_Write=0xbe 		 Status=Pass
Time=3912416450.000 ns 		 SPI_clock_frequency=1000000Hz 		 SPI_MODE=3 		 Operation=Read  		 Data_Size=8 bits 		 Slave_address=0x03 		 Selected_Register=Data Register       		  Data_to_Write=0xff 		 Status=Pass
 ERROR: Invalid Slave Address (04)
 ERROR: Invalid Slave Address (04)
 ERROR: Invalid Slave Address (04)
 ERROR: Invalid Slave Address (04)
 ERROR: Invalid Slave Address (04)
 ERROR: Invalid Slave Address (04)
 ERROR: Invalid Slave Address (04)
 ERROR: Invalid Slave Address (04)
 ERROR: Invalid Slave Address (04)
 ERROR: Invalid Slave Address (04)
 ERROR: Invalid Slave Address (04)
 ERROR: Invalid Slave Address (04)
 ERROR: Invalid Slave Address (04)
 ERROR: Invalid Slave Address (04)
 ERROR: Invalid Slave Address (04)
 ERROR: Invalid Slave Address (04)
 ERROR: Invalid Slave Address (04)
 ERROR: Invalid Slave Address (04)
 ERROR: Invalid Slave Address (04)
 ERROR: Invalid Slave Address (04)
 ERROR: Invalid Slave Address (04)
 ERROR: Invalid Slave Address (04)
 ERROR: Invalid Slave Address (04)
 ERROR: Invalid Slave Address (04)
 ERROR: Invalid Slave Address (04)
 ERROR: Invalid Slave Address (04)
 ERROR: Invalid Slave Address (04)
 ERROR: Invalid Slave Address (04)
 ERROR: Invalid Slave Address (04)
 ERROR: Invalid Slave Address (04)
 ERROR: Invalid Slave Address (04)
 ERROR: Invalid Slave Address (04)
 ERROR: Invalid Slave Address (04)
 ERROR: Invalid Slave Address (04)
 ERROR: Invalid Slave Address (04)
 ERROR: Invalid Slave Address (04)
 ERROR: Invalid Slave Address (04)
 ERROR: Invalid Slave Address (04)
 ERROR: Invalid Slave Address (04)
 ERROR: Invalid Slave Address (04)
 ERROR: Invalid Slave Address (05)
 ERROR: Invalid Slave Address (05)
 ERROR: Invalid Slave Address (05)
 ERROR: Invalid Slave Address (05)
 ERROR: Invalid Slave Address (05)
 ERROR: Invalid Slave Address (05)
 ERROR: Invalid Slave Address (05)
 ERROR: Invalid Slave Address (05)
 ERROR: Invalid Slave Address (05)
 ERROR: Invalid Slave Address (05)
 ERROR: Invalid Slave Address (05)
 ERROR: Invalid Slave Address (05)
 ERROR: Invalid Slave Address (05)
 ERROR: Invalid Slave Address (05)
 ERROR: Invalid Slave Address (05)
 ERROR: Invalid Slave Address (05)
 ERROR: Invalid Slave Address (05)
 ERROR: Invalid Slave Address (05)
 ERROR: Invalid Slave Address (05)
 ERROR: Invalid Slave Address (05)
 ERROR: Invalid Slave Address (05)
 ERROR: Invalid Slave Address (05)
 ERROR: Invalid Slave Address (05)
 ERROR: Invalid Slave Address (05)
 ERROR: Invalid Slave Address (05)
 ERROR: Invalid Slave Address (05)
 ERROR: Invalid Slave Address (05)
 ERROR: Invalid Slave Address (05)
 ERROR: Invalid Slave Address (05)
 ERROR: Invalid Slave Address (05)
 ERROR: Invalid Slave Address (05)
 ERROR: Invalid Slave Address (05)
 ERROR: Invalid Slave Address (05)
 ERROR: Invalid Slave Address (05)
 ERROR: Invalid Slave Address (05)
 ERROR: Invalid Slave Address (05)
 ERROR: Invalid Slave Address (05)
 ERROR: Invalid Slave Address (05)
 ERROR: Invalid Slave Address (05)
 ERROR: Invalid Slave Address (05)
 ERROR: Writing a read only register (Device ID)
 ERROR: Writing a read only register (Device ID)
 ERROR: Writing a read only register (Device ID)
 ERROR: Writing a read only register (Device ID)
 ERROR: Writing a read only register (Device ID)
Time=3912421630.000 ns 		 SPI_clock_frequency=1000000Hz 		 SPI_MODE=0 		 Operation=Read  		 Data_Size=16 bits 		 Slave_address=0x00 		 Selected_Register=Device ID          		  Data_to_Write=0x0 		 Status=Pass
Time=3912421710.000 ns 		 SPI_clock_frequency=1000000Hz 		 SPI_MODE=0 		 Operation=Read  		 Data_Size=16 bits 		 Slave_address=0x00 		 Selected_Register=Device ID          		  Data_to_Write=0x5555 		 Status=Pass
Time=3912421790.000 ns 		 SPI_clock_frequency=1000000Hz 		 SPI_MODE=0 		 Operation=Read  		 Data_Size=16 bits 		 Slave_address=0x00 		 Selected_Register=Device ID          		  Data_to_Write=0xaaaa 		 Status=Pass
Time=3912421870.000 ns 		 SPI_clock_frequency=1000000Hz 		 SPI_MODE=0 		 Operation=Read  		 Data_Size=16 bits 		 Slave_address=0x00 		 Selected_Register=Device ID          		  Data_to_Write=0x3478 		 Status=Pass
Time=3912421950.000 ns 		 SPI_clock_frequency=1000000Hz 		 SPI_MODE=0 		 Operation=Read  		 Data_Size=16 bits 		 Slave_address=0x00 		 Selected_Register=Device ID          		  Data_to_Write=0xffff 		 Status=Pass
 ERROR: Writing a read only register (Device ID)
 ERROR: Writing a read only register (Device ID)
 ERROR: Writing a read only register (Device ID)
 ERROR: Writing a read only register (Device ID)
 ERROR: Writing a read only register (Device ID)
Time=3912422330.000 ns 		 SPI_clock_frequency=1000000Hz 		 SPI_MODE=1 		 Operation=Read  		 Data_Size=16 bits 		 Slave_address=0x00 		 Selected_Register=Device ID          		  Data_to_Write=0x0 		 Status=Pass
Time=3912422410.000 ns 		 SPI_clock_frequency=1000000Hz 		 SPI_MODE=1 		 Operation=Read  		 Data_Size=16 bits 		 Slave_address=0x00 		 Selected_Register=Device ID          		  Data_to_Write=0x5555 		 Status=Pass
Time=3912422490.000 ns 		 SPI_clock_frequency=1000000Hz 		 SPI_MODE=1 		 Operation=Read  		 Data_Size=16 bits 		 Slave_address=0x00 		 Selected_Register=Device ID          		  Data_to_Write=0xaaaa 		 Status=Pass
Time=3912422570.000 ns 		 SPI_clock_frequency=1000000Hz 		 SPI_MODE=1 		 Operation=Read  		 Data_Size=16 bits 		 Slave_address=0x00 		 Selected_Register=Device ID          		  Data_to_Write=0x3478 		 Status=Pass
Time=3912422650.000 ns 		 SPI_clock_frequency=1000000Hz 		 SPI_MODE=1 		 Operation=Read  		 Data_Size=16 bits 		 Slave_address=0x00 		 Selected_Register=Device ID          		  Data_to_Write=0xffff 		 Status=Pass
 ERROR: Writing a read only register (Device ID)
 ERROR: Writing a read only register (Device ID)
 ERROR: Writing a read only register (Device ID)
 ERROR: Writing a read only register (Device ID)
 ERROR: Writing a read only register (Device ID)
Time=3912423030.000 ns 		 SPI_clock_frequency=1000000Hz 		 SPI_MODE=2 		 Operation=Read  		 Data_Size=16 bits 		 Slave_address=0x00 		 Selected_Register=Device ID          		  Data_to_Write=0x0 		 Status=Pass
Time=3912423110.000 ns 		 SPI_clock_frequency=1000000Hz 		 SPI_MODE=2 		 Operation=Read  		 Data_Size=16 bits 		 Slave_address=0x00 		 Selected_Register=Device ID          		  Data_to_Write=0x5555 		 Status=Pass
Time=3912423190.000 ns 		 SPI_clock_frequency=1000000Hz 		 SPI_MODE=2 		 Operation=Read  		 Data_Size=16 bits 		 Slave_address=0x00 		 Selected_Register=Device ID          		  Data_to_Write=0xaaaa 		 Status=Pass
Time=3912423270.000 ns 		 SPI_clock_frequency=1000000Hz 		 SPI_MODE=2 		 Operation=Read  		 Data_Size=16 bits 		 Slave_address=0x00 		 Selected_Register=Device ID          		  Data_to_Write=0x3478 		 Status=Pass
Time=3912423350.000 ns 		 SPI_clock_frequency=1000000Hz 		 SPI_MODE=2 		 Operation=Read  		 Data_Size=16 bits 		 Slave_address=0x00 		 Selected_Register=Device ID          		  Data_to_Write=0xffff 		 Status=Pass
 ERROR: Writing a read only register (Device ID)
 ERROR: Writing a read only register (Device ID)
 ERROR: Writing a read only register (Device ID)
 ERROR: Writing a read only register (Device ID)
 ERROR: Writing a read only register (Device ID)
Time=3912423730.000 ns 		 SPI_clock_frequency=1000000Hz 		 SPI_MODE=3 		 Operation=Read  		 Data_Size=16 bits 		 Slave_address=0x00 		 Selected_Register=Device ID          		  Data_to_Write=0x0 		 Status=Pass
Time=3912423810.000 ns 		 SPI_clock_frequency=1000000Hz 		 SPI_MODE=3 		 Operation=Read  		 Data_Size=16 bits 		 Slave_address=0x00 		 Selected_Register=Device ID          		  Data_to_Write=0x5555 		 Status=Pass
Time=3912423890.000 ns 		 SPI_clock_frequency=1000000Hz 		 SPI_MODE=3 		 Operation=Read  		 Data_Size=16 bits 		 Slave_address=0x00 		 Selected_Register=Device ID          		  Data_to_Write=0xaaaa 		 Status=Pass
Time=3912423970.000 ns 		 SPI_clock_frequency=1000000Hz 		 SPI_MODE=3 		 Operation=Read  		 Data_Size=16 bits 		 Slave_address=0x00 		 Selected_Register=Device ID          		  Data_to_Write=0x3478 		 Status=Pass
Time=3912424050.000 ns 		 SPI_clock_frequency=1000000Hz 		 SPI_MODE=3 		 Operation=Read  		 Data_Size=16 bits 		 Slave_address=0x00 		 Selected_Register=Device ID          		  Data_to_Write=0xffff 		 Status=Pass
Time=3912424130.000 ns 		 SPI_clock_frequency=1000000Hz 		 SPI_MODE=0 		 Operation=Write 		 Data_Size=16 bits 		 Slave_address=0x01 		 Selected_Register=Control Register 		  Data_to_Write=0x0 		 Status=Pass
Time=3912424210.000 ns 		 SPI_clock_frequency=1000000Hz 		 SPI_MODE=0 		 Operation=Write 		 Data_Size=16 bits 		 Slave_address=0x01 		 Selected_Register=Control Register 		  Data_to_Write=0x5555 		 Status=Pass
Time=3912424290.000 ns 		 SPI_clock_frequency=1000000Hz 		 SPI_MODE=0 		 Operation=Write 		 Data_Size=16 bits 		 Slave_address=0x01 		 Selected_Register=Control Register 		  Data_to_Write=0xaaaa 		 Status=Pass
Time=3912424370.000 ns 		 SPI_clock_frequency=1000000Hz 		 SPI_MODE=0 		 Operation=Write 		 Data_Size=16 bits 		 Slave_address=0x01 		 Selected_Register=Control Register 		  Data_to_Write=0x3478 		 Status=Pass
Time=3912424450.000 ns 		 SPI_clock_frequency=1000000Hz 		 SPI_MODE=0 		 Operation=Write 		 Data_Size=16 bits 		 Slave_address=0x01 		 Selected_Register=Control Register 		  Data_to_Write=0xffff 		 Status=Pass
Time=3912424530.000 ns 		 SPI_clock_frequency=1000000Hz 		 SPI_MODE=0 		 Operation=Read  		 Data_Size=16 bits 		 Slave_address=0x01 		 Selected_Register=Control Register 		  Data_to_Write=0x0 		 Status=Pass
Time=3912424610.000 ns 		 SPI_clock_frequency=1000000Hz 		 SPI_MODE=0 		 Operation=Read  		 Data_Size=16 bits 		 Slave_address=0x01 		 Selected_Register=Control Register 		  Data_to_Write=0x5555 		 Status=Pass
Time=3912424690.000 ns 		 SPI_clock_frequency=1000000Hz 		 SPI_MODE=0 		 Operation=Read  		 Data_Size=16 bits 		 Slave_address=0x01 		 Selected_Register=Control Register 		  Data_to_Write=0xaaaa 		 Status=Pass
Time=3912424770.000 ns 		 SPI_clock_frequency=1000000Hz 		 SPI_MODE=0 		 Operation=Read  		 Data_Size=16 bits 		 Slave_address=0x01 		 Selected_Register=Control Register 		  Data_to_Write=0x3478 		 Status=Pass
Time=3912424850.000 ns 		 SPI_clock_frequency=1000000Hz 		 SPI_MODE=0 		 Operation=Read  		 Data_Size=16 bits 		 Slave_address=0x01 		 Selected_Register=Control Register 		  Data_to_Write=0xffff 		 Status=Pass
Time=3912424930.000 ns 		 SPI_clock_frequency=1000000Hz 		 SPI_MODE=1 		 Operation=Write 		 Data_Size=16 bits 		 Slave_address=0x01 		 Selected_Register=Control Register 		  Data_to_Write=0x0 		 Status=Pass
Time=3912425010.000 ns 		 SPI_clock_frequency=1000000Hz 		 SPI_MODE=1 		 Operation=Write 		 Data_Size=16 bits 		 Slave_address=0x01 		 Selected_Register=Control Register 		  Data_to_Write=0x5555 		 Status=Pass
Time=3912425090.000 ns 		 SPI_clock_frequency=1000000Hz 		 SPI_MODE=1 		 Operation=Write 		 Data_Size=16 bits 		 Slave_address=0x01 		 Selected_Register=Control Register 		  Data_to_Write=0xaaaa 		 Status=Pass
Time=3912425170.000 ns 		 SPI_clock_frequency=1000000Hz 		 SPI_MODE=1 		 Operation=Write 		 Data_Size=16 bits 		 Slave_address=0x01 		 Selected_Register=Control Register 		  Data_to_Write=0x3478 		 Status=Pass
Time=3912425250.000 ns 		 SPI_clock_frequency=1000000Hz 		 SPI_MODE=1 		 Operation=Write 		 Data_Size=16 bits 		 Slave_address=0x01 		 Selected_Register=Control Register 		  Data_to_Write=0xffff 		 Status=Pass
Time=3912425330.000 ns 		 SPI_clock_frequency=1000000Hz 		 SPI_MODE=1 		 Operation=Read  		 Data_Size=16 bits 		 Slave_address=0x01 		 Selected_Register=Control Register 		  Data_to_Write=0x0 		 Status=Pass
Time=3912425410.000 ns 		 SPI_clock_frequency=1000000Hz 		 SPI_MODE=1 		 Operation=Read  		 Data_Size=16 bits 		 Slave_address=0x01 		 Selected_Register=Control Register 		  Data_to_Write=0x5555 		 Status=Pass
Time=3912425490.000 ns 		 SPI_clock_frequency=1000000Hz 		 SPI_MODE=1 		 Operation=Read  		 Data_Size=16 bits 		 Slave_address=0x01 		 Selected_Register=Control Register 		  Data_to_Write=0xaaaa 		 Status=Pass
Time=3912425570.000 ns 		 SPI_clock_frequency=1000000Hz 		 SPI_MODE=1 		 Operation=Read  		 Data_Size=16 bits 		 Slave_address=0x01 		 Selected_Register=Control Register 		  Data_to_Write=0x3478 		 Status=Pass
Time=3912425650.000 ns 		 SPI_clock_frequency=1000000Hz 		 SPI_MODE=1 		 Operation=Read  		 Data_Size=16 bits 		 Slave_address=0x01 		 Selected_Register=Control Register 		  Data_to_Write=0xffff 		 Status=Pass
Time=3912425730.000 ns 		 SPI_clock_frequency=1000000Hz 		 SPI_MODE=2 		 Operation=Write 		 Data_Size=16 bits 		 Slave_address=0x01 		 Selected_Register=Control Register 		  Data_to_Write=0x0 		 Status=Pass
Time=3912425810.000 ns 		 SPI_clock_frequency=1000000Hz 		 SPI_MODE=2 		 Operation=Write 		 Data_Size=16 bits 		 Slave_address=0x01 		 Selected_Register=Control Register 		  Data_to_Write=0x5555 		 Status=Pass
Time=3912425890.000 ns 		 SPI_clock_frequency=1000000Hz 		 SPI_MODE=2 		 Operation=Write 		 Data_Size=16 bits 		 Slave_address=0x01 		 Selected_Register=Control Register 		  Data_to_Write=0xaaaa 		 Status=Pass
Time=3912425970.000 ns 		 SPI_clock_frequency=1000000Hz 		 SPI_MODE=2 		 Operation=Write 		 Data_Size=16 bits 		 Slave_address=0x01 		 Selected_Register=Control Register 		  Data_to_Write=0x3478 		 Status=Pass
Time=3912426050.000 ns 		 SPI_clock_frequency=1000000Hz 		 SPI_MODE=2 		 Operation=Write 		 Data_Size=16 bits 		 Slave_address=0x01 		 Selected_Register=Control Register 		  Data_to_Write=0xffff 		 Status=Pass
Time=3912426130.000 ns 		 SPI_clock_frequency=1000000Hz 		 SPI_MODE=2 		 Operation=Read  		 Data_Size=16 bits 		 Slave_address=0x01 		 Selected_Register=Control Register 		  Data_to_Write=0x0 		 Status=Pass
Time=3912426210.000 ns 		 SPI_clock_frequency=1000000Hz 		 SPI_MODE=2 		 Operation=Read  		 Data_Size=16 bits 		 Slave_address=0x01 		 Selected_Register=Control Register 		  Data_to_Write=0x5555 		 Status=Pass
Time=3912426290.000 ns 		 SPI_clock_frequency=1000000Hz 		 SPI_MODE=2 		 Operation=Read  		 Data_Size=16 bits 		 Slave_address=0x01 		 Selected_Register=Control Register 		  Data_to_Write=0xaaaa 		 Status=Pass
Time=3912426370.000 ns 		 SPI_clock_frequency=1000000Hz 		 SPI_MODE=2 		 Operation=Read  		 Data_Size=16 bits 		 Slave_address=0x01 		 Selected_Register=Control Register 		  Data_to_Write=0x3478 		 Status=Pass
Time=3912426450.000 ns 		 SPI_clock_frequency=1000000Hz 		 SPI_MODE=2 		 Operation=Read  		 Data_Size=16 bits 		 Slave_address=0x01 		 Selected_Register=Control Register 		  Data_to_Write=0xffff 		 Status=Pass
Time=3912426530.000 ns 		 SPI_clock_frequency=1000000Hz 		 SPI_MODE=3 		 Operation=Write 		 Data_Size=16 bits 		 Slave_address=0x01 		 Selected_Register=Control Register 		  Data_to_Write=0x0 		 Status=Pass
Time=3912426610.000 ns 		 SPI_clock_frequency=1000000Hz 		 SPI_MODE=3 		 Operation=Write 		 Data_Size=16 bits 		 Slave_address=0x01 		 Selected_Register=Control Register 		  Data_to_Write=0x5555 		 Status=Pass
Time=3912426690.000 ns 		 SPI_clock_frequency=1000000Hz 		 SPI_MODE=3 		 Operation=Write 		 Data_Size=16 bits 		 Slave_address=0x01 		 Selected_Register=Control Register 		  Data_to_Write=0xaaaa 		 Status=Pass
Time=3912426770.000 ns 		 SPI_clock_frequency=1000000Hz 		 SPI_MODE=3 		 Operation=Write 		 Data_Size=16 bits 		 Slave_address=0x01 		 Selected_Register=Control Register 		  Data_to_Write=0x3478 		 Status=Pass
Time=3912426850.000 ns 		 SPI_clock_frequency=1000000Hz 		 SPI_MODE=3 		 Operation=Write 		 Data_Size=16 bits 		 Slave_address=0x01 		 Selected_Register=Control Register 		  Data_to_Write=0xffff 		 Status=Pass
Time=3912426930.000 ns 		 SPI_clock_frequency=1000000Hz 		 SPI_MODE=3 		 Operation=Read  		 Data_Size=16 bits 		 Slave_address=0x01 		 Selected_Register=Control Register 		  Data_to_Write=0x0 		 Status=Pass
Time=3912427010.000 ns 		 SPI_clock_frequency=1000000Hz 		 SPI_MODE=3 		 Operation=Read  		 Data_Size=16 bits 		 Slave_address=0x01 		 Selected_Register=Control Register 		  Data_to_Write=0x5555 		 Status=Pass
Time=3912427090.000 ns 		 SPI_clock_frequency=1000000Hz 		 SPI_MODE=3 		 Operation=Read  		 Data_Size=16 bits 		 Slave_address=0x01 		 Selected_Register=Control Register 		  Data_to_Write=0xaaaa 		 Status=Pass
Time=3912427170.000 ns 		 SPI_clock_frequency=1000000Hz 		 SPI_MODE=3 		 Operation=Read  		 Data_Size=16 bits 		 Slave_address=0x01 		 Selected_Register=Control Register 		  Data_to_Write=0x3478 		 Status=Pass
Time=3912427250.000 ns 		 SPI_clock_frequency=1000000Hz 		 SPI_MODE=3 		 Operation=Read  		 Data_Size=16 bits 		 Slave_address=0x01 		 Selected_Register=Control Register 		  Data_to_Write=0xffff 		 Status=Pass
Time=3912427330.000 ns 		 SPI_clock_frequency=1000000Hz 		 SPI_MODE=0 		 Operation=Write 		 Data_Size=16 bits 		 Slave_address=0x02 		 Selected_Register=Status Register    		  Data_to_Write=0x0 		 Status=Pass
Time=3912427410.000 ns 		 SPI_clock_frequency=1000000Hz 		 SPI_MODE=0 		 Operation=Write 		 Data_Size=16 bits 		 Slave_address=0x02 		 Selected_Register=Status Register    		  Data_to_Write=0x5555 		 Status=Pass
Time=3912427490.000 ns 		 SPI_clock_frequency=1000000Hz 		 SPI_MODE=0 		 Operation=Write 		 Data_Size=16 bits 		 Slave_address=0x02 		 Selected_Register=Status Register    		  Data_to_Write=0xaaaa 		 Status=Pass
Time=3912427570.000 ns 		 SPI_clock_frequency=1000000Hz 		 SPI_MODE=0 		 Operation=Write 		 Data_Size=16 bits 		 Slave_address=0x02 		 Selected_Register=Status Register    		  Data_to_Write=0x3478 		 Status=Pass
Time=3912427650.000 ns 		 SPI_clock_frequency=1000000Hz 		 SPI_MODE=0 		 Operation=Write 		 Data_Size=16 bits 		 Slave_address=0x02 		 Selected_Register=Status Register    		  Data_to_Write=0xffff 		 Status=Pass
Time=3912427730.000 ns 		 SPI_clock_frequency=1000000Hz 		 SPI_MODE=0 		 Operation=Read  		 Data_Size=16 bits 		 Slave_address=0x02 		 Selected_Register=Status Register     		  Data_to_Write=0x0 		 Status=Pass
Time=3912427810.000 ns 		 SPI_clock_frequency=1000000Hz 		 SPI_MODE=0 		 Operation=Read  		 Data_Size=16 bits 		 Slave_address=0x02 		 Selected_Register=Status Register     		  Data_to_Write=0x5555 		 Status=Pass
Time=3912427890.000 ns 		 SPI_clock_frequency=1000000Hz 		 SPI_MODE=0 		 Operation=Read  		 Data_Size=16 bits 		 Slave_address=0x02 		 Selected_Register=Status Register     		  Data_to_Write=0xaaaa 		 Status=Pass
Time=3912427970.000 ns 		 SPI_clock_frequency=1000000Hz 		 SPI_MODE=0 		 Operation=Read  		 Data_Size=16 bits 		 Slave_address=0x02 		 Selected_Register=Status Register     		  Data_to_Write=0x3478 		 Status=Pass
Time=3912428050.000 ns 		 SPI_clock_frequency=1000000Hz 		 SPI_MODE=0 		 Operation=Read  		 Data_Size=16 bits 		 Slave_address=0x02 		 Selected_Register=Status Register     		  Data_to_Write=0xffff 		 Status=Pass
Time=3912428130.000 ns 		 SPI_clock_frequency=1000000Hz 		 SPI_MODE=1 		 Operation=Write 		 Data_Size=16 bits 		 Slave_address=0x02 		 Selected_Register=Status Register    		  Data_to_Write=0x0 		 Status=Pass
Time=3912428210.000 ns 		 SPI_clock_frequency=1000000Hz 		 SPI_MODE=1 		 Operation=Write 		 Data_Size=16 bits 		 Slave_address=0x02 		 Selected_Register=Status Register    		  Data_to_Write=0x5555 		 Status=Pass
Time=3912428290.000 ns 		 SPI_clock_frequency=1000000Hz 		 SPI_MODE=1 		 Operation=Write 		 Data_Size=16 bits 		 Slave_address=0x02 		 Selected_Register=Status Register    		  Data_to_Write=0xaaaa 		 Status=Pass
Time=3912428370.000 ns 		 SPI_clock_frequency=1000000Hz 		 SPI_MODE=1 		 Operation=Write 		 Data_Size=16 bits 		 Slave_address=0x02 		 Selected_Register=Status Register    		  Data_to_Write=0x3478 		 Status=Pass
Time=3912428450.000 ns 		 SPI_clock_frequency=1000000Hz 		 SPI_MODE=1 		 Operation=Write 		 Data_Size=16 bits 		 Slave_address=0x02 		 Selected_Register=Status Register    		  Data_to_Write=0xffff 		 Status=Pass
Time=3912428530.000 ns 		 SPI_clock_frequency=1000000Hz 		 SPI_MODE=1 		 Operation=Read  		 Data_Size=16 bits 		 Slave_address=0x02 		 Selected_Register=Status Register     		  Data_to_Write=0x0 		 Status=Pass
Time=3912428610.000 ns 		 SPI_clock_frequency=1000000Hz 		 SPI_MODE=1 		 Operation=Read  		 Data_Size=16 bits 		 Slave_address=0x02 		 Selected_Register=Status Register     		  Data_to_Write=0x5555 		 Status=Pass
Time=3912428690.000 ns 		 SPI_clock_frequency=1000000Hz 		 SPI_MODE=1 		 Operation=Read  		 Data_Size=16 bits 		 Slave_address=0x02 		 Selected_Register=Status Register     		  Data_to_Write=0xaaaa 		 Status=Pass
Time=3912428770.000 ns 		 SPI_clock_frequency=1000000Hz 		 SPI_MODE=1 		 Operation=Read  		 Data_Size=16 bits 		 Slave_address=0x02 		 Selected_Register=Status Register     		  Data_to_Write=0x3478 		 Status=Pass
Time=3912428850.000 ns 		 SPI_clock_frequency=1000000Hz 		 SPI_MODE=1 		 Operation=Read  		 Data_Size=16 bits 		 Slave_address=0x02 		 Selected_Register=Status Register     		  Data_to_Write=0xffff 		 Status=Pass
Time=3912428930.000 ns 		 SPI_clock_frequency=1000000Hz 		 SPI_MODE=2 		 Operation=Write 		 Data_Size=16 bits 		 Slave_address=0x02 		 Selected_Register=Status Register    		  Data_to_Write=0x0 		 Status=Pass
Time=3912429010.000 ns 		 SPI_clock_frequency=1000000Hz 		 SPI_MODE=2 		 Operation=Write 		 Data_Size=16 bits 		 Slave_address=0x02 		 Selected_Register=Status Register    		  Data_to_Write=0x5555 		 Status=Pass
Time=3912429090.000 ns 		 SPI_clock_frequency=1000000Hz 		 SPI_MODE=2 		 Operation=Write 		 Data_Size=16 bits 		 Slave_address=0x02 		 Selected_Register=Status Register    		  Data_to_Write=0xaaaa 		 Status=Pass
Time=3912429170.000 ns 		 SPI_clock_frequency=1000000Hz 		 SPI_MODE=2 		 Operation=Write 		 Data_Size=16 bits 		 Slave_address=0x02 		 Selected_Register=Status Register    		  Data_to_Write=0x3478 		 Status=Pass
Time=3912429250.000 ns 		 SPI_clock_frequency=1000000Hz 		 SPI_MODE=2 		 Operation=Write 		 Data_Size=16 bits 		 Slave_address=0x02 		 Selected_Register=Status Register    		  Data_to_Write=0xffff 		 Status=Pass
Time=3912429330.000 ns 		 SPI_clock_frequency=1000000Hz 		 SPI_MODE=2 		 Operation=Read  		 Data_Size=16 bits 		 Slave_address=0x02 		 Selected_Register=Status Register     		  Data_to_Write=0x0 		 Status=Pass
Time=3912429410.000 ns 		 SPI_clock_frequency=1000000Hz 		 SPI_MODE=2 		 Operation=Read  		 Data_Size=16 bits 		 Slave_address=0x02 		 Selected_Register=Status Register     		  Data_to_Write=0x5555 		 Status=Pass
Time=3912429490.000 ns 		 SPI_clock_frequency=1000000Hz 		 SPI_MODE=2 		 Operation=Read  		 Data_Size=16 bits 		 Slave_address=0x02 		 Selected_Register=Status Register     		  Data_to_Write=0xaaaa 		 Status=Pass
Time=3912429570.000 ns 		 SPI_clock_frequency=1000000Hz 		 SPI_MODE=2 		 Operation=Read  		 Data_Size=16 bits 		 Slave_address=0x02 		 Selected_Register=Status Register     		  Data_to_Write=0x3478 		 Status=Pass
Time=3912429650.000 ns 		 SPI_clock_frequency=1000000Hz 		 SPI_MODE=2 		 Operation=Read  		 Data_Size=16 bits 		 Slave_address=0x02 		 Selected_Register=Status Register     		  Data_to_Write=0xffff 		 Status=Pass
Time=3912429730.000 ns 		 SPI_clock_frequency=1000000Hz 		 SPI_MODE=3 		 Operation=Write 		 Data_Size=16 bits 		 Slave_address=0x02 		 Selected_Register=Status Register    		  Data_to_Write=0x0 		 Status=Pass
Time=3912429810.000 ns 		 SPI_clock_frequency=1000000Hz 		 SPI_MODE=3 		 Operation=Write 		 Data_Size=16 bits 		 Slave_address=0x02 		 Selected_Register=Status Register    		  Data_to_Write=0x5555 		 Status=Pass
Time=3912429890.000 ns 		 SPI_clock_frequency=1000000Hz 		 SPI_MODE=3 		 Operation=Write 		 Data_Size=16 bits 		 Slave_address=0x02 		 Selected_Register=Status Register    		  Data_to_Write=0xaaaa 		 Status=Pass
Time=3912429970.000 ns 		 SPI_clock_frequency=1000000Hz 		 SPI_MODE=3 		 Operation=Write 		 Data_Size=16 bits 		 Slave_address=0x02 		 Selected_Register=Status Register    		  Data_to_Write=0x3478 		 Status=Pass
Time=3912430050.000 ns 		 SPI_clock_frequency=1000000Hz 		 SPI_MODE=3 		 Operation=Write 		 Data_Size=16 bits 		 Slave_address=0x02 		 Selected_Register=Status Register    		  Data_to_Write=0xffff 		 Status=Pass
Time=3912430130.000 ns 		 SPI_clock_frequency=1000000Hz 		 SPI_MODE=3 		 Operation=Read  		 Data_Size=16 bits 		 Slave_address=0x02 		 Selected_Register=Status Register     		  Data_to_Write=0x0 		 Status=Pass
Time=3912430210.000 ns 		 SPI_clock_frequency=1000000Hz 		 SPI_MODE=3 		 Operation=Read  		 Data_Size=16 bits 		 Slave_address=0x02 		 Selected_Register=Status Register     		  Data_to_Write=0x5555 		 Status=Pass
Time=3912430290.000 ns 		 SPI_clock_frequency=1000000Hz 		 SPI_MODE=3 		 Operation=Read  		 Data_Size=16 bits 		 Slave_address=0x02 		 Selected_Register=Status Register     		  Data_to_Write=0xaaaa 		 Status=Pass
Time=3912430370.000 ns 		 SPI_clock_frequency=1000000Hz 		 SPI_MODE=3 		 Operation=Read  		 Data_Size=16 bits 		 Slave_address=0x02 		 Selected_Register=Status Register     		  Data_to_Write=0x3478 		 Status=Pass
Time=3912430450.000 ns 		 SPI_clock_frequency=1000000Hz 		 SPI_MODE=3 		 Operation=Read  		 Data_Size=16 bits 		 Slave_address=0x02 		 Selected_Register=Status Register     		  Data_to_Write=0xffff 		 Status=Pass
Time=3912430530.000 ns 		 SPI_clock_frequency=1000000Hz 		 SPI_MODE=0 		 Operation=Write 		 Data_Size=16 bits 		 Slave_address=0x03 		 Selected_Register=Data Register      		  Data_to_Write=0x0 		 Status=Pass
Time=3912430610.000 ns 		 SPI_clock_frequency=1000000Hz 		 SPI_MODE=0 		 Operation=Write 		 Data_Size=16 bits 		 Slave_address=0x03 		 Selected_Register=Data Register      		  Data_to_Write=0x5555 		 Status=Pass
Time=3912430690.000 ns 		 SPI_clock_frequency=1000000Hz 		 SPI_MODE=0 		 Operation=Write 		 Data_Size=16 bits 		 Slave_address=0x03 		 Selected_Register=Data Register      		  Data_to_Write=0xaaaa 		 Status=Pass
Time=3912430770.000 ns 		 SPI_clock_frequency=1000000Hz 		 SPI_MODE=0 		 Operation=Write 		 Data_Size=16 bits 		 Slave_address=0x03 		 Selected_Register=Data Register      		  Data_to_Write=0x3478 		 Status=Pass
Time=3912430850.000 ns 		 SPI_clock_frequency=1000000Hz 		 SPI_MODE=0 		 Operation=Write 		 Data_Size=16 bits 		 Slave_address=0x03 		 Selected_Register=Data Register      		  Data_to_Write=0xffff 		 Status=Pass
Time=3912430930.000 ns 		 SPI_clock_frequency=1000000Hz 		 SPI_MODE=0 		 Operation=Read  		 Data_Size=16 bits 		 Slave_address=0x03 		 Selected_Register=Data Register       		  Data_to_Write=0x0 		 Status=Pass
Time=3912431010.000 ns 		 SPI_clock_frequency=1000000Hz 		 SPI_MODE=0 		 Operation=Read  		 Data_Size=16 bits 		 Slave_address=0x03 		 Selected_Register=Data Register       		  Data_to_Write=0x5555 		 Status=Pass
Time=3912431090.000 ns 		 SPI_clock_frequency=1000000Hz 		 SPI_MODE=0 		 Operation=Read  		 Data_Size=16 bits 		 Slave_address=0x03 		 Selected_Register=Data Register       		  Data_to_Write=0xaaaa 		 Status=Pass
Time=3912431170.000 ns 		 SPI_clock_frequency=1000000Hz 		 SPI_MODE=0 		 Operation=Read  		 Data_Size=16 bits 		 Slave_address=0x03 		 Selected_Register=Data Register       		  Data_to_Write=0x3478 		 Status=Pass
Time=3912431250.000 ns 		 SPI_clock_frequency=1000000Hz 		 SPI_MODE=0 		 Operation=Read  		 Data_Size=16 bits 		 Slave_address=0x03 		 Selected_Register=Data Register       		  Data_to_Write=0xffff 		 Status=Pass
Time=3912431330.000 ns 		 SPI_clock_frequency=1000000Hz 		 SPI_MODE=1 		 Operation=Write 		 Data_Size=16 bits 		 Slave_address=0x03 		 Selected_Register=Data Register      		  Data_to_Write=0x0 		 Status=Pass
Time=3912431410.000 ns 		 SPI_clock_frequency=1000000Hz 		 SPI_MODE=1 		 Operation=Write 		 Data_Size=16 bits 		 Slave_address=0x03 		 Selected_Register=Data Register      		  Data_to_Write=0x5555 		 Status=Pass
Time=3912431490.000 ns 		 SPI_clock_frequency=1000000Hz 		 SPI_MODE=1 		 Operation=Write 		 Data_Size=16 bits 		 Slave_address=0x03 		 Selected_Register=Data Register      		  Data_to_Write=0xaaaa 		 Status=Pass
Time=3912431570.000 ns 		 SPI_clock_frequency=1000000Hz 		 SPI_MODE=1 		 Operation=Write 		 Data_Size=16 bits 		 Slave_address=0x03 		 Selected_Register=Data Register      		  Data_to_Write=0x3478 		 Status=Pass
Time=3912431650.000 ns 		 SPI_clock_frequency=1000000Hz 		 SPI_MODE=1 		 Operation=Write 		 Data_Size=16 bits 		 Slave_address=0x03 		 Selected_Register=Data Register      		  Data_to_Write=0xffff 		 Status=Pass
Time=3912431730.000 ns 		 SPI_clock_frequency=1000000Hz 		 SPI_MODE=1 		 Operation=Read  		 Data_Size=16 bits 		 Slave_address=0x03 		 Selected_Register=Data Register       		  Data_to_Write=0x0 		 Status=Pass
Time=3912431810.000 ns 		 SPI_clock_frequency=1000000Hz 		 SPI_MODE=1 		 Operation=Read  		 Data_Size=16 bits 		 Slave_address=0x03 		 Selected_Register=Data Register       		  Data_to_Write=0x5555 		 Status=Pass
Time=3912431890.000 ns 		 SPI_clock_frequency=1000000Hz 		 SPI_MODE=1 		 Operation=Read  		 Data_Size=16 bits 		 Slave_address=0x03 		 Selected_Register=Data Register       		  Data_to_Write=0xaaaa 		 Status=Pass
Time=3912431970.000 ns 		 SPI_clock_frequency=1000000Hz 		 SPI_MODE=1 		 Operation=Read  		 Data_Size=16 bits 		 Slave_address=0x03 		 Selected_Register=Data Register       		  Data_to_Write=0x3478 		 Status=Pass
Time=3912432050.000 ns 		 SPI_clock_frequency=1000000Hz 		 SPI_MODE=1 		 Operation=Read  		 Data_Size=16 bits 		 Slave_address=0x03 		 Selected_Register=Data Register       		  Data_to_Write=0xffff 		 Status=Pass
Time=3912432130.000 ns 		 SPI_clock_frequency=1000000Hz 		 SPI_MODE=2 		 Operation=Write 		 Data_Size=16 bits 		 Slave_address=0x03 		 Selected_Register=Data Register      		  Data_to_Write=0x0 		 Status=Pass
Time=3912432210.000 ns 		 SPI_clock_frequency=1000000Hz 		 SPI_MODE=2 		 Operation=Write 		 Data_Size=16 bits 		 Slave_address=0x03 		 Selected_Register=Data Register      		  Data_to_Write=0x5555 		 Status=Pass
Time=3912432290.000 ns 		 SPI_clock_frequency=1000000Hz 		 SPI_MODE=2 		 Operation=Write 		 Data_Size=16 bits 		 Slave_address=0x03 		 Selected_Register=Data Register      		  Data_to_Write=0xaaaa 		 Status=Pass
Time=3912432370.000 ns 		 SPI_clock_frequency=1000000Hz 		 SPI_MODE=2 		 Operation=Write 		 Data_Size=16 bits 		 Slave_address=0x03 		 Selected_Register=Data Register      		  Data_to_Write=0x3478 		 Status=Pass
Time=3912432450.000 ns 		 SPI_clock_frequency=1000000Hz 		 SPI_MODE=2 		 Operation=Write 		 Data_Size=16 bits 		 Slave_address=0x03 		 Selected_Register=Data Register      		  Data_to_Write=0xffff 		 Status=Pass
Time=3912432530.000 ns 		 SPI_clock_frequency=1000000Hz 		 SPI_MODE=2 		 Operation=Read  		 Data_Size=16 bits 		 Slave_address=0x03 		 Selected_Register=Data Register       		  Data_to_Write=0x0 		 Status=Pass
Time=3912432610.000 ns 		 SPI_clock_frequency=1000000Hz 		 SPI_MODE=2 		 Operation=Read  		 Data_Size=16 bits 		 Slave_address=0x03 		 Selected_Register=Data Register       		  Data_to_Write=0x5555 		 Status=Pass
Time=3912432690.000 ns 		 SPI_clock_frequency=1000000Hz 		 SPI_MODE=2 		 Operation=Read  		 Data_Size=16 bits 		 Slave_address=0x03 		 Selected_Register=Data Register       		  Data_to_Write=0xaaaa 		 Status=Pass
Time=3912432770.000 ns 		 SPI_clock_frequency=1000000Hz 		 SPI_MODE=2 		 Operation=Read  		 Data_Size=16 bits 		 Slave_address=0x03 		 Selected_Register=Data Register       		  Data_to_Write=0x3478 		 Status=Pass
Time=3912432850.000 ns 		 SPI_clock_frequency=1000000Hz 		 SPI_MODE=2 		 Operation=Read  		 Data_Size=16 bits 		 Slave_address=0x03 		 Selected_Register=Data Register       		  Data_to_Write=0xffff 		 Status=Pass
Time=3912432930.000 ns 		 SPI_clock_frequency=1000000Hz 		 SPI_MODE=3 		 Operation=Write 		 Data_Size=16 bits 		 Slave_address=0x03 		 Selected_Register=Data Register      		  Data_to_Write=0x0 		 Status=Pass
Time=3912433010.000 ns 		 SPI_clock_frequency=1000000Hz 		 SPI_MODE=3 		 Operation=Write 		 Data_Size=16 bits 		 Slave_address=0x03 		 Selected_Register=Data Register      		  Data_to_Write=0x5555 		 Status=Pass
Time=3912433090.000 ns 		 SPI_clock_frequency=1000000Hz 		 SPI_MODE=3 		 Operation=Write 		 Data_Size=16 bits 		 Slave_address=0x03 		 Selected_Register=Data Register      		  Data_to_Write=0xaaaa 		 Status=Pass
Time=3912433170.000 ns 		 SPI_clock_frequency=1000000Hz 		 SPI_MODE=3 		 Operation=Write 		 Data_Size=16 bits 		 Slave_address=0x03 		 Selected_Register=Data Register      		  Data_to_Write=0x3478 		 Status=Pass
Time=3912433250.000 ns 		 SPI_clock_frequency=1000000Hz 		 SPI_MODE=3 		 Operation=Write 		 Data_Size=16 bits 		 Slave_address=0x03 		 Selected_Register=Data Register      		  Data_to_Write=0xffff 		 Status=Pass
Time=3912433330.000 ns 		 SPI_clock_frequency=1000000Hz 		 SPI_MODE=3 		 Operation=Read  		 Data_Size=16 bits 		 Slave_address=0x03 		 Selected_Register=Data Register       		  Data_to_Write=0x0 		 Status=Pass
Time=3912433410.000 ns 		 SPI_clock_frequency=1000000Hz 		 SPI_MODE=3 		 Operation=Read  		 Data_Size=16 bits 		 Slave_address=0x03 		 Selected_Register=Data Register       		  Data_to_Write=0x5555 		 Status=Pass
Time=3912433490.000 ns 		 SPI_clock_frequency=1000000Hz 		 SPI_MODE=3 		 Operation=Read  		 Data_Size=16 bits 		 Slave_address=0x03 		 Selected_Register=Data Register       		  Data_to_Write=0xaaaa 		 Status=Pass
Time=3912433570.000 ns 		 SPI_clock_frequency=1000000Hz 		 SPI_MODE=3 		 Operation=Read  		 Data_Size=16 bits 		 Slave_address=0x03 		 Selected_Register=Data Register       		  Data_to_Write=0x3478 		 Status=Pass
Time=3912433650.000 ns 		 SPI_clock_frequency=1000000Hz 		 SPI_MODE=3 		 Operation=Read  		 Data_Size=16 bits 		 Slave_address=0x03 		 Selected_Register=Data Register       		  Data_to_Write=0xffff 		 Status=Pass
 ERROR: Invalid Slave Address (04)
 ERROR: Invalid Slave Address (04)
 ERROR: Invalid Slave Address (04)
 ERROR: Invalid Slave Address (04)
 ERROR: Invalid Slave Address (04)
 ERROR: Invalid Slave Address (04)
 ERROR: Invalid Slave Address (04)
 ERROR: Invalid Slave Address (04)
 ERROR: Invalid Slave Address (04)
 ERROR: Invalid Slave Address (04)
 ERROR: Invalid Slave Address (04)
 ERROR: Invalid Slave Address (04)
 ERROR: Invalid Slave Address (04)
 ERROR: Invalid Slave Address (04)
 ERROR: Invalid Slave Address (04)
 ERROR: Invalid Slave Address (04)
 ERROR: Invalid Slave Address (04)
 ERROR: Invalid Slave Address (04)
 ERROR: Invalid Slave Address (04)
 ERROR: Invalid Slave Address (04)
 ERROR: Invalid Slave Address (04)
 ERROR: Invalid Slave Address (04)
 ERROR: Invalid Slave Address (04)
 ERROR: Invalid Slave Address (04)
 ERROR: Invalid Slave Address (04)
 ERROR: Invalid Slave Address (04)
 ERROR: Invalid Slave Address (04)
 ERROR: Invalid Slave Address (04)
 ERROR: Invalid Slave Address (04)
 ERROR: Invalid Slave Address (04)
 ERROR: Invalid Slave Address (04)
 ERROR: Invalid Slave Address (04)
 ERROR: Invalid Slave Address (04)
 ERROR: Invalid Slave Address (04)
 ERROR: Invalid Slave Address (04)
 ERROR: Invalid Slave Address (04)
 ERROR: Invalid Slave Address (04)
 ERROR: Invalid Slave Address (04)
 ERROR: Invalid Slave Address (04)
 ERROR: Invalid Slave Address (04)
 ERROR: Invalid Slave Address (05)
 ERROR: Invalid Slave Address (05)
 ERROR: Invalid Slave Address (05)
 ERROR: Invalid Slave Address (05)
 ERROR: Invalid Slave Address (05)
 ERROR: Invalid Slave Address (05)
 ERROR: Invalid Slave Address (05)
 ERROR: Invalid Slave Address (05)
 ERROR: Invalid Slave Address (05)
 ERROR: Invalid Slave Address (05)
 ERROR: Invalid Slave Address (05)
 ERROR: Invalid Slave Address (05)
 ERROR: Invalid Slave Address (05)
 ERROR: Invalid Slave Address (05)
 ERROR: Invalid Slave Address (05)
 ERROR: Invalid Slave Address (05)
 ERROR: Invalid Slave Address (05)
 ERROR: Invalid Slave Address (05)
 ERROR: Invalid Slave Address (05)
 ERROR: Invalid Slave Address (05)
 ERROR: Invalid Slave Address (05)
 ERROR: Invalid Slave Address (05)
 ERROR: Invalid Slave Address (05)
 ERROR: Invalid Slave Address (05)
 ERROR: Invalid Slave Address (05)
 ERROR: Invalid Slave Address (05)
 ERROR: Invalid Slave Address (05)
 ERROR: Invalid Slave Address (05)
 ERROR: Invalid Slave Address (05)
 ERROR: Invalid Slave Address (05)
 ERROR: Invalid Slave Address (05)
 ERROR: Invalid Slave Address (05)
 ERROR: Invalid Slave Address (05)
 ERROR: Invalid Slave Address (05)
 ERROR: Invalid Slave Address (05)
 ERROR: Invalid Slave Address (05)
 ERROR: Invalid Slave Address (05)
 ERROR: Invalid Slave Address (05)
 ERROR: Invalid Slave Address (05)
 ERROR: Invalid Slave Address (05)
 ERROR: Writing a read only register (Device ID)
 ERROR: Writing a read only register (Device ID)
 ERROR: Writing a read only register (Device ID)
 ERROR: Writing a read only register (Device ID)
 ERROR: Writing a read only register (Device ID)
Time=3912438830.000 ns 		 SPI_clock_frequency=33554431Hz 		 SPI_MODE=0 		 Operation=Read  		 Data_Size=8 bits 		 Slave_address=0x00 		 Selected_Register=Device ID          		  Data_to_Write=0x0 		 Status=Pass
Time=3912438910.000 ns 		 SPI_clock_frequency=33554431Hz 		 SPI_MODE=0 		 Operation=Read  		 Data_Size=8 bits 		 Slave_address=0x00 		 Selected_Register=Device ID          		  Data_to_Write=0x55 		 Status=Pass
Time=3912438990.000 ns 		 SPI_clock_frequency=33554431Hz 		 SPI_MODE=0 		 Operation=Read  		 Data_Size=8 bits 		 Slave_address=0x00 		 Selected_Register=Device ID          		  Data_to_Write=0xaa 		 Status=Pass
Time=3912439070.000 ns 		 SPI_clock_frequency=33554431Hz 		 SPI_MODE=0 		 Operation=Read  		 Data_Size=8 bits 		 Slave_address=0x00 		 Selected_Register=Device ID          		  Data_to_Write=0xbe 		 Status=Pass
Time=3912439150.000 ns 		 SPI_clock_frequency=33554431Hz 		 SPI_MODE=0 		 Operation=Read  		 Data_Size=8 bits 		 Slave_address=0x00 		 Selected_Register=Device ID          		  Data_to_Write=0xff 		 Status=Pass
 ERROR: Writing a read only register (Device ID)
 ERROR: Writing a read only register (Device ID)
 ERROR: Writing a read only register (Device ID)
 ERROR: Writing a read only register (Device ID)
 ERROR: Writing a read only register (Device ID)
Time=3912439530.000 ns 		 SPI_clock_frequency=33554431Hz 		 SPI_MODE=1 		 Operation=Read  		 Data_Size=8 bits 		 Slave_address=0x00 		 Selected_Register=Device ID          		  Data_to_Write=0x0 		 Status=Pass
Time=3912439610.000 ns 		 SPI_clock_frequency=33554431Hz 		 SPI_MODE=1 		 Operation=Read  		 Data_Size=8 bits 		 Slave_address=0x00 		 Selected_Register=Device ID          		  Data_to_Write=0x55 		 Status=Pass
Time=3912439690.000 ns 		 SPI_clock_frequency=33554431Hz 		 SPI_MODE=1 		 Operation=Read  		 Data_Size=8 bits 		 Slave_address=0x00 		 Selected_Register=Device ID          		  Data_to_Write=0xaa 		 Status=Pass
Time=3912439770.000 ns 		 SPI_clock_frequency=33554431Hz 		 SPI_MODE=1 		 Operation=Read  		 Data_Size=8 bits 		 Slave_address=0x00 		 Selected_Register=Device ID          		  Data_to_Write=0xbe 		 Status=Pass
Time=3912439850.000 ns 		 SPI_clock_frequency=33554431Hz 		 SPI_MODE=1 		 Operation=Read  		 Data_Size=8 bits 		 Slave_address=0x00 		 Selected_Register=Device ID          		  Data_to_Write=0xff 		 Status=Pass
 ERROR: Writing a read only register (Device ID)
 ERROR: Writing a read only register (Device ID)
 ERROR: Writing a read only register (Device ID)
 ERROR: Writing a read only register (Device ID)
 ERROR: Writing a read only register (Device ID)
Time=3912440230.000 ns 		 SPI_clock_frequency=33554431Hz 		 SPI_MODE=2 		 Operation=Read  		 Data_Size=8 bits 		 Slave_address=0x00 		 Selected_Register=Device ID          		  Data_to_Write=0x0 		 Status=Pass
Time=3912440310.000 ns 		 SPI_clock_frequency=33554431Hz 		 SPI_MODE=2 		 Operation=Read  		 Data_Size=8 bits 		 Slave_address=0x00 		 Selected_Register=Device ID          		  Data_to_Write=0x55 		 Status=Pass
Time=3912440390.000 ns 		 SPI_clock_frequency=33554431Hz 		 SPI_MODE=2 		 Operation=Read  		 Data_Size=8 bits 		 Slave_address=0x00 		 Selected_Register=Device ID          		  Data_to_Write=0xaa 		 Status=Pass
Time=3912440470.000 ns 		 SPI_clock_frequency=33554431Hz 		 SPI_MODE=2 		 Operation=Read  		 Data_Size=8 bits 		 Slave_address=0x00 		 Selected_Register=Device ID          		  Data_to_Write=0xbe 		 Status=Pass
Time=3912440550.000 ns 		 SPI_clock_frequency=33554431Hz 		 SPI_MODE=2 		 Operation=Read  		 Data_Size=8 bits 		 Slave_address=0x00 		 Selected_Register=Device ID          		  Data_to_Write=0xff 		 Status=Pass
 ERROR: Writing a read only register (Device ID)
 ERROR: Writing a read only register (Device ID)
 ERROR: Writing a read only register (Device ID)
 ERROR: Writing a read only register (Device ID)
 ERROR: Writing a read only register (Device ID)
Time=3912440930.000 ns 		 SPI_clock_frequency=33554431Hz 		 SPI_MODE=3 		 Operation=Read  		 Data_Size=8 bits 		 Slave_address=0x00 		 Selected_Register=Device ID          		  Data_to_Write=0x0 		 Status=Pass
Time=3912441010.000 ns 		 SPI_clock_frequency=33554431Hz 		 SPI_MODE=3 		 Operation=Read  		 Data_Size=8 bits 		 Slave_address=0x00 		 Selected_Register=Device ID          		  Data_to_Write=0x55 		 Status=Pass
Time=3912441090.000 ns 		 SPI_clock_frequency=33554431Hz 		 SPI_MODE=3 		 Operation=Read  		 Data_Size=8 bits 		 Slave_address=0x00 		 Selected_Register=Device ID          		  Data_to_Write=0xaa 		 Status=Pass
Time=3912441170.000 ns 		 SPI_clock_frequency=33554431Hz 		 SPI_MODE=3 		 Operation=Read  		 Data_Size=8 bits 		 Slave_address=0x00 		 Selected_Register=Device ID          		  Data_to_Write=0xbe 		 Status=Pass
Time=3912441250.000 ns 		 SPI_clock_frequency=33554431Hz 		 SPI_MODE=3 		 Operation=Read  		 Data_Size=8 bits 		 Slave_address=0x00 		 Selected_Register=Device ID          		  Data_to_Write=0xff 		 Status=Pass
Time=3912441330.000 ns 		 SPI_clock_frequency=33554431Hz 		 SPI_MODE=0 		 Operation=Write 		 Data_Size=8 bits 		 Slave_address=0x01 		 Selected_Register=Control Register 		  Data_to_Write=0x0 		 Status=Pass
Time=3912441410.000 ns 		 SPI_clock_frequency=33554431Hz 		 SPI_MODE=0 		 Operation=Write 		 Data_Size=8 bits 		 Slave_address=0x01 		 Selected_Register=Control Register 		  Data_to_Write=0x55 		 Status=Pass
Time=3912441490.000 ns 		 SPI_clock_frequency=33554431Hz 		 SPI_MODE=0 		 Operation=Write 		 Data_Size=8 bits 		 Slave_address=0x01 		 Selected_Register=Control Register 		  Data_to_Write=0xaa 		 Status=Pass
Time=3912441570.000 ns 		 SPI_clock_frequency=33554431Hz 		 SPI_MODE=0 		 Operation=Write 		 Data_Size=8 bits 		 Slave_address=0x01 		 Selected_Register=Control Register 		  Data_to_Write=0xbe 		 Status=Pass
Time=3912441650.000 ns 		 SPI_clock_frequency=33554431Hz 		 SPI_MODE=0 		 Operation=Write 		 Data_Size=8 bits 		 Slave_address=0x01 		 Selected_Register=Control Register 		  Data_to_Write=0xff 		 Status=Pass
Time=3912441730.000 ns 		 SPI_clock_frequency=33554431Hz 		 SPI_MODE=0 		 Operation=Read  		 Data_Size=8 bits 		 Slave_address=0x01 		 Selected_Register=Control Register 		  Data_to_Write=0x0 		 Status=Pass
Time=3912441810.000 ns 		 SPI_clock_frequency=33554431Hz 		 SPI_MODE=0 		 Operation=Read  		 Data_Size=8 bits 		 Slave_address=0x01 		 Selected_Register=Control Register 		  Data_to_Write=0x55 		 Status=Pass
Time=3912441890.000 ns 		 SPI_clock_frequency=33554431Hz 		 SPI_MODE=0 		 Operation=Read  		 Data_Size=8 bits 		 Slave_address=0x01 		 Selected_Register=Control Register 		  Data_to_Write=0xaa 		 Status=Pass
Time=3912441970.000 ns 		 SPI_clock_frequency=33554431Hz 		 SPI_MODE=0 		 Operation=Read  		 Data_Size=8 bits 		 Slave_address=0x01 		 Selected_Register=Control Register 		  Data_to_Write=0xbe 		 Status=Pass
Time=3912442050.000 ns 		 SPI_clock_frequency=33554431Hz 		 SPI_MODE=0 		 Operation=Read  		 Data_Size=8 bits 		 Slave_address=0x01 		 Selected_Register=Control Register 		  Data_to_Write=0xff 		 Status=Pass
Time=3912442130.000 ns 		 SPI_clock_frequency=33554431Hz 		 SPI_MODE=1 		 Operation=Write 		 Data_Size=8 bits 		 Slave_address=0x01 		 Selected_Register=Control Register 		  Data_to_Write=0x0 		 Status=Pass
Time=3912442210.000 ns 		 SPI_clock_frequency=33554431Hz 		 SPI_MODE=1 		 Operation=Write 		 Data_Size=8 bits 		 Slave_address=0x01 		 Selected_Register=Control Register 		  Data_to_Write=0x55 		 Status=Pass
Time=3912442290.000 ns 		 SPI_clock_frequency=33554431Hz 		 SPI_MODE=1 		 Operation=Write 		 Data_Size=8 bits 		 Slave_address=0x01 		 Selected_Register=Control Register 		  Data_to_Write=0xaa 		 Status=Pass
Time=3912442370.000 ns 		 SPI_clock_frequency=33554431Hz 		 SPI_MODE=1 		 Operation=Write 		 Data_Size=8 bits 		 Slave_address=0x01 		 Selected_Register=Control Register 		  Data_to_Write=0xbe 		 Status=Pass
Time=3912442450.000 ns 		 SPI_clock_frequency=33554431Hz 		 SPI_MODE=1 		 Operation=Write 		 Data_Size=8 bits 		 Slave_address=0x01 		 Selected_Register=Control Register 		  Data_to_Write=0xff 		 Status=Pass
Time=3912442530.000 ns 		 SPI_clock_frequency=33554431Hz 		 SPI_MODE=1 		 Operation=Read  		 Data_Size=8 bits 		 Slave_address=0x01 		 Selected_Register=Control Register 		  Data_to_Write=0x0 		 Status=Pass
Time=3912442610.000 ns 		 SPI_clock_frequency=33554431Hz 		 SPI_MODE=1 		 Operation=Read  		 Data_Size=8 bits 		 Slave_address=0x01 		 Selected_Register=Control Register 		  Data_to_Write=0x55 		 Status=Pass
Time=3912442690.000 ns 		 SPI_clock_frequency=33554431Hz 		 SPI_MODE=1 		 Operation=Read  		 Data_Size=8 bits 		 Slave_address=0x01 		 Selected_Register=Control Register 		  Data_to_Write=0xaa 		 Status=Pass
Time=3912442770.000 ns 		 SPI_clock_frequency=33554431Hz 		 SPI_MODE=1 		 Operation=Read  		 Data_Size=8 bits 		 Slave_address=0x01 		 Selected_Register=Control Register 		  Data_to_Write=0xbe 		 Status=Pass
Time=3912442850.000 ns 		 SPI_clock_frequency=33554431Hz 		 SPI_MODE=1 		 Operation=Read  		 Data_Size=8 bits 		 Slave_address=0x01 		 Selected_Register=Control Register 		  Data_to_Write=0xff 		 Status=Pass
Time=3912442930.000 ns 		 SPI_clock_frequency=33554431Hz 		 SPI_MODE=2 		 Operation=Write 		 Data_Size=8 bits 		 Slave_address=0x01 		 Selected_Register=Control Register 		  Data_to_Write=0x0 		 Status=Pass
Time=3912443010.000 ns 		 SPI_clock_frequency=33554431Hz 		 SPI_MODE=2 		 Operation=Write 		 Data_Size=8 bits 		 Slave_address=0x01 		 Selected_Register=Control Register 		  Data_to_Write=0x55 		 Status=Pass
Time=3912443090.000 ns 		 SPI_clock_frequency=33554431Hz 		 SPI_MODE=2 		 Operation=Write 		 Data_Size=8 bits 		 Slave_address=0x01 		 Selected_Register=Control Register 		  Data_to_Write=0xaa 		 Status=Pass
Time=3912443170.000 ns 		 SPI_clock_frequency=33554431Hz 		 SPI_MODE=2 		 Operation=Write 		 Data_Size=8 bits 		 Slave_address=0x01 		 Selected_Register=Control Register 		  Data_to_Write=0xbe 		 Status=Pass
Time=3912443250.000 ns 		 SPI_clock_frequency=33554431Hz 		 SPI_MODE=2 		 Operation=Write 		 Data_Size=8 bits 		 Slave_address=0x01 		 Selected_Register=Control Register 		  Data_to_Write=0xff 		 Status=Pass
Time=3912443330.000 ns 		 SPI_clock_frequency=33554431Hz 		 SPI_MODE=2 		 Operation=Read  		 Data_Size=8 bits 		 Slave_address=0x01 		 Selected_Register=Control Register 		  Data_to_Write=0x0 		 Status=Pass
Time=3912443410.000 ns 		 SPI_clock_frequency=33554431Hz 		 SPI_MODE=2 		 Operation=Read  		 Data_Size=8 bits 		 Slave_address=0x01 		 Selected_Register=Control Register 		  Data_to_Write=0x55 		 Status=Pass
Time=3912443490.000 ns 		 SPI_clock_frequency=33554431Hz 		 SPI_MODE=2 		 Operation=Read  		 Data_Size=8 bits 		 Slave_address=0x01 		 Selected_Register=Control Register 		  Data_to_Write=0xaa 		 Status=Pass
Time=3912443570.000 ns 		 SPI_clock_frequency=33554431Hz 		 SPI_MODE=2 		 Operation=Read  		 Data_Size=8 bits 		 Slave_address=0x01 		 Selected_Register=Control Register 		  Data_to_Write=0xbe 		 Status=Pass
Time=3912443650.000 ns 		 SPI_clock_frequency=33554431Hz 		 SPI_MODE=2 		 Operation=Read  		 Data_Size=8 bits 		 Slave_address=0x01 		 Selected_Register=Control Register 		  Data_to_Write=0xff 		 Status=Pass
Time=3912443730.000 ns 		 SPI_clock_frequency=33554431Hz 		 SPI_MODE=3 		 Operation=Write 		 Data_Size=8 bits 		 Slave_address=0x01 		 Selected_Register=Control Register 		  Data_to_Write=0x0 		 Status=Pass
Time=3912443810.000 ns 		 SPI_clock_frequency=33554431Hz 		 SPI_MODE=3 		 Operation=Write 		 Data_Size=8 bits 		 Slave_address=0x01 		 Selected_Register=Control Register 		  Data_to_Write=0x55 		 Status=Pass
Time=3912443890.000 ns 		 SPI_clock_frequency=33554431Hz 		 SPI_MODE=3 		 Operation=Write 		 Data_Size=8 bits 		 Slave_address=0x01 		 Selected_Register=Control Register 		  Data_to_Write=0xaa 		 Status=Pass
Time=3912443970.000 ns 		 SPI_clock_frequency=33554431Hz 		 SPI_MODE=3 		 Operation=Write 		 Data_Size=8 bits 		 Slave_address=0x01 		 Selected_Register=Control Register 		  Data_to_Write=0xbe 		 Status=Pass
Time=3912444050.000 ns 		 SPI_clock_frequency=33554431Hz 		 SPI_MODE=3 		 Operation=Write 		 Data_Size=8 bits 		 Slave_address=0x01 		 Selected_Register=Control Register 		  Data_to_Write=0xff 		 Status=Pass
Time=3912444130.000 ns 		 SPI_clock_frequency=33554431Hz 		 SPI_MODE=3 		 Operation=Read  		 Data_Size=8 bits 		 Slave_address=0x01 		 Selected_Register=Control Register 		  Data_to_Write=0x0 		 Status=Pass
Time=3912444210.000 ns 		 SPI_clock_frequency=33554431Hz 		 SPI_MODE=3 		 Operation=Read  		 Data_Size=8 bits 		 Slave_address=0x01 		 Selected_Register=Control Register 		  Data_to_Write=0x55 		 Status=Pass
Time=3912444290.000 ns 		 SPI_clock_frequency=33554431Hz 		 SPI_MODE=3 		 Operation=Read  		 Data_Size=8 bits 		 Slave_address=0x01 		 Selected_Register=Control Register 		  Data_to_Write=0xaa 		 Status=Pass
Time=3912444370.000 ns 		 SPI_clock_frequency=33554431Hz 		 SPI_MODE=3 		 Operation=Read  		 Data_Size=8 bits 		 Slave_address=0x01 		 Selected_Register=Control Register 		  Data_to_Write=0xbe 		 Status=Pass
Time=3912444450.000 ns 		 SPI_clock_frequency=33554431Hz 		 SPI_MODE=3 		 Operation=Read  		 Data_Size=8 bits 		 Slave_address=0x01 		 Selected_Register=Control Register 		  Data_to_Write=0xff 		 Status=Pass
Time=3912444530.000 ns 		 SPI_clock_frequency=33554431Hz 		 SPI_MODE=0 		 Operation=Write 		 Data_Size=8 bits 		 Slave_address=0x02 		 Selected_Register=Status Register    		  Data_to_Write=0x0 		 Status=Pass
Time=3912444610.000 ns 		 SPI_clock_frequency=33554431Hz 		 SPI_MODE=0 		 Operation=Write 		 Data_Size=8 bits 		 Slave_address=0x02 		 Selected_Register=Status Register    		  Data_to_Write=0x55 		 Status=Pass
Time=3912444690.000 ns 		 SPI_clock_frequency=33554431Hz 		 SPI_MODE=0 		 Operation=Write 		 Data_Size=8 bits 		 Slave_address=0x02 		 Selected_Register=Status Register    		  Data_to_Write=0xaa 		 Status=Pass
Time=3912444770.000 ns 		 SPI_clock_frequency=33554431Hz 		 SPI_MODE=0 		 Operation=Write 		 Data_Size=8 bits 		 Slave_address=0x02 		 Selected_Register=Status Register    		  Data_to_Write=0xbe 		 Status=Pass
Time=3912444850.000 ns 		 SPI_clock_frequency=33554431Hz 		 SPI_MODE=0 		 Operation=Write 		 Data_Size=8 bits 		 Slave_address=0x02 		 Selected_Register=Status Register    		  Data_to_Write=0xff 		 Status=Pass
Time=3912444930.000 ns 		 SPI_clock_frequency=33554431Hz 		 SPI_MODE=0 		 Operation=Read  		 Data_Size=8 bits 		 Slave_address=0x02 		 Selected_Register=Status Register     		  Data_to_Write=0x0 		 Status=Pass
Time=3912445010.000 ns 		 SPI_clock_frequency=33554431Hz 		 SPI_MODE=0 		 Operation=Read  		 Data_Size=8 bits 		 Slave_address=0x02 		 Selected_Register=Status Register     		  Data_to_Write=0x55 		 Status=Pass
Time=3912445090.000 ns 		 SPI_clock_frequency=33554431Hz 		 SPI_MODE=0 		 Operation=Read  		 Data_Size=8 bits 		 Slave_address=0x02 		 Selected_Register=Status Register     		  Data_to_Write=0xaa 		 Status=Pass
Time=3912445170.000 ns 		 SPI_clock_frequency=33554431Hz 		 SPI_MODE=0 		 Operation=Read  		 Data_Size=8 bits 		 Slave_address=0x02 		 Selected_Register=Status Register     		  Data_to_Write=0xbe 		 Status=Pass
Time=3912445250.000 ns 		 SPI_clock_frequency=33554431Hz 		 SPI_MODE=0 		 Operation=Read  		 Data_Size=8 bits 		 Slave_address=0x02 		 Selected_Register=Status Register     		  Data_to_Write=0xff 		 Status=Pass
Time=3912445330.000 ns 		 SPI_clock_frequency=33554431Hz 		 SPI_MODE=1 		 Operation=Write 		 Data_Size=8 bits 		 Slave_address=0x02 		 Selected_Register=Status Register    		  Data_to_Write=0x0 		 Status=Pass
Time=3912445410.000 ns 		 SPI_clock_frequency=33554431Hz 		 SPI_MODE=1 		 Operation=Write 		 Data_Size=8 bits 		 Slave_address=0x02 		 Selected_Register=Status Register    		  Data_to_Write=0x55 		 Status=Pass
Time=3912445490.000 ns 		 SPI_clock_frequency=33554431Hz 		 SPI_MODE=1 		 Operation=Write 		 Data_Size=8 bits 		 Slave_address=0x02 		 Selected_Register=Status Register    		  Data_to_Write=0xaa 		 Status=Pass
Time=3912445570.000 ns 		 SPI_clock_frequency=33554431Hz 		 SPI_MODE=1 		 Operation=Write 		 Data_Size=8 bits 		 Slave_address=0x02 		 Selected_Register=Status Register    		  Data_to_Write=0xbe 		 Status=Pass
Time=3912445650.000 ns 		 SPI_clock_frequency=33554431Hz 		 SPI_MODE=1 		 Operation=Write 		 Data_Size=8 bits 		 Slave_address=0x02 		 Selected_Register=Status Register    		  Data_to_Write=0xff 		 Status=Pass
Time=3912445730.000 ns 		 SPI_clock_frequency=33554431Hz 		 SPI_MODE=1 		 Operation=Read  		 Data_Size=8 bits 		 Slave_address=0x02 		 Selected_Register=Status Register     		  Data_to_Write=0x0 		 Status=Pass
Time=3912445810.000 ns 		 SPI_clock_frequency=33554431Hz 		 SPI_MODE=1 		 Operation=Read  		 Data_Size=8 bits 		 Slave_address=0x02 		 Selected_Register=Status Register     		  Data_to_Write=0x55 		 Status=Pass
Time=3912445890.000 ns 		 SPI_clock_frequency=33554431Hz 		 SPI_MODE=1 		 Operation=Read  		 Data_Size=8 bits 		 Slave_address=0x02 		 Selected_Register=Status Register     		  Data_to_Write=0xaa 		 Status=Pass
Time=3912445970.000 ns 		 SPI_clock_frequency=33554431Hz 		 SPI_MODE=1 		 Operation=Read  		 Data_Size=8 bits 		 Slave_address=0x02 		 Selected_Register=Status Register     		  Data_to_Write=0xbe 		 Status=Pass
Time=3912446050.000 ns 		 SPI_clock_frequency=33554431Hz 		 SPI_MODE=1 		 Operation=Read  		 Data_Size=8 bits 		 Slave_address=0x02 		 Selected_Register=Status Register     		  Data_to_Write=0xff 		 Status=Pass
Time=3912446130.000 ns 		 SPI_clock_frequency=33554431Hz 		 SPI_MODE=2 		 Operation=Write 		 Data_Size=8 bits 		 Slave_address=0x02 		 Selected_Register=Status Register    		  Data_to_Write=0x0 		 Status=Pass
Time=3912446210.000 ns 		 SPI_clock_frequency=33554431Hz 		 SPI_MODE=2 		 Operation=Write 		 Data_Size=8 bits 		 Slave_address=0x02 		 Selected_Register=Status Register    		  Data_to_Write=0x55 		 Status=Pass
Time=3912446290.000 ns 		 SPI_clock_frequency=33554431Hz 		 SPI_MODE=2 		 Operation=Write 		 Data_Size=8 bits 		 Slave_address=0x02 		 Selected_Register=Status Register    		  Data_to_Write=0xaa 		 Status=Pass
Time=3912446370.000 ns 		 SPI_clock_frequency=33554431Hz 		 SPI_MODE=2 		 Operation=Write 		 Data_Size=8 bits 		 Slave_address=0x02 		 Selected_Register=Status Register    		  Data_to_Write=0xbe 		 Status=Pass
Time=3912446450.000 ns 		 SPI_clock_frequency=33554431Hz 		 SPI_MODE=2 		 Operation=Write 		 Data_Size=8 bits 		 Slave_address=0x02 		 Selected_Register=Status Register    		  Data_to_Write=0xff 		 Status=Pass
Time=3912446530.000 ns 		 SPI_clock_frequency=33554431Hz 		 SPI_MODE=2 		 Operation=Read  		 Data_Size=8 bits 		 Slave_address=0x02 		 Selected_Register=Status Register     		  Data_to_Write=0x0 		 Status=Pass
Time=3912446610.000 ns 		 SPI_clock_frequency=33554431Hz 		 SPI_MODE=2 		 Operation=Read  		 Data_Size=8 bits 		 Slave_address=0x02 		 Selected_Register=Status Register     		  Data_to_Write=0x55 		 Status=Pass
Time=3912446690.000 ns 		 SPI_clock_frequency=33554431Hz 		 SPI_MODE=2 		 Operation=Read  		 Data_Size=8 bits 		 Slave_address=0x02 		 Selected_Register=Status Register     		  Data_to_Write=0xaa 		 Status=Pass
Time=3912446770.000 ns 		 SPI_clock_frequency=33554431Hz 		 SPI_MODE=2 		 Operation=Read  		 Data_Size=8 bits 		 Slave_address=0x02 		 Selected_Register=Status Register     		  Data_to_Write=0xbe 		 Status=Pass
Time=3912446850.000 ns 		 SPI_clock_frequency=33554431Hz 		 SPI_MODE=2 		 Operation=Read  		 Data_Size=8 bits 		 Slave_address=0x02 		 Selected_Register=Status Register     		  Data_to_Write=0xff 		 Status=Pass
Time=3912446930.000 ns 		 SPI_clock_frequency=33554431Hz 		 SPI_MODE=3 		 Operation=Write 		 Data_Size=8 bits 		 Slave_address=0x02 		 Selected_Register=Status Register    		  Data_to_Write=0x0 		 Status=Pass
Time=3912447010.000 ns 		 SPI_clock_frequency=33554431Hz 		 SPI_MODE=3 		 Operation=Write 		 Data_Size=8 bits 		 Slave_address=0x02 		 Selected_Register=Status Register    		  Data_to_Write=0x55 		 Status=Pass
Time=3912447090.000 ns 		 SPI_clock_frequency=33554431Hz 		 SPI_MODE=3 		 Operation=Write 		 Data_Size=8 bits 		 Slave_address=0x02 		 Selected_Register=Status Register    		  Data_to_Write=0xaa 		 Status=Pass
Time=3912447170.000 ns 		 SPI_clock_frequency=33554431Hz 		 SPI_MODE=3 		 Operation=Write 		 Data_Size=8 bits 		 Slave_address=0x02 		 Selected_Register=Status Register    		  Data_to_Write=0xbe 		 Status=Pass
Time=3912447250.000 ns 		 SPI_clock_frequency=33554431Hz 		 SPI_MODE=3 		 Operation=Write 		 Data_Size=8 bits 		 Slave_address=0x02 		 Selected_Register=Status Register    		  Data_to_Write=0xff 		 Status=Pass
Time=3912447330.000 ns 		 SPI_clock_frequency=33554431Hz 		 SPI_MODE=3 		 Operation=Read  		 Data_Size=8 bits 		 Slave_address=0x02 		 Selected_Register=Status Register     		  Data_to_Write=0x0 		 Status=Pass
Time=3912447410.000 ns 		 SPI_clock_frequency=33554431Hz 		 SPI_MODE=3 		 Operation=Read  		 Data_Size=8 bits 		 Slave_address=0x02 		 Selected_Register=Status Register     		  Data_to_Write=0x55 		 Status=Pass
Time=3912447490.000 ns 		 SPI_clock_frequency=33554431Hz 		 SPI_MODE=3 		 Operation=Read  		 Data_Size=8 bits 		 Slave_address=0x02 		 Selected_Register=Status Register     		  Data_to_Write=0xaa 		 Status=Pass
Time=3912447570.000 ns 		 SPI_clock_frequency=33554431Hz 		 SPI_MODE=3 		 Operation=Read  		 Data_Size=8 bits 		 Slave_address=0x02 		 Selected_Register=Status Register     		  Data_to_Write=0xbe 		 Status=Pass
Time=3912447650.000 ns 		 SPI_clock_frequency=33554431Hz 		 SPI_MODE=3 		 Operation=Read  		 Data_Size=8 bits 		 Slave_address=0x02 		 Selected_Register=Status Register     		  Data_to_Write=0xff 		 Status=Pass
Time=3912447730.000 ns 		 SPI_clock_frequency=33554431Hz 		 SPI_MODE=0 		 Operation=Write 		 Data_Size=8 bits 		 Slave_address=0x03 		 Selected_Register=Data Register      		  Data_to_Write=0x0 		 Status=Pass
Time=3912447810.000 ns 		 SPI_clock_frequency=33554431Hz 		 SPI_MODE=0 		 Operation=Write 		 Data_Size=8 bits 		 Slave_address=0x03 		 Selected_Register=Data Register      		  Data_to_Write=0x55 		 Status=Pass
Time=3912447890.000 ns 		 SPI_clock_frequency=33554431Hz 		 SPI_MODE=0 		 Operation=Write 		 Data_Size=8 bits 		 Slave_address=0x03 		 Selected_Register=Data Register      		  Data_to_Write=0xaa 		 Status=Pass
Time=3912447970.000 ns 		 SPI_clock_frequency=33554431Hz 		 SPI_MODE=0 		 Operation=Write 		 Data_Size=8 bits 		 Slave_address=0x03 		 Selected_Register=Data Register      		  Data_to_Write=0xbe 		 Status=Pass
Time=3912448050.000 ns 		 SPI_clock_frequency=33554431Hz 		 SPI_MODE=0 		 Operation=Write 		 Data_Size=8 bits 		 Slave_address=0x03 		 Selected_Register=Data Register      		  Data_to_Write=0xff 		 Status=Pass
Time=3912448130.000 ns 		 SPI_clock_frequency=33554431Hz 		 SPI_MODE=0 		 Operation=Read  		 Data_Size=8 bits 		 Slave_address=0x03 		 Selected_Register=Data Register       		  Data_to_Write=0x0 		 Status=Pass
Time=3912448210.000 ns 		 SPI_clock_frequency=33554431Hz 		 SPI_MODE=0 		 Operation=Read  		 Data_Size=8 bits 		 Slave_address=0x03 		 Selected_Register=Data Register       		  Data_to_Write=0x55 		 Status=Pass
Time=3912448290.000 ns 		 SPI_clock_frequency=33554431Hz 		 SPI_MODE=0 		 Operation=Read  		 Data_Size=8 bits 		 Slave_address=0x03 		 Selected_Register=Data Register       		  Data_to_Write=0xaa 		 Status=Pass
Time=3912448370.000 ns 		 SPI_clock_frequency=33554431Hz 		 SPI_MODE=0 		 Operation=Read  		 Data_Size=8 bits 		 Slave_address=0x03 		 Selected_Register=Data Register       		  Data_to_Write=0xbe 		 Status=Pass
Time=3912448450.000 ns 		 SPI_clock_frequency=33554431Hz 		 SPI_MODE=0 		 Operation=Read  		 Data_Size=8 bits 		 Slave_address=0x03 		 Selected_Register=Data Register       		  Data_to_Write=0xff 		 Status=Pass
Time=3912448530.000 ns 		 SPI_clock_frequency=33554431Hz 		 SPI_MODE=1 		 Operation=Write 		 Data_Size=8 bits 		 Slave_address=0x03 		 Selected_Register=Data Register      		  Data_to_Write=0x0 		 Status=Pass
Time=3912448610.000 ns 		 SPI_clock_frequency=33554431Hz 		 SPI_MODE=1 		 Operation=Write 		 Data_Size=8 bits 		 Slave_address=0x03 		 Selected_Register=Data Register      		  Data_to_Write=0x55 		 Status=Pass
Time=3912448690.000 ns 		 SPI_clock_frequency=33554431Hz 		 SPI_MODE=1 		 Operation=Write 		 Data_Size=8 bits 		 Slave_address=0x03 		 Selected_Register=Data Register      		  Data_to_Write=0xaa 		 Status=Pass
Time=3912448770.000 ns 		 SPI_clock_frequency=33554431Hz 		 SPI_MODE=1 		 Operation=Write 		 Data_Size=8 bits 		 Slave_address=0x03 		 Selected_Register=Data Register      		  Data_to_Write=0xbe 		 Status=Pass
Time=3912448850.000 ns 		 SPI_clock_frequency=33554431Hz 		 SPI_MODE=1 		 Operation=Write 		 Data_Size=8 bits 		 Slave_address=0x03 		 Selected_Register=Data Register      		  Data_to_Write=0xff 		 Status=Pass
Time=3912448930.000 ns 		 SPI_clock_frequency=33554431Hz 		 SPI_MODE=1 		 Operation=Read  		 Data_Size=8 bits 		 Slave_address=0x03 		 Selected_Register=Data Register       		  Data_to_Write=0x0 		 Status=Pass
Time=3912449010.000 ns 		 SPI_clock_frequency=33554431Hz 		 SPI_MODE=1 		 Operation=Read  		 Data_Size=8 bits 		 Slave_address=0x03 		 Selected_Register=Data Register       		  Data_to_Write=0x55 		 Status=Pass
Time=3912449090.000 ns 		 SPI_clock_frequency=33554431Hz 		 SPI_MODE=1 		 Operation=Read  		 Data_Size=8 bits 		 Slave_address=0x03 		 Selected_Register=Data Register       		  Data_to_Write=0xaa 		 Status=Pass
Time=3912449170.000 ns 		 SPI_clock_frequency=33554431Hz 		 SPI_MODE=1 		 Operation=Read  		 Data_Size=8 bits 		 Slave_address=0x03 		 Selected_Register=Data Register       		  Data_to_Write=0xbe 		 Status=Pass
Time=3912449250.000 ns 		 SPI_clock_frequency=33554431Hz 		 SPI_MODE=1 		 Operation=Read  		 Data_Size=8 bits 		 Slave_address=0x03 		 Selected_Register=Data Register       		  Data_to_Write=0xff 		 Status=Pass
Time=3912449330.000 ns 		 SPI_clock_frequency=33554431Hz 		 SPI_MODE=2 		 Operation=Write 		 Data_Size=8 bits 		 Slave_address=0x03 		 Selected_Register=Data Register      		  Data_to_Write=0x0 		 Status=Pass
Time=3912449410.000 ns 		 SPI_clock_frequency=33554431Hz 		 SPI_MODE=2 		 Operation=Write 		 Data_Size=8 bits 		 Slave_address=0x03 		 Selected_Register=Data Register      		  Data_to_Write=0x55 		 Status=Pass
Time=3912449490.000 ns 		 SPI_clock_frequency=33554431Hz 		 SPI_MODE=2 		 Operation=Write 		 Data_Size=8 bits 		 Slave_address=0x03 		 Selected_Register=Data Register      		  Data_to_Write=0xaa 		 Status=Pass
Time=3912449570.000 ns 		 SPI_clock_frequency=33554431Hz 		 SPI_MODE=2 		 Operation=Write 		 Data_Size=8 bits 		 Slave_address=0x03 		 Selected_Register=Data Register      		  Data_to_Write=0xbe 		 Status=Pass
Time=3912449650.000 ns 		 SPI_clock_frequency=33554431Hz 		 SPI_MODE=2 		 Operation=Write 		 Data_Size=8 bits 		 Slave_address=0x03 		 Selected_Register=Data Register      		  Data_to_Write=0xff 		 Status=Pass
Time=3912449730.000 ns 		 SPI_clock_frequency=33554431Hz 		 SPI_MODE=2 		 Operation=Read  		 Data_Size=8 bits 		 Slave_address=0x03 		 Selected_Register=Data Register       		  Data_to_Write=0x0 		 Status=Pass
Time=3912449810.000 ns 		 SPI_clock_frequency=33554431Hz 		 SPI_MODE=2 		 Operation=Read  		 Data_Size=8 bits 		 Slave_address=0x03 		 Selected_Register=Data Register       		  Data_to_Write=0x55 		 Status=Pass
Time=3912449890.000 ns 		 SPI_clock_frequency=33554431Hz 		 SPI_MODE=2 		 Operation=Read  		 Data_Size=8 bits 		 Slave_address=0x03 		 Selected_Register=Data Register       		  Data_to_Write=0xaa 		 Status=Pass
Time=3912449970.000 ns 		 SPI_clock_frequency=33554431Hz 		 SPI_MODE=2 		 Operation=Read  		 Data_Size=8 bits 		 Slave_address=0x03 		 Selected_Register=Data Register       		  Data_to_Write=0xbe 		 Status=Pass
Time=3912450050.000 ns 		 SPI_clock_frequency=33554431Hz 		 SPI_MODE=2 		 Operation=Read  		 Data_Size=8 bits 		 Slave_address=0x03 		 Selected_Register=Data Register       		  Data_to_Write=0xff 		 Status=Pass
Time=3912450130.000 ns 		 SPI_clock_frequency=33554431Hz 		 SPI_MODE=3 		 Operation=Write 		 Data_Size=8 bits 		 Slave_address=0x03 		 Selected_Register=Data Register      		  Data_to_Write=0x0 		 Status=Pass
Time=3912450210.000 ns 		 SPI_clock_frequency=33554431Hz 		 SPI_MODE=3 		 Operation=Write 		 Data_Size=8 bits 		 Slave_address=0x03 		 Selected_Register=Data Register      		  Data_to_Write=0x55 		 Status=Pass
Time=3912450290.000 ns 		 SPI_clock_frequency=33554431Hz 		 SPI_MODE=3 		 Operation=Write 		 Data_Size=8 bits 		 Slave_address=0x03 		 Selected_Register=Data Register      		  Data_to_Write=0xaa 		 Status=Pass
Time=3912450370.000 ns 		 SPI_clock_frequency=33554431Hz 		 SPI_MODE=3 		 Operation=Write 		 Data_Size=8 bits 		 Slave_address=0x03 		 Selected_Register=Data Register      		  Data_to_Write=0xbe 		 Status=Pass
Time=3912450450.000 ns 		 SPI_clock_frequency=33554431Hz 		 SPI_MODE=3 		 Operation=Write 		 Data_Size=8 bits 		 Slave_address=0x03 		 Selected_Register=Data Register      		  Data_to_Write=0xff 		 Status=Pass
Time=3912450530.000 ns 		 SPI_clock_frequency=33554431Hz 		 SPI_MODE=3 		 Operation=Read  		 Data_Size=8 bits 		 Slave_address=0x03 		 Selected_Register=Data Register       		  Data_to_Write=0x0 		 Status=Pass
Time=3912450610.000 ns 		 SPI_clock_frequency=33554431Hz 		 SPI_MODE=3 		 Operation=Read  		 Data_Size=8 bits 		 Slave_address=0x03 		 Selected_Register=Data Register       		  Data_to_Write=0x55 		 Status=Pass
Time=3912450690.000 ns 		 SPI_clock_frequency=33554431Hz 		 SPI_MODE=3 		 Operation=Read  		 Data_Size=8 bits 		 Slave_address=0x03 		 Selected_Register=Data Register       		  Data_to_Write=0xaa 		 Status=Pass
Time=3912450770.000 ns 		 SPI_clock_frequency=33554431Hz 		 SPI_MODE=3 		 Operation=Read  		 Data_Size=8 bits 		 Slave_address=0x03 		 Selected_Register=Data Register       		  Data_to_Write=0xbe 		 Status=Pass
Time=3912450850.000 ns 		 SPI_clock_frequency=33554431Hz 		 SPI_MODE=3 		 Operation=Read  		 Data_Size=8 bits 		 Slave_address=0x03 		 Selected_Register=Data Register       		  Data_to_Write=0xff 		 Status=Pass
 ERROR: Invalid Slave Address (04)
 ERROR: Invalid Slave Address (04)
 ERROR: Invalid Slave Address (04)
 ERROR: Invalid Slave Address (04)
 ERROR: Invalid Slave Address (04)
 ERROR: Invalid Slave Address (04)
 ERROR: Invalid Slave Address (04)
 ERROR: Invalid Slave Address (04)
 ERROR: Invalid Slave Address (04)
 ERROR: Invalid Slave Address (04)
 ERROR: Invalid Slave Address (04)
 ERROR: Invalid Slave Address (04)
 ERROR: Invalid Slave Address (04)
 ERROR: Invalid Slave Address (04)
 ERROR: Invalid Slave Address (04)
 ERROR: Invalid Slave Address (04)
 ERROR: Invalid Slave Address (04)
 ERROR: Invalid Slave Address (04)
 ERROR: Invalid Slave Address (04)
 ERROR: Invalid Slave Address (04)
 ERROR: Invalid Slave Address (04)
 ERROR: Invalid Slave Address (04)
 ERROR: Invalid Slave Address (04)
 ERROR: Invalid Slave Address (04)
 ERROR: Invalid Slave Address (04)
 ERROR: Invalid Slave Address (04)
 ERROR: Invalid Slave Address (04)
 ERROR: Invalid Slave Address (04)
 ERROR: Invalid Slave Address (04)
 ERROR: Invalid Slave Address (04)
 ERROR: Invalid Slave Address (04)
 ERROR: Invalid Slave Address (04)
 ERROR: Invalid Slave Address (04)
 ERROR: Invalid Slave Address (04)
 ERROR: Invalid Slave Address (04)
 ERROR: Invalid Slave Address (04)
 ERROR: Invalid Slave Address (04)
 ERROR: Invalid Slave Address (04)
 ERROR: Invalid Slave Address (04)
 ERROR: Invalid Slave Address (04)
 ERROR: Invalid Slave Address (05)
 ERROR: Invalid Slave Address (05)
 ERROR: Invalid Slave Address (05)
 ERROR: Invalid Slave Address (05)
 ERROR: Invalid Slave Address (05)
 ERROR: Invalid Slave Address (05)
 ERROR: Invalid Slave Address (05)
 ERROR: Invalid Slave Address (05)
 ERROR: Invalid Slave Address (05)
 ERROR: Invalid Slave Address (05)
 ERROR: Invalid Slave Address (05)
 ERROR: Invalid Slave Address (05)
 ERROR: Invalid Slave Address (05)
 ERROR: Invalid Slave Address (05)
 ERROR: Invalid Slave Address (05)
 ERROR: Invalid Slave Address (05)
 ERROR: Invalid Slave Address (05)
 ERROR: Invalid Slave Address (05)
 ERROR: Invalid Slave Address (05)
 ERROR: Invalid Slave Address (05)
 ERROR: Invalid Slave Address (05)
 ERROR: Invalid Slave Address (05)
 ERROR: Invalid Slave Address (05)
 ERROR: Invalid Slave Address (05)
 ERROR: Invalid Slave Address (05)
 ERROR: Invalid Slave Address (05)
 ERROR: Invalid Slave Address (05)
 ERROR: Invalid Slave Address (05)
 ERROR: Invalid Slave Address (05)
 ERROR: Invalid Slave Address (05)
 ERROR: Invalid Slave Address (05)
 ERROR: Invalid Slave Address (05)
 ERROR: Invalid Slave Address (05)
 ERROR: Invalid Slave Address (05)
 ERROR: Invalid Slave Address (05)
 ERROR: Invalid Slave Address (05)
 ERROR: Invalid Slave Address (05)
 ERROR: Invalid Slave Address (05)
 ERROR: Invalid Slave Address (05)
 ERROR: Invalid Slave Address (05)
 ERROR: Writing a read only register (Device ID)
 ERROR: Writing a read only register (Device ID)
 ERROR: Writing a read only register (Device ID)
 ERROR: Writing a read only register (Device ID)
 ERROR: Writing a read only register (Device ID)
Time=3912456030.000 ns 		 SPI_clock_frequency=33554431Hz 		 SPI_MODE=0 		 Operation=Read  		 Data_Size=16 bits 		 Slave_address=0x00 		 Selected_Register=Device ID          		  Data_to_Write=0x0 		 Status=Pass
Time=3912456110.000 ns 		 SPI_clock_frequency=33554431Hz 		 SPI_MODE=0 		 Operation=Read  		 Data_Size=16 bits 		 Slave_address=0x00 		 Selected_Register=Device ID          		  Data_to_Write=0x5555 		 Status=Pass
Time=3912456190.000 ns 		 SPI_clock_frequency=33554431Hz 		 SPI_MODE=0 		 Operation=Read  		 Data_Size=16 bits 		 Slave_address=0x00 		 Selected_Register=Device ID          		  Data_to_Write=0xaaaa 		 Status=Pass
Time=3912456270.000 ns 		 SPI_clock_frequency=33554431Hz 		 SPI_MODE=0 		 Operation=Read  		 Data_Size=16 bits 		 Slave_address=0x00 		 Selected_Register=Device ID          		  Data_to_Write=0x3478 		 Status=Pass
Time=3912456350.000 ns 		 SPI_clock_frequency=33554431Hz 		 SPI_MODE=0 		 Operation=Read  		 Data_Size=16 bits 		 Slave_address=0x00 		 Selected_Register=Device ID          		  Data_to_Write=0xffff 		 Status=Pass
 ERROR: Writing a read only register (Device ID)
 ERROR: Writing a read only register (Device ID)
 ERROR: Writing a read only register (Device ID)
 ERROR: Writing a read only register (Device ID)
 ERROR: Writing a read only register (Device ID)
Time=3912456730.000 ns 		 SPI_clock_frequency=33554431Hz 		 SPI_MODE=1 		 Operation=Read  		 Data_Size=16 bits 		 Slave_address=0x00 		 Selected_Register=Device ID          		  Data_to_Write=0x0 		 Status=Pass
Time=3912456810.000 ns 		 SPI_clock_frequency=33554431Hz 		 SPI_MODE=1 		 Operation=Read  		 Data_Size=16 bits 		 Slave_address=0x00 		 Selected_Register=Device ID          		  Data_to_Write=0x5555 		 Status=Pass
Time=3912456890.000 ns 		 SPI_clock_frequency=33554431Hz 		 SPI_MODE=1 		 Operation=Read  		 Data_Size=16 bits 		 Slave_address=0x00 		 Selected_Register=Device ID          		  Data_to_Write=0xaaaa 		 Status=Pass
Time=3912456970.000 ns 		 SPI_clock_frequency=33554431Hz 		 SPI_MODE=1 		 Operation=Read  		 Data_Size=16 bits 		 Slave_address=0x00 		 Selected_Register=Device ID          		  Data_to_Write=0x3478 		 Status=Pass
Time=3912457050.000 ns 		 SPI_clock_frequency=33554431Hz 		 SPI_MODE=1 		 Operation=Read  		 Data_Size=16 bits 		 Slave_address=0x00 		 Selected_Register=Device ID          		  Data_to_Write=0xffff 		 Status=Pass
 ERROR: Writing a read only register (Device ID)
 ERROR: Writing a read only register (Device ID)
 ERROR: Writing a read only register (Device ID)
 ERROR: Writing a read only register (Device ID)
 ERROR: Writing a read only register (Device ID)
Time=3912457430.000 ns 		 SPI_clock_frequency=33554431Hz 		 SPI_MODE=2 		 Operation=Read  		 Data_Size=16 bits 		 Slave_address=0x00 		 Selected_Register=Device ID          		  Data_to_Write=0x0 		 Status=Pass
Time=3912457510.000 ns 		 SPI_clock_frequency=33554431Hz 		 SPI_MODE=2 		 Operation=Read  		 Data_Size=16 bits 		 Slave_address=0x00 		 Selected_Register=Device ID          		  Data_to_Write=0x5555 		 Status=Pass
Time=3912457590.000 ns 		 SPI_clock_frequency=33554431Hz 		 SPI_MODE=2 		 Operation=Read  		 Data_Size=16 bits 		 Slave_address=0x00 		 Selected_Register=Device ID          		  Data_to_Write=0xaaaa 		 Status=Pass
Time=3912457670.000 ns 		 SPI_clock_frequency=33554431Hz 		 SPI_MODE=2 		 Operation=Read  		 Data_Size=16 bits 		 Slave_address=0x00 		 Selected_Register=Device ID          		  Data_to_Write=0x3478 		 Status=Pass
Time=3912457750.000 ns 		 SPI_clock_frequency=33554431Hz 		 SPI_MODE=2 		 Operation=Read  		 Data_Size=16 bits 		 Slave_address=0x00 		 Selected_Register=Device ID          		  Data_to_Write=0xffff 		 Status=Pass
 ERROR: Writing a read only register (Device ID)
 ERROR: Writing a read only register (Device ID)
 ERROR: Writing a read only register (Device ID)
 ERROR: Writing a read only register (Device ID)
 ERROR: Writing a read only register (Device ID)
Time=3912458130.000 ns 		 SPI_clock_frequency=33554431Hz 		 SPI_MODE=3 		 Operation=Read  		 Data_Size=16 bits 		 Slave_address=0x00 		 Selected_Register=Device ID          		  Data_to_Write=0x0 		 Status=Pass
Time=3912458210.000 ns 		 SPI_clock_frequency=33554431Hz 		 SPI_MODE=3 		 Operation=Read  		 Data_Size=16 bits 		 Slave_address=0x00 		 Selected_Register=Device ID          		  Data_to_Write=0x5555 		 Status=Pass
Time=3912458290.000 ns 		 SPI_clock_frequency=33554431Hz 		 SPI_MODE=3 		 Operation=Read  		 Data_Size=16 bits 		 Slave_address=0x00 		 Selected_Register=Device ID          		  Data_to_Write=0xaaaa 		 Status=Pass
Time=3912458370.000 ns 		 SPI_clock_frequency=33554431Hz 		 SPI_MODE=3 		 Operation=Read  		 Data_Size=16 bits 		 Slave_address=0x00 		 Selected_Register=Device ID          		  Data_to_Write=0x3478 		 Status=Pass
Time=3912458450.000 ns 		 SPI_clock_frequency=33554431Hz 		 SPI_MODE=3 		 Operation=Read  		 Data_Size=16 bits 		 Slave_address=0x00 		 Selected_Register=Device ID          		  Data_to_Write=0xffff 		 Status=Pass
Time=3912458530.000 ns 		 SPI_clock_frequency=33554431Hz 		 SPI_MODE=0 		 Operation=Write 		 Data_Size=16 bits 		 Slave_address=0x01 		 Selected_Register=Control Register 		  Data_to_Write=0x0 		 Status=Pass
Time=3912458610.000 ns 		 SPI_clock_frequency=33554431Hz 		 SPI_MODE=0 		 Operation=Write 		 Data_Size=16 bits 		 Slave_address=0x01 		 Selected_Register=Control Register 		  Data_to_Write=0x5555 		 Status=Pass
Time=3912458690.000 ns 		 SPI_clock_frequency=33554431Hz 		 SPI_MODE=0 		 Operation=Write 		 Data_Size=16 bits 		 Slave_address=0x01 		 Selected_Register=Control Register 		  Data_to_Write=0xaaaa 		 Status=Pass
Time=3912458770.000 ns 		 SPI_clock_frequency=33554431Hz 		 SPI_MODE=0 		 Operation=Write 		 Data_Size=16 bits 		 Slave_address=0x01 		 Selected_Register=Control Register 		  Data_to_Write=0x3478 		 Status=Pass
Time=3912458850.000 ns 		 SPI_clock_frequency=33554431Hz 		 SPI_MODE=0 		 Operation=Write 		 Data_Size=16 bits 		 Slave_address=0x01 		 Selected_Register=Control Register 		  Data_to_Write=0xffff 		 Status=Pass
Time=3912458930.000 ns 		 SPI_clock_frequency=33554431Hz 		 SPI_MODE=0 		 Operation=Read  		 Data_Size=16 bits 		 Slave_address=0x01 		 Selected_Register=Control Register 		  Data_to_Write=0x0 		 Status=Pass
Time=3912459010.000 ns 		 SPI_clock_frequency=33554431Hz 		 SPI_MODE=0 		 Operation=Read  		 Data_Size=16 bits 		 Slave_address=0x01 		 Selected_Register=Control Register 		  Data_to_Write=0x5555 		 Status=Pass
Time=3912459090.000 ns 		 SPI_clock_frequency=33554431Hz 		 SPI_MODE=0 		 Operation=Read  		 Data_Size=16 bits 		 Slave_address=0x01 		 Selected_Register=Control Register 		  Data_to_Write=0xaaaa 		 Status=Pass
Time=3912459170.000 ns 		 SPI_clock_frequency=33554431Hz 		 SPI_MODE=0 		 Operation=Read  		 Data_Size=16 bits 		 Slave_address=0x01 		 Selected_Register=Control Register 		  Data_to_Write=0x3478 		 Status=Pass
Time=3912459250.000 ns 		 SPI_clock_frequency=33554431Hz 		 SPI_MODE=0 		 Operation=Read  		 Data_Size=16 bits 		 Slave_address=0x01 		 Selected_Register=Control Register 		  Data_to_Write=0xffff 		 Status=Pass
Time=3912459330.000 ns 		 SPI_clock_frequency=33554431Hz 		 SPI_MODE=1 		 Operation=Write 		 Data_Size=16 bits 		 Slave_address=0x01 		 Selected_Register=Control Register 		  Data_to_Write=0x0 		 Status=Pass
Time=3912459410.000 ns 		 SPI_clock_frequency=33554431Hz 		 SPI_MODE=1 		 Operation=Write 		 Data_Size=16 bits 		 Slave_address=0x01 		 Selected_Register=Control Register 		  Data_to_Write=0x5555 		 Status=Pass
Time=3912459490.000 ns 		 SPI_clock_frequency=33554431Hz 		 SPI_MODE=1 		 Operation=Write 		 Data_Size=16 bits 		 Slave_address=0x01 		 Selected_Register=Control Register 		  Data_to_Write=0xaaaa 		 Status=Pass
Time=3912459570.000 ns 		 SPI_clock_frequency=33554431Hz 		 SPI_MODE=1 		 Operation=Write 		 Data_Size=16 bits 		 Slave_address=0x01 		 Selected_Register=Control Register 		  Data_to_Write=0x3478 		 Status=Pass
Time=3912459650.000 ns 		 SPI_clock_frequency=33554431Hz 		 SPI_MODE=1 		 Operation=Write 		 Data_Size=16 bits 		 Slave_address=0x01 		 Selected_Register=Control Register 		  Data_to_Write=0xffff 		 Status=Pass
Time=3912459730.000 ns 		 SPI_clock_frequency=33554431Hz 		 SPI_MODE=1 		 Operation=Read  		 Data_Size=16 bits 		 Slave_address=0x01 		 Selected_Register=Control Register 		  Data_to_Write=0x0 		 Status=Pass
Time=3912459810.000 ns 		 SPI_clock_frequency=33554431Hz 		 SPI_MODE=1 		 Operation=Read  		 Data_Size=16 bits 		 Slave_address=0x01 		 Selected_Register=Control Register 		  Data_to_Write=0x5555 		 Status=Pass
Time=3912459890.000 ns 		 SPI_clock_frequency=33554431Hz 		 SPI_MODE=1 		 Operation=Read  		 Data_Size=16 bits 		 Slave_address=0x01 		 Selected_Register=Control Register 		  Data_to_Write=0xaaaa 		 Status=Pass
Time=3912459970.000 ns 		 SPI_clock_frequency=33554431Hz 		 SPI_MODE=1 		 Operation=Read  		 Data_Size=16 bits 		 Slave_address=0x01 		 Selected_Register=Control Register 		  Data_to_Write=0x3478 		 Status=Pass
Time=3912460050.000 ns 		 SPI_clock_frequency=33554431Hz 		 SPI_MODE=1 		 Operation=Read  		 Data_Size=16 bits 		 Slave_address=0x01 		 Selected_Register=Control Register 		  Data_to_Write=0xffff 		 Status=Pass
Time=3912460130.000 ns 		 SPI_clock_frequency=33554431Hz 		 SPI_MODE=2 		 Operation=Write 		 Data_Size=16 bits 		 Slave_address=0x01 		 Selected_Register=Control Register 		  Data_to_Write=0x0 		 Status=Pass
Time=3912460210.000 ns 		 SPI_clock_frequency=33554431Hz 		 SPI_MODE=2 		 Operation=Write 		 Data_Size=16 bits 		 Slave_address=0x01 		 Selected_Register=Control Register 		  Data_to_Write=0x5555 		 Status=Pass
Time=3912460290.000 ns 		 SPI_clock_frequency=33554431Hz 		 SPI_MODE=2 		 Operation=Write 		 Data_Size=16 bits 		 Slave_address=0x01 		 Selected_Register=Control Register 		  Data_to_Write=0xaaaa 		 Status=Pass
Time=3912460370.000 ns 		 SPI_clock_frequency=33554431Hz 		 SPI_MODE=2 		 Operation=Write 		 Data_Size=16 bits 		 Slave_address=0x01 		 Selected_Register=Control Register 		  Data_to_Write=0x3478 		 Status=Pass
Time=3912460450.000 ns 		 SPI_clock_frequency=33554431Hz 		 SPI_MODE=2 		 Operation=Write 		 Data_Size=16 bits 		 Slave_address=0x01 		 Selected_Register=Control Register 		  Data_to_Write=0xffff 		 Status=Pass
Time=3912460530.000 ns 		 SPI_clock_frequency=33554431Hz 		 SPI_MODE=2 		 Operation=Read  		 Data_Size=16 bits 		 Slave_address=0x01 		 Selected_Register=Control Register 		  Data_to_Write=0x0 		 Status=Pass
Time=3912460610.000 ns 		 SPI_clock_frequency=33554431Hz 		 SPI_MODE=2 		 Operation=Read  		 Data_Size=16 bits 		 Slave_address=0x01 		 Selected_Register=Control Register 		  Data_to_Write=0x5555 		 Status=Pass
Time=3912460690.000 ns 		 SPI_clock_frequency=33554431Hz 		 SPI_MODE=2 		 Operation=Read  		 Data_Size=16 bits 		 Slave_address=0x01 		 Selected_Register=Control Register 		  Data_to_Write=0xaaaa 		 Status=Pass
Time=3912460770.000 ns 		 SPI_clock_frequency=33554431Hz 		 SPI_MODE=2 		 Operation=Read  		 Data_Size=16 bits 		 Slave_address=0x01 		 Selected_Register=Control Register 		  Data_to_Write=0x3478 		 Status=Pass
Time=3912460850.000 ns 		 SPI_clock_frequency=33554431Hz 		 SPI_MODE=2 		 Operation=Read  		 Data_Size=16 bits 		 Slave_address=0x01 		 Selected_Register=Control Register 		  Data_to_Write=0xffff 		 Status=Pass
Time=3912460930.000 ns 		 SPI_clock_frequency=33554431Hz 		 SPI_MODE=3 		 Operation=Write 		 Data_Size=16 bits 		 Slave_address=0x01 		 Selected_Register=Control Register 		  Data_to_Write=0x0 		 Status=Pass
Time=3912461010.000 ns 		 SPI_clock_frequency=33554431Hz 		 SPI_MODE=3 		 Operation=Write 		 Data_Size=16 bits 		 Slave_address=0x01 		 Selected_Register=Control Register 		  Data_to_Write=0x5555 		 Status=Pass
Time=3912461090.000 ns 		 SPI_clock_frequency=33554431Hz 		 SPI_MODE=3 		 Operation=Write 		 Data_Size=16 bits 		 Slave_address=0x01 		 Selected_Register=Control Register 		  Data_to_Write=0xaaaa 		 Status=Pass
Time=3912461170.000 ns 		 SPI_clock_frequency=33554431Hz 		 SPI_MODE=3 		 Operation=Write 		 Data_Size=16 bits 		 Slave_address=0x01 		 Selected_Register=Control Register 		  Data_to_Write=0x3478 		 Status=Pass
Time=3912461250.000 ns 		 SPI_clock_frequency=33554431Hz 		 SPI_MODE=3 		 Operation=Write 		 Data_Size=16 bits 		 Slave_address=0x01 		 Selected_Register=Control Register 		  Data_to_Write=0xffff 		 Status=Pass
Time=3912461330.000 ns 		 SPI_clock_frequency=33554431Hz 		 SPI_MODE=3 		 Operation=Read  		 Data_Size=16 bits 		 Slave_address=0x01 		 Selected_Register=Control Register 		  Data_to_Write=0x0 		 Status=Pass
Time=3912461410.000 ns 		 SPI_clock_frequency=33554431Hz 		 SPI_MODE=3 		 Operation=Read  		 Data_Size=16 bits 		 Slave_address=0x01 		 Selected_Register=Control Register 		  Data_to_Write=0x5555 		 Status=Pass
Time=3912461490.000 ns 		 SPI_clock_frequency=33554431Hz 		 SPI_MODE=3 		 Operation=Read  		 Data_Size=16 bits 		 Slave_address=0x01 		 Selected_Register=Control Register 		  Data_to_Write=0xaaaa 		 Status=Pass
Time=3912461570.000 ns 		 SPI_clock_frequency=33554431Hz 		 SPI_MODE=3 		 Operation=Read  		 Data_Size=16 bits 		 Slave_address=0x01 		 Selected_Register=Control Register 		  Data_to_Write=0x3478 		 Status=Pass
Time=3912461650.000 ns 		 SPI_clock_frequency=33554431Hz 		 SPI_MODE=3 		 Operation=Read  		 Data_Size=16 bits 		 Slave_address=0x01 		 Selected_Register=Control Register 		  Data_to_Write=0xffff 		 Status=Pass
Time=3912461730.000 ns 		 SPI_clock_frequency=33554431Hz 		 SPI_MODE=0 		 Operation=Write 		 Data_Size=16 bits 		 Slave_address=0x02 		 Selected_Register=Status Register    		  Data_to_Write=0x0 		 Status=Pass
Time=3912461810.000 ns 		 SPI_clock_frequency=33554431Hz 		 SPI_MODE=0 		 Operation=Write 		 Data_Size=16 bits 		 Slave_address=0x02 		 Selected_Register=Status Register    		  Data_to_Write=0x5555 		 Status=Pass
Time=3912461890.000 ns 		 SPI_clock_frequency=33554431Hz 		 SPI_MODE=0 		 Operation=Write 		 Data_Size=16 bits 		 Slave_address=0x02 		 Selected_Register=Status Register    		  Data_to_Write=0xaaaa 		 Status=Pass
Time=3912461970.000 ns 		 SPI_clock_frequency=33554431Hz 		 SPI_MODE=0 		 Operation=Write 		 Data_Size=16 bits 		 Slave_address=0x02 		 Selected_Register=Status Register    		  Data_to_Write=0x3478 		 Status=Pass
Time=3912462050.000 ns 		 SPI_clock_frequency=33554431Hz 		 SPI_MODE=0 		 Operation=Write 		 Data_Size=16 bits 		 Slave_address=0x02 		 Selected_Register=Status Register    		  Data_to_Write=0xffff 		 Status=Pass
Time=3912462130.000 ns 		 SPI_clock_frequency=33554431Hz 		 SPI_MODE=0 		 Operation=Read  		 Data_Size=16 bits 		 Slave_address=0x02 		 Selected_Register=Status Register     		  Data_to_Write=0x0 		 Status=Pass
Time=3912462210.000 ns 		 SPI_clock_frequency=33554431Hz 		 SPI_MODE=0 		 Operation=Read  		 Data_Size=16 bits 		 Slave_address=0x02 		 Selected_Register=Status Register     		  Data_to_Write=0x5555 		 Status=Pass
Time=3912462290.000 ns 		 SPI_clock_frequency=33554431Hz 		 SPI_MODE=0 		 Operation=Read  		 Data_Size=16 bits 		 Slave_address=0x02 		 Selected_Register=Status Register     		  Data_to_Write=0xaaaa 		 Status=Pass
Time=3912462370.000 ns 		 SPI_clock_frequency=33554431Hz 		 SPI_MODE=0 		 Operation=Read  		 Data_Size=16 bits 		 Slave_address=0x02 		 Selected_Register=Status Register     		  Data_to_Write=0x3478 		 Status=Pass
Time=3912462450.000 ns 		 SPI_clock_frequency=33554431Hz 		 SPI_MODE=0 		 Operation=Read  		 Data_Size=16 bits 		 Slave_address=0x02 		 Selected_Register=Status Register     		  Data_to_Write=0xffff 		 Status=Pass
Time=3912462530.000 ns 		 SPI_clock_frequency=33554431Hz 		 SPI_MODE=1 		 Operation=Write 		 Data_Size=16 bits 		 Slave_address=0x02 		 Selected_Register=Status Register    		  Data_to_Write=0x0 		 Status=Pass
Time=3912462610.000 ns 		 SPI_clock_frequency=33554431Hz 		 SPI_MODE=1 		 Operation=Write 		 Data_Size=16 bits 		 Slave_address=0x02 		 Selected_Register=Status Register    		  Data_to_Write=0x5555 		 Status=Pass
Time=3912462690.000 ns 		 SPI_clock_frequency=33554431Hz 		 SPI_MODE=1 		 Operation=Write 		 Data_Size=16 bits 		 Slave_address=0x02 		 Selected_Register=Status Register    		  Data_to_Write=0xaaaa 		 Status=Pass
Time=3912462770.000 ns 		 SPI_clock_frequency=33554431Hz 		 SPI_MODE=1 		 Operation=Write 		 Data_Size=16 bits 		 Slave_address=0x02 		 Selected_Register=Status Register    		  Data_to_Write=0x3478 		 Status=Pass
Time=3912462850.000 ns 		 SPI_clock_frequency=33554431Hz 		 SPI_MODE=1 		 Operation=Write 		 Data_Size=16 bits 		 Slave_address=0x02 		 Selected_Register=Status Register    		  Data_to_Write=0xffff 		 Status=Pass
Time=3912462930.000 ns 		 SPI_clock_frequency=33554431Hz 		 SPI_MODE=1 		 Operation=Read  		 Data_Size=16 bits 		 Slave_address=0x02 		 Selected_Register=Status Register     		  Data_to_Write=0x0 		 Status=Pass
Time=3912463010.000 ns 		 SPI_clock_frequency=33554431Hz 		 SPI_MODE=1 		 Operation=Read  		 Data_Size=16 bits 		 Slave_address=0x02 		 Selected_Register=Status Register     		  Data_to_Write=0x5555 		 Status=Pass
Time=3912463090.000 ns 		 SPI_clock_frequency=33554431Hz 		 SPI_MODE=1 		 Operation=Read  		 Data_Size=16 bits 		 Slave_address=0x02 		 Selected_Register=Status Register     		  Data_to_Write=0xaaaa 		 Status=Pass
Time=3912463170.000 ns 		 SPI_clock_frequency=33554431Hz 		 SPI_MODE=1 		 Operation=Read  		 Data_Size=16 bits 		 Slave_address=0x02 		 Selected_Register=Status Register     		  Data_to_Write=0x3478 		 Status=Pass
Time=3912463250.000 ns 		 SPI_clock_frequency=33554431Hz 		 SPI_MODE=1 		 Operation=Read  		 Data_Size=16 bits 		 Slave_address=0x02 		 Selected_Register=Status Register     		  Data_to_Write=0xffff 		 Status=Pass
Time=3912463330.000 ns 		 SPI_clock_frequency=33554431Hz 		 SPI_MODE=2 		 Operation=Write 		 Data_Size=16 bits 		 Slave_address=0x02 		 Selected_Register=Status Register    		  Data_to_Write=0x0 		 Status=Pass
Time=3912463410.000 ns 		 SPI_clock_frequency=33554431Hz 		 SPI_MODE=2 		 Operation=Write 		 Data_Size=16 bits 		 Slave_address=0x02 		 Selected_Register=Status Register    		  Data_to_Write=0x5555 		 Status=Pass
Time=3912463490.000 ns 		 SPI_clock_frequency=33554431Hz 		 SPI_MODE=2 		 Operation=Write 		 Data_Size=16 bits 		 Slave_address=0x02 		 Selected_Register=Status Register    		  Data_to_Write=0xaaaa 		 Status=Pass
Time=3912463570.000 ns 		 SPI_clock_frequency=33554431Hz 		 SPI_MODE=2 		 Operation=Write 		 Data_Size=16 bits 		 Slave_address=0x02 		 Selected_Register=Status Register    		  Data_to_Write=0x3478 		 Status=Pass
Time=3912463650.000 ns 		 SPI_clock_frequency=33554431Hz 		 SPI_MODE=2 		 Operation=Write 		 Data_Size=16 bits 		 Slave_address=0x02 		 Selected_Register=Status Register    		  Data_to_Write=0xffff 		 Status=Pass
Time=3912463730.000 ns 		 SPI_clock_frequency=33554431Hz 		 SPI_MODE=2 		 Operation=Read  		 Data_Size=16 bits 		 Slave_address=0x02 		 Selected_Register=Status Register     		  Data_to_Write=0x0 		 Status=Pass
Time=3912463810.000 ns 		 SPI_clock_frequency=33554431Hz 		 SPI_MODE=2 		 Operation=Read  		 Data_Size=16 bits 		 Slave_address=0x02 		 Selected_Register=Status Register     		  Data_to_Write=0x5555 		 Status=Pass
Time=3912463890.000 ns 		 SPI_clock_frequency=33554431Hz 		 SPI_MODE=2 		 Operation=Read  		 Data_Size=16 bits 		 Slave_address=0x02 		 Selected_Register=Status Register     		  Data_to_Write=0xaaaa 		 Status=Pass
Time=3912463970.000 ns 		 SPI_clock_frequency=33554431Hz 		 SPI_MODE=2 		 Operation=Read  		 Data_Size=16 bits 		 Slave_address=0x02 		 Selected_Register=Status Register     		  Data_to_Write=0x3478 		 Status=Pass
Time=3912464050.000 ns 		 SPI_clock_frequency=33554431Hz 		 SPI_MODE=2 		 Operation=Read  		 Data_Size=16 bits 		 Slave_address=0x02 		 Selected_Register=Status Register     		  Data_to_Write=0xffff 		 Status=Pass
Time=3912464130.000 ns 		 SPI_clock_frequency=33554431Hz 		 SPI_MODE=3 		 Operation=Write 		 Data_Size=16 bits 		 Slave_address=0x02 		 Selected_Register=Status Register    		  Data_to_Write=0x0 		 Status=Pass
Time=3912464210.000 ns 		 SPI_clock_frequency=33554431Hz 		 SPI_MODE=3 		 Operation=Write 		 Data_Size=16 bits 		 Slave_address=0x02 		 Selected_Register=Status Register    		  Data_to_Write=0x5555 		 Status=Pass
Time=3912464290.000 ns 		 SPI_clock_frequency=33554431Hz 		 SPI_MODE=3 		 Operation=Write 		 Data_Size=16 bits 		 Slave_address=0x02 		 Selected_Register=Status Register    		  Data_to_Write=0xaaaa 		 Status=Pass
Time=3912464370.000 ns 		 SPI_clock_frequency=33554431Hz 		 SPI_MODE=3 		 Operation=Write 		 Data_Size=16 bits 		 Slave_address=0x02 		 Selected_Register=Status Register    		  Data_to_Write=0x3478 		 Status=Pass
Time=3912464450.000 ns 		 SPI_clock_frequency=33554431Hz 		 SPI_MODE=3 		 Operation=Write 		 Data_Size=16 bits 		 Slave_address=0x02 		 Selected_Register=Status Register    		  Data_to_Write=0xffff 		 Status=Pass
Time=3912464530.000 ns 		 SPI_clock_frequency=33554431Hz 		 SPI_MODE=3 		 Operation=Read  		 Data_Size=16 bits 		 Slave_address=0x02 		 Selected_Register=Status Register     		  Data_to_Write=0x0 		 Status=Pass
Time=3912464610.000 ns 		 SPI_clock_frequency=33554431Hz 		 SPI_MODE=3 		 Operation=Read  		 Data_Size=16 bits 		 Slave_address=0x02 		 Selected_Register=Status Register     		  Data_to_Write=0x5555 		 Status=Pass
Time=3912464690.000 ns 		 SPI_clock_frequency=33554431Hz 		 SPI_MODE=3 		 Operation=Read  		 Data_Size=16 bits 		 Slave_address=0x02 		 Selected_Register=Status Register     		  Data_to_Write=0xaaaa 		 Status=Pass
Time=3912464770.000 ns 		 SPI_clock_frequency=33554431Hz 		 SPI_MODE=3 		 Operation=Read  		 Data_Size=16 bits 		 Slave_address=0x02 		 Selected_Register=Status Register     		  Data_to_Write=0x3478 		 Status=Pass
Time=3912464850.000 ns 		 SPI_clock_frequency=33554431Hz 		 SPI_MODE=3 		 Operation=Read  		 Data_Size=16 bits 		 Slave_address=0x02 		 Selected_Register=Status Register     		  Data_to_Write=0xffff 		 Status=Pass
Time=3912464930.000 ns 		 SPI_clock_frequency=33554431Hz 		 SPI_MODE=0 		 Operation=Write 		 Data_Size=16 bits 		 Slave_address=0x03 		 Selected_Register=Data Register      		  Data_to_Write=0x0 		 Status=Pass
Time=3912465010.000 ns 		 SPI_clock_frequency=33554431Hz 		 SPI_MODE=0 		 Operation=Write 		 Data_Size=16 bits 		 Slave_address=0x03 		 Selected_Register=Data Register      		  Data_to_Write=0x5555 		 Status=Pass
Time=3912465090.000 ns 		 SPI_clock_frequency=33554431Hz 		 SPI_MODE=0 		 Operation=Write 		 Data_Size=16 bits 		 Slave_address=0x03 		 Selected_Register=Data Register      		  Data_to_Write=0xaaaa 		 Status=Pass
Time=3912465170.000 ns 		 SPI_clock_frequency=33554431Hz 		 SPI_MODE=0 		 Operation=Write 		 Data_Size=16 bits 		 Slave_address=0x03 		 Selected_Register=Data Register      		  Data_to_Write=0x3478 		 Status=Pass
Time=3912465250.000 ns 		 SPI_clock_frequency=33554431Hz 		 SPI_MODE=0 		 Operation=Write 		 Data_Size=16 bits 		 Slave_address=0x03 		 Selected_Register=Data Register      		  Data_to_Write=0xffff 		 Status=Pass
Time=3912465330.000 ns 		 SPI_clock_frequency=33554431Hz 		 SPI_MODE=0 		 Operation=Read  		 Data_Size=16 bits 		 Slave_address=0x03 		 Selected_Register=Data Register       		  Data_to_Write=0x0 		 Status=Pass
Time=3912465410.000 ns 		 SPI_clock_frequency=33554431Hz 		 SPI_MODE=0 		 Operation=Read  		 Data_Size=16 bits 		 Slave_address=0x03 		 Selected_Register=Data Register       		  Data_to_Write=0x5555 		 Status=Pass
Time=3912465490.000 ns 		 SPI_clock_frequency=33554431Hz 		 SPI_MODE=0 		 Operation=Read  		 Data_Size=16 bits 		 Slave_address=0x03 		 Selected_Register=Data Register       		  Data_to_Write=0xaaaa 		 Status=Pass
Time=3912465570.000 ns 		 SPI_clock_frequency=33554431Hz 		 SPI_MODE=0 		 Operation=Read  		 Data_Size=16 bits 		 Slave_address=0x03 		 Selected_Register=Data Register       		  Data_to_Write=0x3478 		 Status=Pass
Time=3912465650.000 ns 		 SPI_clock_frequency=33554431Hz 		 SPI_MODE=0 		 Operation=Read  		 Data_Size=16 bits 		 Slave_address=0x03 		 Selected_Register=Data Register       		  Data_to_Write=0xffff 		 Status=Pass
Time=3912465730.000 ns 		 SPI_clock_frequency=33554431Hz 		 SPI_MODE=1 		 Operation=Write 		 Data_Size=16 bits 		 Slave_address=0x03 		 Selected_Register=Data Register      		  Data_to_Write=0x0 		 Status=Pass
Time=3912465810.000 ns 		 SPI_clock_frequency=33554431Hz 		 SPI_MODE=1 		 Operation=Write 		 Data_Size=16 bits 		 Slave_address=0x03 		 Selected_Register=Data Register      		  Data_to_Write=0x5555 		 Status=Pass
Time=3912465890.000 ns 		 SPI_clock_frequency=33554431Hz 		 SPI_MODE=1 		 Operation=Write 		 Data_Size=16 bits 		 Slave_address=0x03 		 Selected_Register=Data Register      		  Data_to_Write=0xaaaa 		 Status=Pass
Time=3912465970.000 ns 		 SPI_clock_frequency=33554431Hz 		 SPI_MODE=1 		 Operation=Write 		 Data_Size=16 bits 		 Slave_address=0x03 		 Selected_Register=Data Register      		  Data_to_Write=0x3478 		 Status=Pass
Time=3912466050.000 ns 		 SPI_clock_frequency=33554431Hz 		 SPI_MODE=1 		 Operation=Write 		 Data_Size=16 bits 		 Slave_address=0x03 		 Selected_Register=Data Register      		  Data_to_Write=0xffff 		 Status=Pass
Time=3912466130.000 ns 		 SPI_clock_frequency=33554431Hz 		 SPI_MODE=1 		 Operation=Read  		 Data_Size=16 bits 		 Slave_address=0x03 		 Selected_Register=Data Register       		  Data_to_Write=0x0 		 Status=Pass
Time=3912466210.000 ns 		 SPI_clock_frequency=33554431Hz 		 SPI_MODE=1 		 Operation=Read  		 Data_Size=16 bits 		 Slave_address=0x03 		 Selected_Register=Data Register       		  Data_to_Write=0x5555 		 Status=Pass
Time=3912466290.000 ns 		 SPI_clock_frequency=33554431Hz 		 SPI_MODE=1 		 Operation=Read  		 Data_Size=16 bits 		 Slave_address=0x03 		 Selected_Register=Data Register       		  Data_to_Write=0xaaaa 		 Status=Pass
Time=3912466370.000 ns 		 SPI_clock_frequency=33554431Hz 		 SPI_MODE=1 		 Operation=Read  		 Data_Size=16 bits 		 Slave_address=0x03 		 Selected_Register=Data Register       		  Data_to_Write=0x3478 		 Status=Pass
Time=3912466450.000 ns 		 SPI_clock_frequency=33554431Hz 		 SPI_MODE=1 		 Operation=Read  		 Data_Size=16 bits 		 Slave_address=0x03 		 Selected_Register=Data Register       		  Data_to_Write=0xffff 		 Status=Pass
Time=3912466530.000 ns 		 SPI_clock_frequency=33554431Hz 		 SPI_MODE=2 		 Operation=Write 		 Data_Size=16 bits 		 Slave_address=0x03 		 Selected_Register=Data Register      		  Data_to_Write=0x0 		 Status=Pass
Time=3912466610.000 ns 		 SPI_clock_frequency=33554431Hz 		 SPI_MODE=2 		 Operation=Write 		 Data_Size=16 bits 		 Slave_address=0x03 		 Selected_Register=Data Register      		  Data_to_Write=0x5555 		 Status=Pass
Time=3912466690.000 ns 		 SPI_clock_frequency=33554431Hz 		 SPI_MODE=2 		 Operation=Write 		 Data_Size=16 bits 		 Slave_address=0x03 		 Selected_Register=Data Register      		  Data_to_Write=0xaaaa 		 Status=Pass
Time=3912466770.000 ns 		 SPI_clock_frequency=33554431Hz 		 SPI_MODE=2 		 Operation=Write 		 Data_Size=16 bits 		 Slave_address=0x03 		 Selected_Register=Data Register      		  Data_to_Write=0x3478 		 Status=Pass
Time=3912466850.000 ns 		 SPI_clock_frequency=33554431Hz 		 SPI_MODE=2 		 Operation=Write 		 Data_Size=16 bits 		 Slave_address=0x03 		 Selected_Register=Data Register      		  Data_to_Write=0xffff 		 Status=Pass
Time=3912466930.000 ns 		 SPI_clock_frequency=33554431Hz 		 SPI_MODE=2 		 Operation=Read  		 Data_Size=16 bits 		 Slave_address=0x03 		 Selected_Register=Data Register       		  Data_to_Write=0x0 		 Status=Pass
Time=3912467010.000 ns 		 SPI_clock_frequency=33554431Hz 		 SPI_MODE=2 		 Operation=Read  		 Data_Size=16 bits 		 Slave_address=0x03 		 Selected_Register=Data Register       		  Data_to_Write=0x5555 		 Status=Pass
Time=3912467090.000 ns 		 SPI_clock_frequency=33554431Hz 		 SPI_MODE=2 		 Operation=Read  		 Data_Size=16 bits 		 Slave_address=0x03 		 Selected_Register=Data Register       		  Data_to_Write=0xaaaa 		 Status=Pass
Time=3912467170.000 ns 		 SPI_clock_frequency=33554431Hz 		 SPI_MODE=2 		 Operation=Read  		 Data_Size=16 bits 		 Slave_address=0x03 		 Selected_Register=Data Register       		  Data_to_Write=0x3478 		 Status=Pass
Time=3912467250.000 ns 		 SPI_clock_frequency=33554431Hz 		 SPI_MODE=2 		 Operation=Read  		 Data_Size=16 bits 		 Slave_address=0x03 		 Selected_Register=Data Register       		  Data_to_Write=0xffff 		 Status=Pass
Time=3912467330.000 ns 		 SPI_clock_frequency=33554431Hz 		 SPI_MODE=3 		 Operation=Write 		 Data_Size=16 bits 		 Slave_address=0x03 		 Selected_Register=Data Register      		  Data_to_Write=0x0 		 Status=Pass
Time=3912467410.000 ns 		 SPI_clock_frequency=33554431Hz 		 SPI_MODE=3 		 Operation=Write 		 Data_Size=16 bits 		 Slave_address=0x03 		 Selected_Register=Data Register      		  Data_to_Write=0x5555 		 Status=Pass
Time=3912467490.000 ns 		 SPI_clock_frequency=33554431Hz 		 SPI_MODE=3 		 Operation=Write 		 Data_Size=16 bits 		 Slave_address=0x03 		 Selected_Register=Data Register      		  Data_to_Write=0xaaaa 		 Status=Pass
Time=3912467570.000 ns 		 SPI_clock_frequency=33554431Hz 		 SPI_MODE=3 		 Operation=Write 		 Data_Size=16 bits 		 Slave_address=0x03 		 Selected_Register=Data Register      		  Data_to_Write=0x3478 		 Status=Pass
Time=3912467650.000 ns 		 SPI_clock_frequency=33554431Hz 		 SPI_MODE=3 		 Operation=Write 		 Data_Size=16 bits 		 Slave_address=0x03 		 Selected_Register=Data Register      		  Data_to_Write=0xffff 		 Status=Pass
Time=3912467730.000 ns 		 SPI_clock_frequency=33554431Hz 		 SPI_MODE=3 		 Operation=Read  		 Data_Size=16 bits 		 Slave_address=0x03 		 Selected_Register=Data Register       		  Data_to_Write=0x0 		 Status=Pass
Time=3912467810.000 ns 		 SPI_clock_frequency=33554431Hz 		 SPI_MODE=3 		 Operation=Read  		 Data_Size=16 bits 		 Slave_address=0x03 		 Selected_Register=Data Register       		  Data_to_Write=0x5555 		 Status=Pass
Time=3912467890.000 ns 		 SPI_clock_frequency=33554431Hz 		 SPI_MODE=3 		 Operation=Read  		 Data_Size=16 bits 		 Slave_address=0x03 		 Selected_Register=Data Register       		  Data_to_Write=0xaaaa 		 Status=Pass
Time=3912467970.000 ns 		 SPI_clock_frequency=33554431Hz 		 SPI_MODE=3 		 Operation=Read  		 Data_Size=16 bits 		 Slave_address=0x03 		 Selected_Register=Data Register       		  Data_to_Write=0x3478 		 Status=Pass
Time=3912468050.000 ns 		 SPI_clock_frequency=33554431Hz 		 SPI_MODE=3 		 Operation=Read  		 Data_Size=16 bits 		 Slave_address=0x03 		 Selected_Register=Data Register       		  Data_to_Write=0xffff 		 Status=Pass
 ERROR: Invalid Slave Address (04)
 ERROR: Invalid Slave Address (04)
 ERROR: Invalid Slave Address (04)
 ERROR: Invalid Slave Address (04)
 ERROR: Invalid Slave Address (04)
 ERROR: Invalid Slave Address (04)
 ERROR: Invalid Slave Address (04)
 ERROR: Invalid Slave Address (04)
 ERROR: Invalid Slave Address (04)
 ERROR: Invalid Slave Address (04)
 ERROR: Invalid Slave Address (04)
 ERROR: Invalid Slave Address (04)
 ERROR: Invalid Slave Address (04)
 ERROR: Invalid Slave Address (04)
 ERROR: Invalid Slave Address (04)
 ERROR: Invalid Slave Address (04)
 ERROR: Invalid Slave Address (04)
 ERROR: Invalid Slave Address (04)
 ERROR: Invalid Slave Address (04)
 ERROR: Invalid Slave Address (04)
 ERROR: Invalid Slave Address (04)
 ERROR: Invalid Slave Address (04)
 ERROR: Invalid Slave Address (04)
 ERROR: Invalid Slave Address (04)
 ERROR: Invalid Slave Address (04)
 ERROR: Invalid Slave Address (04)
 ERROR: Invalid Slave Address (04)
 ERROR: Invalid Slave Address (04)
 ERROR: Invalid Slave Address (04)
 ERROR: Invalid Slave Address (04)
 ERROR: Invalid Slave Address (04)
 ERROR: Invalid Slave Address (04)
 ERROR: Invalid Slave Address (04)
 ERROR: Invalid Slave Address (04)
 ERROR: Invalid Slave Address (04)
 ERROR: Invalid Slave Address (04)
 ERROR: Invalid Slave Address (04)
 ERROR: Invalid Slave Address (04)
 ERROR: Invalid Slave Address (04)
 ERROR: Invalid Slave Address (04)
 ERROR: Invalid Slave Address (05)
 ERROR: Invalid Slave Address (05)
 ERROR: Invalid Slave Address (05)
 ERROR: Invalid Slave Address (05)
 ERROR: Invalid Slave Address (05)
 ERROR: Invalid Slave Address (05)
 ERROR: Invalid Slave Address (05)
 ERROR: Invalid Slave Address (05)
 ERROR: Invalid Slave Address (05)
 ERROR: Invalid Slave Address (05)
 ERROR: Invalid Slave Address (05)
 ERROR: Invalid Slave Address (05)
 ERROR: Invalid Slave Address (05)
 ERROR: Invalid Slave Address (05)
 ERROR: Invalid Slave Address (05)
 ERROR: Invalid Slave Address (05)
 ERROR: Invalid Slave Address (05)
 ERROR: Invalid Slave Address (05)
 ERROR: Invalid Slave Address (05)
 ERROR: Invalid Slave Address (05)
 ERROR: Invalid Slave Address (05)
 ERROR: Invalid Slave Address (05)
 ERROR: Invalid Slave Address (05)
 ERROR: Invalid Slave Address (05)
 ERROR: Invalid Slave Address (05)
 ERROR: Invalid Slave Address (05)
 ERROR: Invalid Slave Address (05)
 ERROR: Invalid Slave Address (05)
 ERROR: Invalid Slave Address (05)
 ERROR: Invalid Slave Address (05)
 ERROR: Invalid Slave Address (05)
 ERROR: Invalid Slave Address (05)
 ERROR: Invalid Slave Address (05)
 ERROR: Invalid Slave Address (05)
 ERROR: Invalid Slave Address (05)
 ERROR: Invalid Slave Address (05)
 ERROR: Invalid Slave Address (05)
 ERROR: Invalid Slave Address (05)
 ERROR: Invalid Slave Address (05)
 ERROR: Invalid Slave Address (05)
 ERROR: Writing a read only register (Device ID)
 ERROR: Writing a read only register (Device ID)
 ERROR: Writing a read only register (Device ID)
 ERROR: Writing a read only register (Device ID)
 ERROR: Writing a read only register (Device ID)
Time=3912473230.000 ns 		 SPI_clock_frequency=67823Hz 		 SPI_MODE=0 		 Operation=Read  		 Data_Size=8 bits 		 Slave_address=0x00 		 Selected_Register=Device ID          		  Data_to_Write=0x0 		 Status=Pass
Time=3912473310.000 ns 		 SPI_clock_frequency=67823Hz 		 SPI_MODE=0 		 Operation=Read  		 Data_Size=8 bits 		 Slave_address=0x00 		 Selected_Register=Device ID          		  Data_to_Write=0x55 		 Status=Pass
Time=3912473390.000 ns 		 SPI_clock_frequency=67823Hz 		 SPI_MODE=0 		 Operation=Read  		 Data_Size=8 bits 		 Slave_address=0x00 		 Selected_Register=Device ID          		  Data_to_Write=0xaa 		 Status=Pass
Time=3912473470.000 ns 		 SPI_clock_frequency=67823Hz 		 SPI_MODE=0 		 Operation=Read  		 Data_Size=8 bits 		 Slave_address=0x00 		 Selected_Register=Device ID          		  Data_to_Write=0xbe 		 Status=Pass
Time=3912473550.000 ns 		 SPI_clock_frequency=67823Hz 		 SPI_MODE=0 		 Operation=Read  		 Data_Size=8 bits 		 Slave_address=0x00 		 Selected_Register=Device ID          		  Data_to_Write=0xff 		 Status=Pass
 ERROR: Writing a read only register (Device ID)
 ERROR: Writing a read only register (Device ID)
 ERROR: Writing a read only register (Device ID)
 ERROR: Writing a read only register (Device ID)
 ERROR: Writing a read only register (Device ID)
Time=3912473930.000 ns 		 SPI_clock_frequency=67823Hz 		 SPI_MODE=1 		 Operation=Read  		 Data_Size=8 bits 		 Slave_address=0x00 		 Selected_Register=Device ID          		  Data_to_Write=0x0 		 Status=Pass
Time=3912474010.000 ns 		 SPI_clock_frequency=67823Hz 		 SPI_MODE=1 		 Operation=Read  		 Data_Size=8 bits 		 Slave_address=0x00 		 Selected_Register=Device ID          		  Data_to_Write=0x55 		 Status=Pass
Time=3912474090.000 ns 		 SPI_clock_frequency=67823Hz 		 SPI_MODE=1 		 Operation=Read  		 Data_Size=8 bits 		 Slave_address=0x00 		 Selected_Register=Device ID          		  Data_to_Write=0xaa 		 Status=Pass
Time=3912474170.000 ns 		 SPI_clock_frequency=67823Hz 		 SPI_MODE=1 		 Operation=Read  		 Data_Size=8 bits 		 Slave_address=0x00 		 Selected_Register=Device ID          		  Data_to_Write=0xbe 		 Status=Pass
Time=3912474250.000 ns 		 SPI_clock_frequency=67823Hz 		 SPI_MODE=1 		 Operation=Read  		 Data_Size=8 bits 		 Slave_address=0x00 		 Selected_Register=Device ID          		  Data_to_Write=0xff 		 Status=Pass
 ERROR: Writing a read only register (Device ID)
 ERROR: Writing a read only register (Device ID)
 ERROR: Writing a read only register (Device ID)
 ERROR: Writing a read only register (Device ID)
 ERROR: Writing a read only register (Device ID)
Time=3912474630.000 ns 		 SPI_clock_frequency=67823Hz 		 SPI_MODE=2 		 Operation=Read  		 Data_Size=8 bits 		 Slave_address=0x00 		 Selected_Register=Device ID          		  Data_to_Write=0x0 		 Status=Pass
Time=3912474710.000 ns 		 SPI_clock_frequency=67823Hz 		 SPI_MODE=2 		 Operation=Read  		 Data_Size=8 bits 		 Slave_address=0x00 		 Selected_Register=Device ID          		  Data_to_Write=0x55 		 Status=Pass
Time=3912474790.000 ns 		 SPI_clock_frequency=67823Hz 		 SPI_MODE=2 		 Operation=Read  		 Data_Size=8 bits 		 Slave_address=0x00 		 Selected_Register=Device ID          		  Data_to_Write=0xaa 		 Status=Pass
Time=3912474870.000 ns 		 SPI_clock_frequency=67823Hz 		 SPI_MODE=2 		 Operation=Read  		 Data_Size=8 bits 		 Slave_address=0x00 		 Selected_Register=Device ID          		  Data_to_Write=0xbe 		 Status=Pass
Time=3912474950.000 ns 		 SPI_clock_frequency=67823Hz 		 SPI_MODE=2 		 Operation=Read  		 Data_Size=8 bits 		 Slave_address=0x00 		 Selected_Register=Device ID          		  Data_to_Write=0xff 		 Status=Pass
 ERROR: Writing a read only register (Device ID)
 ERROR: Writing a read only register (Device ID)
 ERROR: Writing a read only register (Device ID)
 ERROR: Writing a read only register (Device ID)
 ERROR: Writing a read only register (Device ID)
Time=3912475330.000 ns 		 SPI_clock_frequency=67823Hz 		 SPI_MODE=3 		 Operation=Read  		 Data_Size=8 bits 		 Slave_address=0x00 		 Selected_Register=Device ID          		  Data_to_Write=0x0 		 Status=Pass
Time=3912475410.000 ns 		 SPI_clock_frequency=67823Hz 		 SPI_MODE=3 		 Operation=Read  		 Data_Size=8 bits 		 Slave_address=0x00 		 Selected_Register=Device ID          		  Data_to_Write=0x55 		 Status=Pass
Time=3912475490.000 ns 		 SPI_clock_frequency=67823Hz 		 SPI_MODE=3 		 Operation=Read  		 Data_Size=8 bits 		 Slave_address=0x00 		 Selected_Register=Device ID          		  Data_to_Write=0xaa 		 Status=Pass
Time=3912475570.000 ns 		 SPI_clock_frequency=67823Hz 		 SPI_MODE=3 		 Operation=Read  		 Data_Size=8 bits 		 Slave_address=0x00 		 Selected_Register=Device ID          		  Data_to_Write=0xbe 		 Status=Pass
Time=3912475650.000 ns 		 SPI_clock_frequency=67823Hz 		 SPI_MODE=3 		 Operation=Read  		 Data_Size=8 bits 		 Slave_address=0x00 		 Selected_Register=Device ID          		  Data_to_Write=0xff 		 Status=Pass
Time=3912475730.000 ns 		 SPI_clock_frequency=67823Hz 		 SPI_MODE=0 		 Operation=Write 		 Data_Size=8 bits 		 Slave_address=0x01 		 Selected_Register=Control Register 		  Data_to_Write=0x0 		 Status=Pass
Time=3912475810.000 ns 		 SPI_clock_frequency=67823Hz 		 SPI_MODE=0 		 Operation=Write 		 Data_Size=8 bits 		 Slave_address=0x01 		 Selected_Register=Control Register 		  Data_to_Write=0x55 		 Status=Pass
Time=3912475890.000 ns 		 SPI_clock_frequency=67823Hz 		 SPI_MODE=0 		 Operation=Write 		 Data_Size=8 bits 		 Slave_address=0x01 		 Selected_Register=Control Register 		  Data_to_Write=0xaa 		 Status=Pass
Time=3912475970.000 ns 		 SPI_clock_frequency=67823Hz 		 SPI_MODE=0 		 Operation=Write 		 Data_Size=8 bits 		 Slave_address=0x01 		 Selected_Register=Control Register 		  Data_to_Write=0xbe 		 Status=Pass
Time=3912476050.000 ns 		 SPI_clock_frequency=67823Hz 		 SPI_MODE=0 		 Operation=Write 		 Data_Size=8 bits 		 Slave_address=0x01 		 Selected_Register=Control Register 		  Data_to_Write=0xff 		 Status=Pass
Time=3912476130.000 ns 		 SPI_clock_frequency=67823Hz 		 SPI_MODE=0 		 Operation=Read  		 Data_Size=8 bits 		 Slave_address=0x01 		 Selected_Register=Control Register 		  Data_to_Write=0x0 		 Status=Pass
Time=3912476210.000 ns 		 SPI_clock_frequency=67823Hz 		 SPI_MODE=0 		 Operation=Read  		 Data_Size=8 bits 		 Slave_address=0x01 		 Selected_Register=Control Register 		  Data_to_Write=0x55 		 Status=Pass
Time=3912476290.000 ns 		 SPI_clock_frequency=67823Hz 		 SPI_MODE=0 		 Operation=Read  		 Data_Size=8 bits 		 Slave_address=0x01 		 Selected_Register=Control Register 		  Data_to_Write=0xaa 		 Status=Pass
Time=3912476370.000 ns 		 SPI_clock_frequency=67823Hz 		 SPI_MODE=0 		 Operation=Read  		 Data_Size=8 bits 		 Slave_address=0x01 		 Selected_Register=Control Register 		  Data_to_Write=0xbe 		 Status=Pass
Time=3912476450.000 ns 		 SPI_clock_frequency=67823Hz 		 SPI_MODE=0 		 Operation=Read  		 Data_Size=8 bits 		 Slave_address=0x01 		 Selected_Register=Control Register 		  Data_to_Write=0xff 		 Status=Pass
Time=3912476530.000 ns 		 SPI_clock_frequency=67823Hz 		 SPI_MODE=1 		 Operation=Write 		 Data_Size=8 bits 		 Slave_address=0x01 		 Selected_Register=Control Register 		  Data_to_Write=0x0 		 Status=Pass
Time=3912476610.000 ns 		 SPI_clock_frequency=67823Hz 		 SPI_MODE=1 		 Operation=Write 		 Data_Size=8 bits 		 Slave_address=0x01 		 Selected_Register=Control Register 		  Data_to_Write=0x55 		 Status=Pass
Time=3912476690.000 ns 		 SPI_clock_frequency=67823Hz 		 SPI_MODE=1 		 Operation=Write 		 Data_Size=8 bits 		 Slave_address=0x01 		 Selected_Register=Control Register 		  Data_to_Write=0xaa 		 Status=Pass
Time=3912476770.000 ns 		 SPI_clock_frequency=67823Hz 		 SPI_MODE=1 		 Operation=Write 		 Data_Size=8 bits 		 Slave_address=0x01 		 Selected_Register=Control Register 		  Data_to_Write=0xbe 		 Status=Pass
Time=3912476850.000 ns 		 SPI_clock_frequency=67823Hz 		 SPI_MODE=1 		 Operation=Write 		 Data_Size=8 bits 		 Slave_address=0x01 		 Selected_Register=Control Register 		  Data_to_Write=0xff 		 Status=Pass
Time=3912476930.000 ns 		 SPI_clock_frequency=67823Hz 		 SPI_MODE=1 		 Operation=Read  		 Data_Size=8 bits 		 Slave_address=0x01 		 Selected_Register=Control Register 		  Data_to_Write=0x0 		 Status=Pass
Time=3912477010.000 ns 		 SPI_clock_frequency=67823Hz 		 SPI_MODE=1 		 Operation=Read  		 Data_Size=8 bits 		 Slave_address=0x01 		 Selected_Register=Control Register 		  Data_to_Write=0x55 		 Status=Pass
Time=3912477090.000 ns 		 SPI_clock_frequency=67823Hz 		 SPI_MODE=1 		 Operation=Read  		 Data_Size=8 bits 		 Slave_address=0x01 		 Selected_Register=Control Register 		  Data_to_Write=0xaa 		 Status=Pass
Time=3912477170.000 ns 		 SPI_clock_frequency=67823Hz 		 SPI_MODE=1 		 Operation=Read  		 Data_Size=8 bits 		 Slave_address=0x01 		 Selected_Register=Control Register 		  Data_to_Write=0xbe 		 Status=Pass
Time=3912477250.000 ns 		 SPI_clock_frequency=67823Hz 		 SPI_MODE=1 		 Operation=Read  		 Data_Size=8 bits 		 Slave_address=0x01 		 Selected_Register=Control Register 		  Data_to_Write=0xff 		 Status=Pass
Time=3912477330.000 ns 		 SPI_clock_frequency=67823Hz 		 SPI_MODE=2 		 Operation=Write 		 Data_Size=8 bits 		 Slave_address=0x01 		 Selected_Register=Control Register 		  Data_to_Write=0x0 		 Status=Pass
Time=3912477410.000 ns 		 SPI_clock_frequency=67823Hz 		 SPI_MODE=2 		 Operation=Write 		 Data_Size=8 bits 		 Slave_address=0x01 		 Selected_Register=Control Register 		  Data_to_Write=0x55 		 Status=Pass
Time=3912477490.000 ns 		 SPI_clock_frequency=67823Hz 		 SPI_MODE=2 		 Operation=Write 		 Data_Size=8 bits 		 Slave_address=0x01 		 Selected_Register=Control Register 		  Data_to_Write=0xaa 		 Status=Pass
Time=3912477570.000 ns 		 SPI_clock_frequency=67823Hz 		 SPI_MODE=2 		 Operation=Write 		 Data_Size=8 bits 		 Slave_address=0x01 		 Selected_Register=Control Register 		  Data_to_Write=0xbe 		 Status=Pass
Time=3912477650.000 ns 		 SPI_clock_frequency=67823Hz 		 SPI_MODE=2 		 Operation=Write 		 Data_Size=8 bits 		 Slave_address=0x01 		 Selected_Register=Control Register 		  Data_to_Write=0xff 		 Status=Pass
Time=3912477730.000 ns 		 SPI_clock_frequency=67823Hz 		 SPI_MODE=2 		 Operation=Read  		 Data_Size=8 bits 		 Slave_address=0x01 		 Selected_Register=Control Register 		  Data_to_Write=0x0 		 Status=Pass
Time=3912477810.000 ns 		 SPI_clock_frequency=67823Hz 		 SPI_MODE=2 		 Operation=Read  		 Data_Size=8 bits 		 Slave_address=0x01 		 Selected_Register=Control Register 		  Data_to_Write=0x55 		 Status=Pass
Time=3912477890.000 ns 		 SPI_clock_frequency=67823Hz 		 SPI_MODE=2 		 Operation=Read  		 Data_Size=8 bits 		 Slave_address=0x01 		 Selected_Register=Control Register 		  Data_to_Write=0xaa 		 Status=Pass
Time=3912477970.000 ns 		 SPI_clock_frequency=67823Hz 		 SPI_MODE=2 		 Operation=Read  		 Data_Size=8 bits 		 Slave_address=0x01 		 Selected_Register=Control Register 		  Data_to_Write=0xbe 		 Status=Pass
Time=3912478050.000 ns 		 SPI_clock_frequency=67823Hz 		 SPI_MODE=2 		 Operation=Read  		 Data_Size=8 bits 		 Slave_address=0x01 		 Selected_Register=Control Register 		  Data_to_Write=0xff 		 Status=Pass
Time=3912478130.000 ns 		 SPI_clock_frequency=67823Hz 		 SPI_MODE=3 		 Operation=Write 		 Data_Size=8 bits 		 Slave_address=0x01 		 Selected_Register=Control Register 		  Data_to_Write=0x0 		 Status=Pass
Time=3912478210.000 ns 		 SPI_clock_frequency=67823Hz 		 SPI_MODE=3 		 Operation=Write 		 Data_Size=8 bits 		 Slave_address=0x01 		 Selected_Register=Control Register 		  Data_to_Write=0x55 		 Status=Pass
Time=3912478290.000 ns 		 SPI_clock_frequency=67823Hz 		 SPI_MODE=3 		 Operation=Write 		 Data_Size=8 bits 		 Slave_address=0x01 		 Selected_Register=Control Register 		  Data_to_Write=0xaa 		 Status=Pass
Time=3912478370.000 ns 		 SPI_clock_frequency=67823Hz 		 SPI_MODE=3 		 Operation=Write 		 Data_Size=8 bits 		 Slave_address=0x01 		 Selected_Register=Control Register 		  Data_to_Write=0xbe 		 Status=Pass
Time=3912478450.000 ns 		 SPI_clock_frequency=67823Hz 		 SPI_MODE=3 		 Operation=Write 		 Data_Size=8 bits 		 Slave_address=0x01 		 Selected_Register=Control Register 		  Data_to_Write=0xff 		 Status=Pass
Time=3912478530.000 ns 		 SPI_clock_frequency=67823Hz 		 SPI_MODE=3 		 Operation=Read  		 Data_Size=8 bits 		 Slave_address=0x01 		 Selected_Register=Control Register 		  Data_to_Write=0x0 		 Status=Pass
Time=3912478610.000 ns 		 SPI_clock_frequency=67823Hz 		 SPI_MODE=3 		 Operation=Read  		 Data_Size=8 bits 		 Slave_address=0x01 		 Selected_Register=Control Register 		  Data_to_Write=0x55 		 Status=Pass
Time=3912478690.000 ns 		 SPI_clock_frequency=67823Hz 		 SPI_MODE=3 		 Operation=Read  		 Data_Size=8 bits 		 Slave_address=0x01 		 Selected_Register=Control Register 		  Data_to_Write=0xaa 		 Status=Pass
Time=3912478770.000 ns 		 SPI_clock_frequency=67823Hz 		 SPI_MODE=3 		 Operation=Read  		 Data_Size=8 bits 		 Slave_address=0x01 		 Selected_Register=Control Register 		  Data_to_Write=0xbe 		 Status=Pass
Time=3912478850.000 ns 		 SPI_clock_frequency=67823Hz 		 SPI_MODE=3 		 Operation=Read  		 Data_Size=8 bits 		 Slave_address=0x01 		 Selected_Register=Control Register 		  Data_to_Write=0xff 		 Status=Pass
Time=3912478930.000 ns 		 SPI_clock_frequency=67823Hz 		 SPI_MODE=0 		 Operation=Write 		 Data_Size=8 bits 		 Slave_address=0x02 		 Selected_Register=Status Register    		  Data_to_Write=0x0 		 Status=Pass
Time=3912479010.000 ns 		 SPI_clock_frequency=67823Hz 		 SPI_MODE=0 		 Operation=Write 		 Data_Size=8 bits 		 Slave_address=0x02 		 Selected_Register=Status Register    		  Data_to_Write=0x55 		 Status=Pass
Time=3912479090.000 ns 		 SPI_clock_frequency=67823Hz 		 SPI_MODE=0 		 Operation=Write 		 Data_Size=8 bits 		 Slave_address=0x02 		 Selected_Register=Status Register    		  Data_to_Write=0xaa 		 Status=Pass
Time=3912479170.000 ns 		 SPI_clock_frequency=67823Hz 		 SPI_MODE=0 		 Operation=Write 		 Data_Size=8 bits 		 Slave_address=0x02 		 Selected_Register=Status Register    		  Data_to_Write=0xbe 		 Status=Pass
Time=3912479250.000 ns 		 SPI_clock_frequency=67823Hz 		 SPI_MODE=0 		 Operation=Write 		 Data_Size=8 bits 		 Slave_address=0x02 		 Selected_Register=Status Register    		  Data_to_Write=0xff 		 Status=Pass
Time=3912479330.000 ns 		 SPI_clock_frequency=67823Hz 		 SPI_MODE=0 		 Operation=Read  		 Data_Size=8 bits 		 Slave_address=0x02 		 Selected_Register=Status Register     		  Data_to_Write=0x0 		 Status=Pass
Time=3912479410.000 ns 		 SPI_clock_frequency=67823Hz 		 SPI_MODE=0 		 Operation=Read  		 Data_Size=8 bits 		 Slave_address=0x02 		 Selected_Register=Status Register     		  Data_to_Write=0x55 		 Status=Pass
Time=3912479490.000 ns 		 SPI_clock_frequency=67823Hz 		 SPI_MODE=0 		 Operation=Read  		 Data_Size=8 bits 		 Slave_address=0x02 		 Selected_Register=Status Register     		  Data_to_Write=0xaa 		 Status=Pass
Time=3912479570.000 ns 		 SPI_clock_frequency=67823Hz 		 SPI_MODE=0 		 Operation=Read  		 Data_Size=8 bits 		 Slave_address=0x02 		 Selected_Register=Status Register     		  Data_to_Write=0xbe 		 Status=Pass
Time=3912479650.000 ns 		 SPI_clock_frequency=67823Hz 		 SPI_MODE=0 		 Operation=Read  		 Data_Size=8 bits 		 Slave_address=0x02 		 Selected_Register=Status Register     		  Data_to_Write=0xff 		 Status=Pass
Time=3912479730.000 ns 		 SPI_clock_frequency=67823Hz 		 SPI_MODE=1 		 Operation=Write 		 Data_Size=8 bits 		 Slave_address=0x02 		 Selected_Register=Status Register    		  Data_to_Write=0x0 		 Status=Pass
Time=3912479810.000 ns 		 SPI_clock_frequency=67823Hz 		 SPI_MODE=1 		 Operation=Write 		 Data_Size=8 bits 		 Slave_address=0x02 		 Selected_Register=Status Register    		  Data_to_Write=0x55 		 Status=Pass
Time=3912479890.000 ns 		 SPI_clock_frequency=67823Hz 		 SPI_MODE=1 		 Operation=Write 		 Data_Size=8 bits 		 Slave_address=0x02 		 Selected_Register=Status Register    		  Data_to_Write=0xaa 		 Status=Pass
Time=3912479970.000 ns 		 SPI_clock_frequency=67823Hz 		 SPI_MODE=1 		 Operation=Write 		 Data_Size=8 bits 		 Slave_address=0x02 		 Selected_Register=Status Register    		  Data_to_Write=0xbe 		 Status=Pass
Time=3912480050.000 ns 		 SPI_clock_frequency=67823Hz 		 SPI_MODE=1 		 Operation=Write 		 Data_Size=8 bits 		 Slave_address=0x02 		 Selected_Register=Status Register    		  Data_to_Write=0xff 		 Status=Pass
Time=3912480130.000 ns 		 SPI_clock_frequency=67823Hz 		 SPI_MODE=1 		 Operation=Read  		 Data_Size=8 bits 		 Slave_address=0x02 		 Selected_Register=Status Register     		  Data_to_Write=0x0 		 Status=Pass
Time=3912480210.000 ns 		 SPI_clock_frequency=67823Hz 		 SPI_MODE=1 		 Operation=Read  		 Data_Size=8 bits 		 Slave_address=0x02 		 Selected_Register=Status Register     		  Data_to_Write=0x55 		 Status=Pass
Time=3912480290.000 ns 		 SPI_clock_frequency=67823Hz 		 SPI_MODE=1 		 Operation=Read  		 Data_Size=8 bits 		 Slave_address=0x02 		 Selected_Register=Status Register     		  Data_to_Write=0xaa 		 Status=Pass
Time=3912480370.000 ns 		 SPI_clock_frequency=67823Hz 		 SPI_MODE=1 		 Operation=Read  		 Data_Size=8 bits 		 Slave_address=0x02 		 Selected_Register=Status Register     		  Data_to_Write=0xbe 		 Status=Pass
Time=3912480450.000 ns 		 SPI_clock_frequency=67823Hz 		 SPI_MODE=1 		 Operation=Read  		 Data_Size=8 bits 		 Slave_address=0x02 		 Selected_Register=Status Register     		  Data_to_Write=0xff 		 Status=Pass
Time=3912480530.000 ns 		 SPI_clock_frequency=67823Hz 		 SPI_MODE=2 		 Operation=Write 		 Data_Size=8 bits 		 Slave_address=0x02 		 Selected_Register=Status Register    		  Data_to_Write=0x0 		 Status=Pass
Time=3912480610.000 ns 		 SPI_clock_frequency=67823Hz 		 SPI_MODE=2 		 Operation=Write 		 Data_Size=8 bits 		 Slave_address=0x02 		 Selected_Register=Status Register    		  Data_to_Write=0x55 		 Status=Pass
Time=3912480690.000 ns 		 SPI_clock_frequency=67823Hz 		 SPI_MODE=2 		 Operation=Write 		 Data_Size=8 bits 		 Slave_address=0x02 		 Selected_Register=Status Register    		  Data_to_Write=0xaa 		 Status=Pass
Time=3912480770.000 ns 		 SPI_clock_frequency=67823Hz 		 SPI_MODE=2 		 Operation=Write 		 Data_Size=8 bits 		 Slave_address=0x02 		 Selected_Register=Status Register    		  Data_to_Write=0xbe 		 Status=Pass
Time=3912480850.000 ns 		 SPI_clock_frequency=67823Hz 		 SPI_MODE=2 		 Operation=Write 		 Data_Size=8 bits 		 Slave_address=0x02 		 Selected_Register=Status Register    		  Data_to_Write=0xff 		 Status=Pass
Time=3912480930.000 ns 		 SPI_clock_frequency=67823Hz 		 SPI_MODE=2 		 Operation=Read  		 Data_Size=8 bits 		 Slave_address=0x02 		 Selected_Register=Status Register     		  Data_to_Write=0x0 		 Status=Pass
Time=3912481010.000 ns 		 SPI_clock_frequency=67823Hz 		 SPI_MODE=2 		 Operation=Read  		 Data_Size=8 bits 		 Slave_address=0x02 		 Selected_Register=Status Register     		  Data_to_Write=0x55 		 Status=Pass
Time=3912481090.000 ns 		 SPI_clock_frequency=67823Hz 		 SPI_MODE=2 		 Operation=Read  		 Data_Size=8 bits 		 Slave_address=0x02 		 Selected_Register=Status Register     		  Data_to_Write=0xaa 		 Status=Pass
Time=3912481170.000 ns 		 SPI_clock_frequency=67823Hz 		 SPI_MODE=2 		 Operation=Read  		 Data_Size=8 bits 		 Slave_address=0x02 		 Selected_Register=Status Register     		  Data_to_Write=0xbe 		 Status=Pass
Time=3912481250.000 ns 		 SPI_clock_frequency=67823Hz 		 SPI_MODE=2 		 Operation=Read  		 Data_Size=8 bits 		 Slave_address=0x02 		 Selected_Register=Status Register     		  Data_to_Write=0xff 		 Status=Pass
Time=3912481330.000 ns 		 SPI_clock_frequency=67823Hz 		 SPI_MODE=3 		 Operation=Write 		 Data_Size=8 bits 		 Slave_address=0x02 		 Selected_Register=Status Register    		  Data_to_Write=0x0 		 Status=Pass
Time=3912481410.000 ns 		 SPI_clock_frequency=67823Hz 		 SPI_MODE=3 		 Operation=Write 		 Data_Size=8 bits 		 Slave_address=0x02 		 Selected_Register=Status Register    		  Data_to_Write=0x55 		 Status=Pass
Time=3912481490.000 ns 		 SPI_clock_frequency=67823Hz 		 SPI_MODE=3 		 Operation=Write 		 Data_Size=8 bits 		 Slave_address=0x02 		 Selected_Register=Status Register    		  Data_to_Write=0xaa 		 Status=Pass
Time=3912481570.000 ns 		 SPI_clock_frequency=67823Hz 		 SPI_MODE=3 		 Operation=Write 		 Data_Size=8 bits 		 Slave_address=0x02 		 Selected_Register=Status Register    		  Data_to_Write=0xbe 		 Status=Pass
Time=3912481650.000 ns 		 SPI_clock_frequency=67823Hz 		 SPI_MODE=3 		 Operation=Write 		 Data_Size=8 bits 		 Slave_address=0x02 		 Selected_Register=Status Register    		  Data_to_Write=0xff 		 Status=Pass
Time=3912481730.000 ns 		 SPI_clock_frequency=67823Hz 		 SPI_MODE=3 		 Operation=Read  		 Data_Size=8 bits 		 Slave_address=0x02 		 Selected_Register=Status Register     		  Data_to_Write=0x0 		 Status=Pass
Time=3912481810.000 ns 		 SPI_clock_frequency=67823Hz 		 SPI_MODE=3 		 Operation=Read  		 Data_Size=8 bits 		 Slave_address=0x02 		 Selected_Register=Status Register     		  Data_to_Write=0x55 		 Status=Pass
Time=3912481890.000 ns 		 SPI_clock_frequency=67823Hz 		 SPI_MODE=3 		 Operation=Read  		 Data_Size=8 bits 		 Slave_address=0x02 		 Selected_Register=Status Register     		  Data_to_Write=0xaa 		 Status=Pass
Time=3912481970.000 ns 		 SPI_clock_frequency=67823Hz 		 SPI_MODE=3 		 Operation=Read  		 Data_Size=8 bits 		 Slave_address=0x02 		 Selected_Register=Status Register     		  Data_to_Write=0xbe 		 Status=Pass
Time=3912482050.000 ns 		 SPI_clock_frequency=67823Hz 		 SPI_MODE=3 		 Operation=Read  		 Data_Size=8 bits 		 Slave_address=0x02 		 Selected_Register=Status Register     		  Data_to_Write=0xff 		 Status=Pass
Time=3912482130.000 ns 		 SPI_clock_frequency=67823Hz 		 SPI_MODE=0 		 Operation=Write 		 Data_Size=8 bits 		 Slave_address=0x03 		 Selected_Register=Data Register      		  Data_to_Write=0x0 		 Status=Pass
Time=3912482210.000 ns 		 SPI_clock_frequency=67823Hz 		 SPI_MODE=0 		 Operation=Write 		 Data_Size=8 bits 		 Slave_address=0x03 		 Selected_Register=Data Register      		  Data_to_Write=0x55 		 Status=Pass
Time=3912482290.000 ns 		 SPI_clock_frequency=67823Hz 		 SPI_MODE=0 		 Operation=Write 		 Data_Size=8 bits 		 Slave_address=0x03 		 Selected_Register=Data Register      		  Data_to_Write=0xaa 		 Status=Pass
Time=3912482370.000 ns 		 SPI_clock_frequency=67823Hz 		 SPI_MODE=0 		 Operation=Write 		 Data_Size=8 bits 		 Slave_address=0x03 		 Selected_Register=Data Register      		  Data_to_Write=0xbe 		 Status=Pass
Time=3912482450.000 ns 		 SPI_clock_frequency=67823Hz 		 SPI_MODE=0 		 Operation=Write 		 Data_Size=8 bits 		 Slave_address=0x03 		 Selected_Register=Data Register      		  Data_to_Write=0xff 		 Status=Pass
Time=3912482530.000 ns 		 SPI_clock_frequency=67823Hz 		 SPI_MODE=0 		 Operation=Read  		 Data_Size=8 bits 		 Slave_address=0x03 		 Selected_Register=Data Register       		  Data_to_Write=0x0 		 Status=Pass
Time=3912482610.000 ns 		 SPI_clock_frequency=67823Hz 		 SPI_MODE=0 		 Operation=Read  		 Data_Size=8 bits 		 Slave_address=0x03 		 Selected_Register=Data Register       		  Data_to_Write=0x55 		 Status=Pass
Time=3912482690.000 ns 		 SPI_clock_frequency=67823Hz 		 SPI_MODE=0 		 Operation=Read  		 Data_Size=8 bits 		 Slave_address=0x03 		 Selected_Register=Data Register       		  Data_to_Write=0xaa 		 Status=Pass
Time=3912482770.000 ns 		 SPI_clock_frequency=67823Hz 		 SPI_MODE=0 		 Operation=Read  		 Data_Size=8 bits 		 Slave_address=0x03 		 Selected_Register=Data Register       		  Data_to_Write=0xbe 		 Status=Pass
Time=3912482850.000 ns 		 SPI_clock_frequency=67823Hz 		 SPI_MODE=0 		 Operation=Read  		 Data_Size=8 bits 		 Slave_address=0x03 		 Selected_Register=Data Register       		  Data_to_Write=0xff 		 Status=Pass
Time=3912482930.000 ns 		 SPI_clock_frequency=67823Hz 		 SPI_MODE=1 		 Operation=Write 		 Data_Size=8 bits 		 Slave_address=0x03 		 Selected_Register=Data Register      		  Data_to_Write=0x0 		 Status=Pass
Time=3912483010.000 ns 		 SPI_clock_frequency=67823Hz 		 SPI_MODE=1 		 Operation=Write 		 Data_Size=8 bits 		 Slave_address=0x03 		 Selected_Register=Data Register      		  Data_to_Write=0x55 		 Status=Pass
Time=3912483090.000 ns 		 SPI_clock_frequency=67823Hz 		 SPI_MODE=1 		 Operation=Write 		 Data_Size=8 bits 		 Slave_address=0x03 		 Selected_Register=Data Register      		  Data_to_Write=0xaa 		 Status=Pass
Time=3912483170.000 ns 		 SPI_clock_frequency=67823Hz 		 SPI_MODE=1 		 Operation=Write 		 Data_Size=8 bits 		 Slave_address=0x03 		 Selected_Register=Data Register      		  Data_to_Write=0xbe 		 Status=Pass
Time=3912483250.000 ns 		 SPI_clock_frequency=67823Hz 		 SPI_MODE=1 		 Operation=Write 		 Data_Size=8 bits 		 Slave_address=0x03 		 Selected_Register=Data Register      		  Data_to_Write=0xff 		 Status=Pass
Time=3912483330.000 ns 		 SPI_clock_frequency=67823Hz 		 SPI_MODE=1 		 Operation=Read  		 Data_Size=8 bits 		 Slave_address=0x03 		 Selected_Register=Data Register       		  Data_to_Write=0x0 		 Status=Pass
Time=3912483410.000 ns 		 SPI_clock_frequency=67823Hz 		 SPI_MODE=1 		 Operation=Read  		 Data_Size=8 bits 		 Slave_address=0x03 		 Selected_Register=Data Register       		  Data_to_Write=0x55 		 Status=Pass
Time=3912483490.000 ns 		 SPI_clock_frequency=67823Hz 		 SPI_MODE=1 		 Operation=Read  		 Data_Size=8 bits 		 Slave_address=0x03 		 Selected_Register=Data Register       		  Data_to_Write=0xaa 		 Status=Pass
Time=3912483570.000 ns 		 SPI_clock_frequency=67823Hz 		 SPI_MODE=1 		 Operation=Read  		 Data_Size=8 bits 		 Slave_address=0x03 		 Selected_Register=Data Register       		  Data_to_Write=0xbe 		 Status=Pass
Time=3912483650.000 ns 		 SPI_clock_frequency=67823Hz 		 SPI_MODE=1 		 Operation=Read  		 Data_Size=8 bits 		 Slave_address=0x03 		 Selected_Register=Data Register       		  Data_to_Write=0xff 		 Status=Pass
Time=3912483730.000 ns 		 SPI_clock_frequency=67823Hz 		 SPI_MODE=2 		 Operation=Write 		 Data_Size=8 bits 		 Slave_address=0x03 		 Selected_Register=Data Register      		  Data_to_Write=0x0 		 Status=Pass
Time=3912483810.000 ns 		 SPI_clock_frequency=67823Hz 		 SPI_MODE=2 		 Operation=Write 		 Data_Size=8 bits 		 Slave_address=0x03 		 Selected_Register=Data Register      		  Data_to_Write=0x55 		 Status=Pass
Time=3912483890.000 ns 		 SPI_clock_frequency=67823Hz 		 SPI_MODE=2 		 Operation=Write 		 Data_Size=8 bits 		 Slave_address=0x03 		 Selected_Register=Data Register      		  Data_to_Write=0xaa 		 Status=Pass
Time=3912483970.000 ns 		 SPI_clock_frequency=67823Hz 		 SPI_MODE=2 		 Operation=Write 		 Data_Size=8 bits 		 Slave_address=0x03 		 Selected_Register=Data Register      		  Data_to_Write=0xbe 		 Status=Pass
Time=3912484050.000 ns 		 SPI_clock_frequency=67823Hz 		 SPI_MODE=2 		 Operation=Write 		 Data_Size=8 bits 		 Slave_address=0x03 		 Selected_Register=Data Register      		  Data_to_Write=0xff 		 Status=Pass
Time=3912484130.000 ns 		 SPI_clock_frequency=67823Hz 		 SPI_MODE=2 		 Operation=Read  		 Data_Size=8 bits 		 Slave_address=0x03 		 Selected_Register=Data Register       		  Data_to_Write=0x0 		 Status=Pass
Time=3912484210.000 ns 		 SPI_clock_frequency=67823Hz 		 SPI_MODE=2 		 Operation=Read  		 Data_Size=8 bits 		 Slave_address=0x03 		 Selected_Register=Data Register       		  Data_to_Write=0x55 		 Status=Pass
Time=3912484290.000 ns 		 SPI_clock_frequency=67823Hz 		 SPI_MODE=2 		 Operation=Read  		 Data_Size=8 bits 		 Slave_address=0x03 		 Selected_Register=Data Register       		  Data_to_Write=0xaa 		 Status=Pass
Time=3912484370.000 ns 		 SPI_clock_frequency=67823Hz 		 SPI_MODE=2 		 Operation=Read  		 Data_Size=8 bits 		 Slave_address=0x03 		 Selected_Register=Data Register       		  Data_to_Write=0xbe 		 Status=Pass
Time=3912484450.000 ns 		 SPI_clock_frequency=67823Hz 		 SPI_MODE=2 		 Operation=Read  		 Data_Size=8 bits 		 Slave_address=0x03 		 Selected_Register=Data Register       		  Data_to_Write=0xff 		 Status=Pass
Time=3912484530.000 ns 		 SPI_clock_frequency=67823Hz 		 SPI_MODE=3 		 Operation=Write 		 Data_Size=8 bits 		 Slave_address=0x03 		 Selected_Register=Data Register      		  Data_to_Write=0x0 		 Status=Pass
Time=3912484610.000 ns 		 SPI_clock_frequency=67823Hz 		 SPI_MODE=3 		 Operation=Write 		 Data_Size=8 bits 		 Slave_address=0x03 		 Selected_Register=Data Register      		  Data_to_Write=0x55 		 Status=Pass
Time=3912484690.000 ns 		 SPI_clock_frequency=67823Hz 		 SPI_MODE=3 		 Operation=Write 		 Data_Size=8 bits 		 Slave_address=0x03 		 Selected_Register=Data Register      		  Data_to_Write=0xaa 		 Status=Pass
Time=3912484770.000 ns 		 SPI_clock_frequency=67823Hz 		 SPI_MODE=3 		 Operation=Write 		 Data_Size=8 bits 		 Slave_address=0x03 		 Selected_Register=Data Register      		  Data_to_Write=0xbe 		 Status=Pass
Time=3912484850.000 ns 		 SPI_clock_frequency=67823Hz 		 SPI_MODE=3 		 Operation=Write 		 Data_Size=8 bits 		 Slave_address=0x03 		 Selected_Register=Data Register      		  Data_to_Write=0xff 		 Status=Pass
Time=3912484930.000 ns 		 SPI_clock_frequency=67823Hz 		 SPI_MODE=3 		 Operation=Read  		 Data_Size=8 bits 		 Slave_address=0x03 		 Selected_Register=Data Register       		  Data_to_Write=0x0 		 Status=Pass
Time=3912485010.000 ns 		 SPI_clock_frequency=67823Hz 		 SPI_MODE=3 		 Operation=Read  		 Data_Size=8 bits 		 Slave_address=0x03 		 Selected_Register=Data Register       		  Data_to_Write=0x55 		 Status=Pass
Time=3912485090.000 ns 		 SPI_clock_frequency=67823Hz 		 SPI_MODE=3 		 Operation=Read  		 Data_Size=8 bits 		 Slave_address=0x03 		 Selected_Register=Data Register       		  Data_to_Write=0xaa 		 Status=Pass
Time=3912485170.000 ns 		 SPI_clock_frequency=67823Hz 		 SPI_MODE=3 		 Operation=Read  		 Data_Size=8 bits 		 Slave_address=0x03 		 Selected_Register=Data Register       		  Data_to_Write=0xbe 		 Status=Pass
Time=3912485250.000 ns 		 SPI_clock_frequency=67823Hz 		 SPI_MODE=3 		 Operation=Read  		 Data_Size=8 bits 		 Slave_address=0x03 		 Selected_Register=Data Register       		  Data_to_Write=0xff 		 Status=Pass
 ERROR: Invalid Slave Address (04)
 ERROR: Invalid Slave Address (04)
 ERROR: Invalid Slave Address (04)
 ERROR: Invalid Slave Address (04)
 ERROR: Invalid Slave Address (04)
 ERROR: Invalid Slave Address (04)
 ERROR: Invalid Slave Address (04)
 ERROR: Invalid Slave Address (04)
 ERROR: Invalid Slave Address (04)
 ERROR: Invalid Slave Address (04)
 ERROR: Invalid Slave Address (04)
 ERROR: Invalid Slave Address (04)
 ERROR: Invalid Slave Address (04)
 ERROR: Invalid Slave Address (04)
 ERROR: Invalid Slave Address (04)
 ERROR: Invalid Slave Address (04)
 ERROR: Invalid Slave Address (04)
 ERROR: Invalid Slave Address (04)
 ERROR: Invalid Slave Address (04)
 ERROR: Invalid Slave Address (04)
 ERROR: Invalid Slave Address (04)
 ERROR: Invalid Slave Address (04)
 ERROR: Invalid Slave Address (04)
 ERROR: Invalid Slave Address (04)
 ERROR: Invalid Slave Address (04)
 ERROR: Invalid Slave Address (04)
 ERROR: Invalid Slave Address (04)
 ERROR: Invalid Slave Address (04)
 ERROR: Invalid Slave Address (04)
 ERROR: Invalid Slave Address (04)
 ERROR: Invalid Slave Address (04)
 ERROR: Invalid Slave Address (04)
 ERROR: Invalid Slave Address (04)
 ERROR: Invalid Slave Address (04)
 ERROR: Invalid Slave Address (04)
 ERROR: Invalid Slave Address (04)
 ERROR: Invalid Slave Address (04)
 ERROR: Invalid Slave Address (04)
 ERROR: Invalid Slave Address (04)
 ERROR: Invalid Slave Address (04)
 ERROR: Invalid Slave Address (05)
 ERROR: Invalid Slave Address (05)
 ERROR: Invalid Slave Address (05)
 ERROR: Invalid Slave Address (05)
 ERROR: Invalid Slave Address (05)
 ERROR: Invalid Slave Address (05)
 ERROR: Invalid Slave Address (05)
 ERROR: Invalid Slave Address (05)
 ERROR: Invalid Slave Address (05)
 ERROR: Invalid Slave Address (05)
 ERROR: Invalid Slave Address (05)
 ERROR: Invalid Slave Address (05)
 ERROR: Invalid Slave Address (05)
 ERROR: Invalid Slave Address (05)
 ERROR: Invalid Slave Address (05)
 ERROR: Invalid Slave Address (05)
 ERROR: Invalid Slave Address (05)
 ERROR: Invalid Slave Address (05)
 ERROR: Invalid Slave Address (05)
 ERROR: Invalid Slave Address (05)
 ERROR: Invalid Slave Address (05)
 ERROR: Invalid Slave Address (05)
 ERROR: Invalid Slave Address (05)
 ERROR: Invalid Slave Address (05)
 ERROR: Invalid Slave Address (05)
 ERROR: Invalid Slave Address (05)
 ERROR: Invalid Slave Address (05)
 ERROR: Invalid Slave Address (05)
 ERROR: Invalid Slave Address (05)
 ERROR: Invalid Slave Address (05)
 ERROR: Invalid Slave Address (05)
 ERROR: Invalid Slave Address (05)
 ERROR: Invalid Slave Address (05)
 ERROR: Invalid Slave Address (05)
 ERROR: Invalid Slave Address (05)
 ERROR: Invalid Slave Address (05)
 ERROR: Invalid Slave Address (05)
 ERROR: Invalid Slave Address (05)
 ERROR: Invalid Slave Address (05)
 ERROR: Invalid Slave Address (05)
 ERROR: Writing a read only register (Device ID)
 ERROR: Writing a read only register (Device ID)
 ERROR: Writing a read only register (Device ID)
 ERROR: Writing a read only register (Device ID)
 ERROR: Writing a read only register (Device ID)
Time=3912490430.000 ns 		 SPI_clock_frequency=67823Hz 		 SPI_MODE=0 		 Operation=Read  		 Data_Size=16 bits 		 Slave_address=0x00 		 Selected_Register=Device ID          		  Data_to_Write=0x0 		 Status=Pass
Time=3912490510.000 ns 		 SPI_clock_frequency=67823Hz 		 SPI_MODE=0 		 Operation=Read  		 Data_Size=16 bits 		 Slave_address=0x00 		 Selected_Register=Device ID          		  Data_to_Write=0x5555 		 Status=Pass
Time=3912490590.000 ns 		 SPI_clock_frequency=67823Hz 		 SPI_MODE=0 		 Operation=Read  		 Data_Size=16 bits 		 Slave_address=0x00 		 Selected_Register=Device ID          		  Data_to_Write=0xaaaa 		 Status=Pass
Time=3912490670.000 ns 		 SPI_clock_frequency=67823Hz 		 SPI_MODE=0 		 Operation=Read  		 Data_Size=16 bits 		 Slave_address=0x00 		 Selected_Register=Device ID          		  Data_to_Write=0x3478 		 Status=Pass
Time=3912490750.000 ns 		 SPI_clock_frequency=67823Hz 		 SPI_MODE=0 		 Operation=Read  		 Data_Size=16 bits 		 Slave_address=0x00 		 Selected_Register=Device ID          		  Data_to_Write=0xffff 		 Status=Pass
 ERROR: Writing a read only register (Device ID)
 ERROR: Writing a read only register (Device ID)
 ERROR: Writing a read only register (Device ID)
 ERROR: Writing a read only register (Device ID)
 ERROR: Writing a read only register (Device ID)
Time=3912491130.000 ns 		 SPI_clock_frequency=67823Hz 		 SPI_MODE=1 		 Operation=Read  		 Data_Size=16 bits 		 Slave_address=0x00 		 Selected_Register=Device ID          		  Data_to_Write=0x0 		 Status=Pass
Time=3912491210.000 ns 		 SPI_clock_frequency=67823Hz 		 SPI_MODE=1 		 Operation=Read  		 Data_Size=16 bits 		 Slave_address=0x00 		 Selected_Register=Device ID          		  Data_to_Write=0x5555 		 Status=Pass
Time=3912491290.000 ns 		 SPI_clock_frequency=67823Hz 		 SPI_MODE=1 		 Operation=Read  		 Data_Size=16 bits 		 Slave_address=0x00 		 Selected_Register=Device ID          		  Data_to_Write=0xaaaa 		 Status=Pass
Time=3912491370.000 ns 		 SPI_clock_frequency=67823Hz 		 SPI_MODE=1 		 Operation=Read  		 Data_Size=16 bits 		 Slave_address=0x00 		 Selected_Register=Device ID          		  Data_to_Write=0x3478 		 Status=Pass
Time=3912491450.000 ns 		 SPI_clock_frequency=67823Hz 		 SPI_MODE=1 		 Operation=Read  		 Data_Size=16 bits 		 Slave_address=0x00 		 Selected_Register=Device ID          		  Data_to_Write=0xffff 		 Status=Pass
 ERROR: Writing a read only register (Device ID)
 ERROR: Writing a read only register (Device ID)
 ERROR: Writing a read only register (Device ID)
 ERROR: Writing a read only register (Device ID)
 ERROR: Writing a read only register (Device ID)
Time=3912491830.000 ns 		 SPI_clock_frequency=67823Hz 		 SPI_MODE=2 		 Operation=Read  		 Data_Size=16 bits 		 Slave_address=0x00 		 Selected_Register=Device ID          		  Data_to_Write=0x0 		 Status=Pass
Time=3912491910.000 ns 		 SPI_clock_frequency=67823Hz 		 SPI_MODE=2 		 Operation=Read  		 Data_Size=16 bits 		 Slave_address=0x00 		 Selected_Register=Device ID          		  Data_to_Write=0x5555 		 Status=Pass
Time=3912491990.000 ns 		 SPI_clock_frequency=67823Hz 		 SPI_MODE=2 		 Operation=Read  		 Data_Size=16 bits 		 Slave_address=0x00 		 Selected_Register=Device ID          		  Data_to_Write=0xaaaa 		 Status=Pass
Time=3912492070.000 ns 		 SPI_clock_frequency=67823Hz 		 SPI_MODE=2 		 Operation=Read  		 Data_Size=16 bits 		 Slave_address=0x00 		 Selected_Register=Device ID          		  Data_to_Write=0x3478 		 Status=Pass
Time=3912492150.000 ns 		 SPI_clock_frequency=67823Hz 		 SPI_MODE=2 		 Operation=Read  		 Data_Size=16 bits 		 Slave_address=0x00 		 Selected_Register=Device ID          		  Data_to_Write=0xffff 		 Status=Pass
 ERROR: Writing a read only register (Device ID)
 ERROR: Writing a read only register (Device ID)
 ERROR: Writing a read only register (Device ID)
 ERROR: Writing a read only register (Device ID)
 ERROR: Writing a read only register (Device ID)
Time=3912492530.000 ns 		 SPI_clock_frequency=67823Hz 		 SPI_MODE=3 		 Operation=Read  		 Data_Size=16 bits 		 Slave_address=0x00 		 Selected_Register=Device ID          		  Data_to_Write=0x0 		 Status=Pass
Time=3912492610.000 ns 		 SPI_clock_frequency=67823Hz 		 SPI_MODE=3 		 Operation=Read  		 Data_Size=16 bits 		 Slave_address=0x00 		 Selected_Register=Device ID          		  Data_to_Write=0x5555 		 Status=Pass
Time=3912492690.000 ns 		 SPI_clock_frequency=67823Hz 		 SPI_MODE=3 		 Operation=Read  		 Data_Size=16 bits 		 Slave_address=0x00 		 Selected_Register=Device ID          		  Data_to_Write=0xaaaa 		 Status=Pass
Time=3912492770.000 ns 		 SPI_clock_frequency=67823Hz 		 SPI_MODE=3 		 Operation=Read  		 Data_Size=16 bits 		 Slave_address=0x00 		 Selected_Register=Device ID          		  Data_to_Write=0x3478 		 Status=Pass
Time=3912492850.000 ns 		 SPI_clock_frequency=67823Hz 		 SPI_MODE=3 		 Operation=Read  		 Data_Size=16 bits 		 Slave_address=0x00 		 Selected_Register=Device ID          		  Data_to_Write=0xffff 		 Status=Pass
Time=3912492930.000 ns 		 SPI_clock_frequency=67823Hz 		 SPI_MODE=0 		 Operation=Write 		 Data_Size=16 bits 		 Slave_address=0x01 		 Selected_Register=Control Register 		  Data_to_Write=0x0 		 Status=Pass
Time=3912493010.000 ns 		 SPI_clock_frequency=67823Hz 		 SPI_MODE=0 		 Operation=Write 		 Data_Size=16 bits 		 Slave_address=0x01 		 Selected_Register=Control Register 		  Data_to_Write=0x5555 		 Status=Pass
Time=3912493090.000 ns 		 SPI_clock_frequency=67823Hz 		 SPI_MODE=0 		 Operation=Write 		 Data_Size=16 bits 		 Slave_address=0x01 		 Selected_Register=Control Register 		  Data_to_Write=0xaaaa 		 Status=Pass
Time=3912493170.000 ns 		 SPI_clock_frequency=67823Hz 		 SPI_MODE=0 		 Operation=Write 		 Data_Size=16 bits 		 Slave_address=0x01 		 Selected_Register=Control Register 		  Data_to_Write=0x3478 		 Status=Pass
Time=3912493250.000 ns 		 SPI_clock_frequency=67823Hz 		 SPI_MODE=0 		 Operation=Write 		 Data_Size=16 bits 		 Slave_address=0x01 		 Selected_Register=Control Register 		  Data_to_Write=0xffff 		 Status=Pass
Time=3912493330.000 ns 		 SPI_clock_frequency=67823Hz 		 SPI_MODE=0 		 Operation=Read  		 Data_Size=16 bits 		 Slave_address=0x01 		 Selected_Register=Control Register 		  Data_to_Write=0x0 		 Status=Pass
Time=3912493410.000 ns 		 SPI_clock_frequency=67823Hz 		 SPI_MODE=0 		 Operation=Read  		 Data_Size=16 bits 		 Slave_address=0x01 		 Selected_Register=Control Register 		  Data_to_Write=0x5555 		 Status=Pass
Time=3912493490.000 ns 		 SPI_clock_frequency=67823Hz 		 SPI_MODE=0 		 Operation=Read  		 Data_Size=16 bits 		 Slave_address=0x01 		 Selected_Register=Control Register 		  Data_to_Write=0xaaaa 		 Status=Pass
Time=3912493570.000 ns 		 SPI_clock_frequency=67823Hz 		 SPI_MODE=0 		 Operation=Read  		 Data_Size=16 bits 		 Slave_address=0x01 		 Selected_Register=Control Register 		  Data_to_Write=0x3478 		 Status=Pass
Time=3912493650.000 ns 		 SPI_clock_frequency=67823Hz 		 SPI_MODE=0 		 Operation=Read  		 Data_Size=16 bits 		 Slave_address=0x01 		 Selected_Register=Control Register 		  Data_to_Write=0xffff 		 Status=Pass
Time=3912493730.000 ns 		 SPI_clock_frequency=67823Hz 		 SPI_MODE=1 		 Operation=Write 		 Data_Size=16 bits 		 Slave_address=0x01 		 Selected_Register=Control Register 		  Data_to_Write=0x0 		 Status=Pass
Time=3912493810.000 ns 		 SPI_clock_frequency=67823Hz 		 SPI_MODE=1 		 Operation=Write 		 Data_Size=16 bits 		 Slave_address=0x01 		 Selected_Register=Control Register 		  Data_to_Write=0x5555 		 Status=Pass
Time=3912493890.000 ns 		 SPI_clock_frequency=67823Hz 		 SPI_MODE=1 		 Operation=Write 		 Data_Size=16 bits 		 Slave_address=0x01 		 Selected_Register=Control Register 		  Data_to_Write=0xaaaa 		 Status=Pass
Time=3912493970.000 ns 		 SPI_clock_frequency=67823Hz 		 SPI_MODE=1 		 Operation=Write 		 Data_Size=16 bits 		 Slave_address=0x01 		 Selected_Register=Control Register 		  Data_to_Write=0x3478 		 Status=Pass
Time=3912494050.000 ns 		 SPI_clock_frequency=67823Hz 		 SPI_MODE=1 		 Operation=Write 		 Data_Size=16 bits 		 Slave_address=0x01 		 Selected_Register=Control Register 		  Data_to_Write=0xffff 		 Status=Pass
Time=3912494130.000 ns 		 SPI_clock_frequency=67823Hz 		 SPI_MODE=1 		 Operation=Read  		 Data_Size=16 bits 		 Slave_address=0x01 		 Selected_Register=Control Register 		  Data_to_Write=0x0 		 Status=Pass
Time=3912494210.000 ns 		 SPI_clock_frequency=67823Hz 		 SPI_MODE=1 		 Operation=Read  		 Data_Size=16 bits 		 Slave_address=0x01 		 Selected_Register=Control Register 		  Data_to_Write=0x5555 		 Status=Pass
Time=3912494290.000 ns 		 SPI_clock_frequency=67823Hz 		 SPI_MODE=1 		 Operation=Read  		 Data_Size=16 bits 		 Slave_address=0x01 		 Selected_Register=Control Register 		  Data_to_Write=0xaaaa 		 Status=Pass
Time=3912494370.000 ns 		 SPI_clock_frequency=67823Hz 		 SPI_MODE=1 		 Operation=Read  		 Data_Size=16 bits 		 Slave_address=0x01 		 Selected_Register=Control Register 		  Data_to_Write=0x3478 		 Status=Pass
Time=3912494450.000 ns 		 SPI_clock_frequency=67823Hz 		 SPI_MODE=1 		 Operation=Read  		 Data_Size=16 bits 		 Slave_address=0x01 		 Selected_Register=Control Register 		  Data_to_Write=0xffff 		 Status=Pass
Time=3912494530.000 ns 		 SPI_clock_frequency=67823Hz 		 SPI_MODE=2 		 Operation=Write 		 Data_Size=16 bits 		 Slave_address=0x01 		 Selected_Register=Control Register 		  Data_to_Write=0x0 		 Status=Pass
Time=3912494610.000 ns 		 SPI_clock_frequency=67823Hz 		 SPI_MODE=2 		 Operation=Write 		 Data_Size=16 bits 		 Slave_address=0x01 		 Selected_Register=Control Register 		  Data_to_Write=0x5555 		 Status=Pass
Time=3912494690.000 ns 		 SPI_clock_frequency=67823Hz 		 SPI_MODE=2 		 Operation=Write 		 Data_Size=16 bits 		 Slave_address=0x01 		 Selected_Register=Control Register 		  Data_to_Write=0xaaaa 		 Status=Pass
Time=3912494770.000 ns 		 SPI_clock_frequency=67823Hz 		 SPI_MODE=2 		 Operation=Write 		 Data_Size=16 bits 		 Slave_address=0x01 		 Selected_Register=Control Register 		  Data_to_Write=0x3478 		 Status=Pass
Time=3912494850.000 ns 		 SPI_clock_frequency=67823Hz 		 SPI_MODE=2 		 Operation=Write 		 Data_Size=16 bits 		 Slave_address=0x01 		 Selected_Register=Control Register 		  Data_to_Write=0xffff 		 Status=Pass
Time=3912494930.000 ns 		 SPI_clock_frequency=67823Hz 		 SPI_MODE=2 		 Operation=Read  		 Data_Size=16 bits 		 Slave_address=0x01 		 Selected_Register=Control Register 		  Data_to_Write=0x0 		 Status=Pass
Time=3912495010.000 ns 		 SPI_clock_frequency=67823Hz 		 SPI_MODE=2 		 Operation=Read  		 Data_Size=16 bits 		 Slave_address=0x01 		 Selected_Register=Control Register 		  Data_to_Write=0x5555 		 Status=Pass
Time=3912495090.000 ns 		 SPI_clock_frequency=67823Hz 		 SPI_MODE=2 		 Operation=Read  		 Data_Size=16 bits 		 Slave_address=0x01 		 Selected_Register=Control Register 		  Data_to_Write=0xaaaa 		 Status=Pass
Time=3912495170.000 ns 		 SPI_clock_frequency=67823Hz 		 SPI_MODE=2 		 Operation=Read  		 Data_Size=16 bits 		 Slave_address=0x01 		 Selected_Register=Control Register 		  Data_to_Write=0x3478 		 Status=Pass
Time=3912495250.000 ns 		 SPI_clock_frequency=67823Hz 		 SPI_MODE=2 		 Operation=Read  		 Data_Size=16 bits 		 Slave_address=0x01 		 Selected_Register=Control Register 		  Data_to_Write=0xffff 		 Status=Pass
Time=3912495330.000 ns 		 SPI_clock_frequency=67823Hz 		 SPI_MODE=3 		 Operation=Write 		 Data_Size=16 bits 		 Slave_address=0x01 		 Selected_Register=Control Register 		  Data_to_Write=0x0 		 Status=Pass
Time=3912495410.000 ns 		 SPI_clock_frequency=67823Hz 		 SPI_MODE=3 		 Operation=Write 		 Data_Size=16 bits 		 Slave_address=0x01 		 Selected_Register=Control Register 		  Data_to_Write=0x5555 		 Status=Pass
Time=3912495490.000 ns 		 SPI_clock_frequency=67823Hz 		 SPI_MODE=3 		 Operation=Write 		 Data_Size=16 bits 		 Slave_address=0x01 		 Selected_Register=Control Register 		  Data_to_Write=0xaaaa 		 Status=Pass
Time=3912495570.000 ns 		 SPI_clock_frequency=67823Hz 		 SPI_MODE=3 		 Operation=Write 		 Data_Size=16 bits 		 Slave_address=0x01 		 Selected_Register=Control Register 		  Data_to_Write=0x3478 		 Status=Pass
Time=3912495650.000 ns 		 SPI_clock_frequency=67823Hz 		 SPI_MODE=3 		 Operation=Write 		 Data_Size=16 bits 		 Slave_address=0x01 		 Selected_Register=Control Register 		  Data_to_Write=0xffff 		 Status=Pass
Time=3912495730.000 ns 		 SPI_clock_frequency=67823Hz 		 SPI_MODE=3 		 Operation=Read  		 Data_Size=16 bits 		 Slave_address=0x01 		 Selected_Register=Control Register 		  Data_to_Write=0x0 		 Status=Pass
Time=3912495810.000 ns 		 SPI_clock_frequency=67823Hz 		 SPI_MODE=3 		 Operation=Read  		 Data_Size=16 bits 		 Slave_address=0x01 		 Selected_Register=Control Register 		  Data_to_Write=0x5555 		 Status=Pass
Time=3912495890.000 ns 		 SPI_clock_frequency=67823Hz 		 SPI_MODE=3 		 Operation=Read  		 Data_Size=16 bits 		 Slave_address=0x01 		 Selected_Register=Control Register 		  Data_to_Write=0xaaaa 		 Status=Pass
Time=3912495970.000 ns 		 SPI_clock_frequency=67823Hz 		 SPI_MODE=3 		 Operation=Read  		 Data_Size=16 bits 		 Slave_address=0x01 		 Selected_Register=Control Register 		  Data_to_Write=0x3478 		 Status=Pass
Time=3912496050.000 ns 		 SPI_clock_frequency=67823Hz 		 SPI_MODE=3 		 Operation=Read  		 Data_Size=16 bits 		 Slave_address=0x01 		 Selected_Register=Control Register 		  Data_to_Write=0xffff 		 Status=Pass
Time=3912496130.000 ns 		 SPI_clock_frequency=67823Hz 		 SPI_MODE=0 		 Operation=Write 		 Data_Size=16 bits 		 Slave_address=0x02 		 Selected_Register=Status Register    		  Data_to_Write=0x0 		 Status=Pass
Time=3912496210.000 ns 		 SPI_clock_frequency=67823Hz 		 SPI_MODE=0 		 Operation=Write 		 Data_Size=16 bits 		 Slave_address=0x02 		 Selected_Register=Status Register    		  Data_to_Write=0x5555 		 Status=Pass
Time=3912496290.000 ns 		 SPI_clock_frequency=67823Hz 		 SPI_MODE=0 		 Operation=Write 		 Data_Size=16 bits 		 Slave_address=0x02 		 Selected_Register=Status Register    		  Data_to_Write=0xaaaa 		 Status=Pass
Time=3912496370.000 ns 		 SPI_clock_frequency=67823Hz 		 SPI_MODE=0 		 Operation=Write 		 Data_Size=16 bits 		 Slave_address=0x02 		 Selected_Register=Status Register    		  Data_to_Write=0x3478 		 Status=Pass
Time=3912496450.000 ns 		 SPI_clock_frequency=67823Hz 		 SPI_MODE=0 		 Operation=Write 		 Data_Size=16 bits 		 Slave_address=0x02 		 Selected_Register=Status Register    		  Data_to_Write=0xffff 		 Status=Pass
Time=3912496530.000 ns 		 SPI_clock_frequency=67823Hz 		 SPI_MODE=0 		 Operation=Read  		 Data_Size=16 bits 		 Slave_address=0x02 		 Selected_Register=Status Register     		  Data_to_Write=0x0 		 Status=Pass
Time=3912496610.000 ns 		 SPI_clock_frequency=67823Hz 		 SPI_MODE=0 		 Operation=Read  		 Data_Size=16 bits 		 Slave_address=0x02 		 Selected_Register=Status Register     		  Data_to_Write=0x5555 		 Status=Pass
Time=3912496690.000 ns 		 SPI_clock_frequency=67823Hz 		 SPI_MODE=0 		 Operation=Read  		 Data_Size=16 bits 		 Slave_address=0x02 		 Selected_Register=Status Register     		  Data_to_Write=0xaaaa 		 Status=Pass
Time=3912496770.000 ns 		 SPI_clock_frequency=67823Hz 		 SPI_MODE=0 		 Operation=Read  		 Data_Size=16 bits 		 Slave_address=0x02 		 Selected_Register=Status Register     		  Data_to_Write=0x3478 		 Status=Pass
Time=3912496850.000 ns 		 SPI_clock_frequency=67823Hz 		 SPI_MODE=0 		 Operation=Read  		 Data_Size=16 bits 		 Slave_address=0x02 		 Selected_Register=Status Register     		  Data_to_Write=0xffff 		 Status=Pass
Time=3912496930.000 ns 		 SPI_clock_frequency=67823Hz 		 SPI_MODE=1 		 Operation=Write 		 Data_Size=16 bits 		 Slave_address=0x02 		 Selected_Register=Status Register    		  Data_to_Write=0x0 		 Status=Pass
Time=3912497010.000 ns 		 SPI_clock_frequency=67823Hz 		 SPI_MODE=1 		 Operation=Write 		 Data_Size=16 bits 		 Slave_address=0x02 		 Selected_Register=Status Register    		  Data_to_Write=0x5555 		 Status=Pass
Time=3912497090.000 ns 		 SPI_clock_frequency=67823Hz 		 SPI_MODE=1 		 Operation=Write 		 Data_Size=16 bits 		 Slave_address=0x02 		 Selected_Register=Status Register    		  Data_to_Write=0xaaaa 		 Status=Pass
Time=3912497170.000 ns 		 SPI_clock_frequency=67823Hz 		 SPI_MODE=1 		 Operation=Write 		 Data_Size=16 bits 		 Slave_address=0x02 		 Selected_Register=Status Register    		  Data_to_Write=0x3478 		 Status=Pass
Time=3912497250.000 ns 		 SPI_clock_frequency=67823Hz 		 SPI_MODE=1 		 Operation=Write 		 Data_Size=16 bits 		 Slave_address=0x02 		 Selected_Register=Status Register    		  Data_to_Write=0xffff 		 Status=Pass
Time=3912497330.000 ns 		 SPI_clock_frequency=67823Hz 		 SPI_MODE=1 		 Operation=Read  		 Data_Size=16 bits 		 Slave_address=0x02 		 Selected_Register=Status Register     		  Data_to_Write=0x0 		 Status=Pass
Time=3912497410.000 ns 		 SPI_clock_frequency=67823Hz 		 SPI_MODE=1 		 Operation=Read  		 Data_Size=16 bits 		 Slave_address=0x02 		 Selected_Register=Status Register     		  Data_to_Write=0x5555 		 Status=Pass
Time=3912497490.000 ns 		 SPI_clock_frequency=67823Hz 		 SPI_MODE=1 		 Operation=Read  		 Data_Size=16 bits 		 Slave_address=0x02 		 Selected_Register=Status Register     		  Data_to_Write=0xaaaa 		 Status=Pass
Time=3912497570.000 ns 		 SPI_clock_frequency=67823Hz 		 SPI_MODE=1 		 Operation=Read  		 Data_Size=16 bits 		 Slave_address=0x02 		 Selected_Register=Status Register     		  Data_to_Write=0x3478 		 Status=Pass
Time=3912497650.000 ns 		 SPI_clock_frequency=67823Hz 		 SPI_MODE=1 		 Operation=Read  		 Data_Size=16 bits 		 Slave_address=0x02 		 Selected_Register=Status Register     		  Data_to_Write=0xffff 		 Status=Pass
Time=3912497730.000 ns 		 SPI_clock_frequency=67823Hz 		 SPI_MODE=2 		 Operation=Write 		 Data_Size=16 bits 		 Slave_address=0x02 		 Selected_Register=Status Register    		  Data_to_Write=0x0 		 Status=Pass
Time=3912497810.000 ns 		 SPI_clock_frequency=67823Hz 		 SPI_MODE=2 		 Operation=Write 		 Data_Size=16 bits 		 Slave_address=0x02 		 Selected_Register=Status Register    		  Data_to_Write=0x5555 		 Status=Pass
Time=3912497890.000 ns 		 SPI_clock_frequency=67823Hz 		 SPI_MODE=2 		 Operation=Write 		 Data_Size=16 bits 		 Slave_address=0x02 		 Selected_Register=Status Register    		  Data_to_Write=0xaaaa 		 Status=Pass
Time=3912497970.000 ns 		 SPI_clock_frequency=67823Hz 		 SPI_MODE=2 		 Operation=Write 		 Data_Size=16 bits 		 Slave_address=0x02 		 Selected_Register=Status Register    		  Data_to_Write=0x3478 		 Status=Pass
Time=3912498050.000 ns 		 SPI_clock_frequency=67823Hz 		 SPI_MODE=2 		 Operation=Write 		 Data_Size=16 bits 		 Slave_address=0x02 		 Selected_Register=Status Register    		  Data_to_Write=0xffff 		 Status=Pass
Time=3912498130.000 ns 		 SPI_clock_frequency=67823Hz 		 SPI_MODE=2 		 Operation=Read  		 Data_Size=16 bits 		 Slave_address=0x02 		 Selected_Register=Status Register     		  Data_to_Write=0x0 		 Status=Pass
Time=3912498210.000 ns 		 SPI_clock_frequency=67823Hz 		 SPI_MODE=2 		 Operation=Read  		 Data_Size=16 bits 		 Slave_address=0x02 		 Selected_Register=Status Register     		  Data_to_Write=0x5555 		 Status=Pass
Time=3912498290.000 ns 		 SPI_clock_frequency=67823Hz 		 SPI_MODE=2 		 Operation=Read  		 Data_Size=16 bits 		 Slave_address=0x02 		 Selected_Register=Status Register     		  Data_to_Write=0xaaaa 		 Status=Pass
Time=3912498370.000 ns 		 SPI_clock_frequency=67823Hz 		 SPI_MODE=2 		 Operation=Read  		 Data_Size=16 bits 		 Slave_address=0x02 		 Selected_Register=Status Register     		  Data_to_Write=0x3478 		 Status=Pass
Time=3912498450.000 ns 		 SPI_clock_frequency=67823Hz 		 SPI_MODE=2 		 Operation=Read  		 Data_Size=16 bits 		 Slave_address=0x02 		 Selected_Register=Status Register     		  Data_to_Write=0xffff 		 Status=Pass
Time=3912498530.000 ns 		 SPI_clock_frequency=67823Hz 		 SPI_MODE=3 		 Operation=Write 		 Data_Size=16 bits 		 Slave_address=0x02 		 Selected_Register=Status Register    		  Data_to_Write=0x0 		 Status=Pass
Time=3912498610.000 ns 		 SPI_clock_frequency=67823Hz 		 SPI_MODE=3 		 Operation=Write 		 Data_Size=16 bits 		 Slave_address=0x02 		 Selected_Register=Status Register    		  Data_to_Write=0x5555 		 Status=Pass
Time=3912498690.000 ns 		 SPI_clock_frequency=67823Hz 		 SPI_MODE=3 		 Operation=Write 		 Data_Size=16 bits 		 Slave_address=0x02 		 Selected_Register=Status Register    		  Data_to_Write=0xaaaa 		 Status=Pass
Time=3912498770.000 ns 		 SPI_clock_frequency=67823Hz 		 SPI_MODE=3 		 Operation=Write 		 Data_Size=16 bits 		 Slave_address=0x02 		 Selected_Register=Status Register    		  Data_to_Write=0x3478 		 Status=Pass
Time=3912498850.000 ns 		 SPI_clock_frequency=67823Hz 		 SPI_MODE=3 		 Operation=Write 		 Data_Size=16 bits 		 Slave_address=0x02 		 Selected_Register=Status Register    		  Data_to_Write=0xffff 		 Status=Pass
Time=3912498930.000 ns 		 SPI_clock_frequency=67823Hz 		 SPI_MODE=3 		 Operation=Read  		 Data_Size=16 bits 		 Slave_address=0x02 		 Selected_Register=Status Register     		  Data_to_Write=0x0 		 Status=Pass
Time=3912499010.000 ns 		 SPI_clock_frequency=67823Hz 		 SPI_MODE=3 		 Operation=Read  		 Data_Size=16 bits 		 Slave_address=0x02 		 Selected_Register=Status Register     		  Data_to_Write=0x5555 		 Status=Pass
Time=3912499090.000 ns 		 SPI_clock_frequency=67823Hz 		 SPI_MODE=3 		 Operation=Read  		 Data_Size=16 bits 		 Slave_address=0x02 		 Selected_Register=Status Register     		  Data_to_Write=0xaaaa 		 Status=Pass
Time=3912499170.000 ns 		 SPI_clock_frequency=67823Hz 		 SPI_MODE=3 		 Operation=Read  		 Data_Size=16 bits 		 Slave_address=0x02 		 Selected_Register=Status Register     		  Data_to_Write=0x3478 		 Status=Pass
Time=3912499250.000 ns 		 SPI_clock_frequency=67823Hz 		 SPI_MODE=3 		 Operation=Read  		 Data_Size=16 bits 		 Slave_address=0x02 		 Selected_Register=Status Register     		  Data_to_Write=0xffff 		 Status=Pass
Time=3912499330.000 ns 		 SPI_clock_frequency=67823Hz 		 SPI_MODE=0 		 Operation=Write 		 Data_Size=16 bits 		 Slave_address=0x03 		 Selected_Register=Data Register      		  Data_to_Write=0x0 		 Status=Pass
Time=3912499410.000 ns 		 SPI_clock_frequency=67823Hz 		 SPI_MODE=0 		 Operation=Write 		 Data_Size=16 bits 		 Slave_address=0x03 		 Selected_Register=Data Register      		  Data_to_Write=0x5555 		 Status=Pass
Time=3912499490.000 ns 		 SPI_clock_frequency=67823Hz 		 SPI_MODE=0 		 Operation=Write 		 Data_Size=16 bits 		 Slave_address=0x03 		 Selected_Register=Data Register      		  Data_to_Write=0xaaaa 		 Status=Pass
Time=3912499570.000 ns 		 SPI_clock_frequency=67823Hz 		 SPI_MODE=0 		 Operation=Write 		 Data_Size=16 bits 		 Slave_address=0x03 		 Selected_Register=Data Register      		  Data_to_Write=0x3478 		 Status=Pass
Time=3912499650.000 ns 		 SPI_clock_frequency=67823Hz 		 SPI_MODE=0 		 Operation=Write 		 Data_Size=16 bits 		 Slave_address=0x03 		 Selected_Register=Data Register      		  Data_to_Write=0xffff 		 Status=Pass
Time=3912499730.000 ns 		 SPI_clock_frequency=67823Hz 		 SPI_MODE=0 		 Operation=Read  		 Data_Size=16 bits 		 Slave_address=0x03 		 Selected_Register=Data Register       		  Data_to_Write=0x0 		 Status=Pass
Time=3912499810.000 ns 		 SPI_clock_frequency=67823Hz 		 SPI_MODE=0 		 Operation=Read  		 Data_Size=16 bits 		 Slave_address=0x03 		 Selected_Register=Data Register       		  Data_to_Write=0x5555 		 Status=Pass
Time=3912499890.000 ns 		 SPI_clock_frequency=67823Hz 		 SPI_MODE=0 		 Operation=Read  		 Data_Size=16 bits 		 Slave_address=0x03 		 Selected_Register=Data Register       		  Data_to_Write=0xaaaa 		 Status=Pass
Time=3912499970.000 ns 		 SPI_clock_frequency=67823Hz 		 SPI_MODE=0 		 Operation=Read  		 Data_Size=16 bits 		 Slave_address=0x03 		 Selected_Register=Data Register       		  Data_to_Write=0x3478 		 Status=Pass
Time=3912500050.000 ns 		 SPI_clock_frequency=67823Hz 		 SPI_MODE=0 		 Operation=Read  		 Data_Size=16 bits 		 Slave_address=0x03 		 Selected_Register=Data Register       		  Data_to_Write=0xffff 		 Status=Pass
Time=3912500130.000 ns 		 SPI_clock_frequency=67823Hz 		 SPI_MODE=1 		 Operation=Write 		 Data_Size=16 bits 		 Slave_address=0x03 		 Selected_Register=Data Register      		  Data_to_Write=0x0 		 Status=Pass
Time=3912500210.000 ns 		 SPI_clock_frequency=67823Hz 		 SPI_MODE=1 		 Operation=Write 		 Data_Size=16 bits 		 Slave_address=0x03 		 Selected_Register=Data Register      		  Data_to_Write=0x5555 		 Status=Pass
Time=3912500290.000 ns 		 SPI_clock_frequency=67823Hz 		 SPI_MODE=1 		 Operation=Write 		 Data_Size=16 bits 		 Slave_address=0x03 		 Selected_Register=Data Register      		  Data_to_Write=0xaaaa 		 Status=Pass
Time=3912500370.000 ns 		 SPI_clock_frequency=67823Hz 		 SPI_MODE=1 		 Operation=Write 		 Data_Size=16 bits 		 Slave_address=0x03 		 Selected_Register=Data Register      		  Data_to_Write=0x3478 		 Status=Pass
Time=3912500450.000 ns 		 SPI_clock_frequency=67823Hz 		 SPI_MODE=1 		 Operation=Write 		 Data_Size=16 bits 		 Slave_address=0x03 		 Selected_Register=Data Register      		  Data_to_Write=0xffff 		 Status=Pass
Time=3912500530.000 ns 		 SPI_clock_frequency=67823Hz 		 SPI_MODE=1 		 Operation=Read  		 Data_Size=16 bits 		 Slave_address=0x03 		 Selected_Register=Data Register       		  Data_to_Write=0x0 		 Status=Pass
Time=3912500610.000 ns 		 SPI_clock_frequency=67823Hz 		 SPI_MODE=1 		 Operation=Read  		 Data_Size=16 bits 		 Slave_address=0x03 		 Selected_Register=Data Register       		  Data_to_Write=0x5555 		 Status=Pass
Time=3912500690.000 ns 		 SPI_clock_frequency=67823Hz 		 SPI_MODE=1 		 Operation=Read  		 Data_Size=16 bits 		 Slave_address=0x03 		 Selected_Register=Data Register       		  Data_to_Write=0xaaaa 		 Status=Pass
Time=3912500770.000 ns 		 SPI_clock_frequency=67823Hz 		 SPI_MODE=1 		 Operation=Read  		 Data_Size=16 bits 		 Slave_address=0x03 		 Selected_Register=Data Register       		  Data_to_Write=0x3478 		 Status=Pass
Time=3912500850.000 ns 		 SPI_clock_frequency=67823Hz 		 SPI_MODE=1 		 Operation=Read  		 Data_Size=16 bits 		 Slave_address=0x03 		 Selected_Register=Data Register       		  Data_to_Write=0xffff 		 Status=Pass
Time=3912500930.000 ns 		 SPI_clock_frequency=67823Hz 		 SPI_MODE=2 		 Operation=Write 		 Data_Size=16 bits 		 Slave_address=0x03 		 Selected_Register=Data Register      		  Data_to_Write=0x0 		 Status=Pass
Time=3912501010.000 ns 		 SPI_clock_frequency=67823Hz 		 SPI_MODE=2 		 Operation=Write 		 Data_Size=16 bits 		 Slave_address=0x03 		 Selected_Register=Data Register      		  Data_to_Write=0x5555 		 Status=Pass
Time=3912501090.000 ns 		 SPI_clock_frequency=67823Hz 		 SPI_MODE=2 		 Operation=Write 		 Data_Size=16 bits 		 Slave_address=0x03 		 Selected_Register=Data Register      		  Data_to_Write=0xaaaa 		 Status=Pass
Time=3912501170.000 ns 		 SPI_clock_frequency=67823Hz 		 SPI_MODE=2 		 Operation=Write 		 Data_Size=16 bits 		 Slave_address=0x03 		 Selected_Register=Data Register      		  Data_to_Write=0x3478 		 Status=Pass
Time=3912501250.000 ns 		 SPI_clock_frequency=67823Hz 		 SPI_MODE=2 		 Operation=Write 		 Data_Size=16 bits 		 Slave_address=0x03 		 Selected_Register=Data Register      		  Data_to_Write=0xffff 		 Status=Pass
Time=3912501330.000 ns 		 SPI_clock_frequency=67823Hz 		 SPI_MODE=2 		 Operation=Read  		 Data_Size=16 bits 		 Slave_address=0x03 		 Selected_Register=Data Register       		  Data_to_Write=0x0 		 Status=Pass
Time=3912501410.000 ns 		 SPI_clock_frequency=67823Hz 		 SPI_MODE=2 		 Operation=Read  		 Data_Size=16 bits 		 Slave_address=0x03 		 Selected_Register=Data Register       		  Data_to_Write=0x5555 		 Status=Pass
Time=3912501490.000 ns 		 SPI_clock_frequency=67823Hz 		 SPI_MODE=2 		 Operation=Read  		 Data_Size=16 bits 		 Slave_address=0x03 		 Selected_Register=Data Register       		  Data_to_Write=0xaaaa 		 Status=Pass
Time=3912501570.000 ns 		 SPI_clock_frequency=67823Hz 		 SPI_MODE=2 		 Operation=Read  		 Data_Size=16 bits 		 Slave_address=0x03 		 Selected_Register=Data Register       		  Data_to_Write=0x3478 		 Status=Pass
Time=3912501650.000 ns 		 SPI_clock_frequency=67823Hz 		 SPI_MODE=2 		 Operation=Read  		 Data_Size=16 bits 		 Slave_address=0x03 		 Selected_Register=Data Register       		  Data_to_Write=0xffff 		 Status=Pass
Time=3912501730.000 ns 		 SPI_clock_frequency=67823Hz 		 SPI_MODE=3 		 Operation=Write 		 Data_Size=16 bits 		 Slave_address=0x03 		 Selected_Register=Data Register      		  Data_to_Write=0x0 		 Status=Pass
Time=3912501810.000 ns 		 SPI_clock_frequency=67823Hz 		 SPI_MODE=3 		 Operation=Write 		 Data_Size=16 bits 		 Slave_address=0x03 		 Selected_Register=Data Register      		  Data_to_Write=0x5555 		 Status=Pass
Time=3912501890.000 ns 		 SPI_clock_frequency=67823Hz 		 SPI_MODE=3 		 Operation=Write 		 Data_Size=16 bits 		 Slave_address=0x03 		 Selected_Register=Data Register      		  Data_to_Write=0xaaaa 		 Status=Pass
Time=3912501970.000 ns 		 SPI_clock_frequency=67823Hz 		 SPI_MODE=3 		 Operation=Write 		 Data_Size=16 bits 		 Slave_address=0x03 		 Selected_Register=Data Register      		  Data_to_Write=0x3478 		 Status=Pass
Time=3912502050.000 ns 		 SPI_clock_frequency=67823Hz 		 SPI_MODE=3 		 Operation=Write 		 Data_Size=16 bits 		 Slave_address=0x03 		 Selected_Register=Data Register      		  Data_to_Write=0xffff 		 Status=Pass
Time=3912502130.000 ns 		 SPI_clock_frequency=67823Hz 		 SPI_MODE=3 		 Operation=Read  		 Data_Size=16 bits 		 Slave_address=0x03 		 Selected_Register=Data Register       		  Data_to_Write=0x0 		 Status=Pass
Time=3912502210.000 ns 		 SPI_clock_frequency=67823Hz 		 SPI_MODE=3 		 Operation=Read  		 Data_Size=16 bits 		 Slave_address=0x03 		 Selected_Register=Data Register       		  Data_to_Write=0x5555 		 Status=Pass
Time=3912502290.000 ns 		 SPI_clock_frequency=67823Hz 		 SPI_MODE=3 		 Operation=Read  		 Data_Size=16 bits 		 Slave_address=0x03 		 Selected_Register=Data Register       		  Data_to_Write=0xaaaa 		 Status=Pass
Time=3912502370.000 ns 		 SPI_clock_frequency=67823Hz 		 SPI_MODE=3 		 Operation=Read  		 Data_Size=16 bits 		 Slave_address=0x03 		 Selected_Register=Data Register       		  Data_to_Write=0x3478 		 Status=Pass
Time=3912502450.000 ns 		 SPI_clock_frequency=67823Hz 		 SPI_MODE=3 		 Operation=Read  		 Data_Size=16 bits 		 Slave_address=0x03 		 Selected_Register=Data Register       		  Data_to_Write=0xffff 		 Status=Pass
 ERROR: Invalid Slave Address (04)
 ERROR: Invalid Slave Address (04)
 ERROR: Invalid Slave Address (04)
 ERROR: Invalid Slave Address (04)
 ERROR: Invalid Slave Address (04)
 ERROR: Invalid Slave Address (04)
 ERROR: Invalid Slave Address (04)
 ERROR: Invalid Slave Address (04)
 ERROR: Invalid Slave Address (04)
 ERROR: Invalid Slave Address (04)
 ERROR: Invalid Slave Address (04)
 ERROR: Invalid Slave Address (04)
 ERROR: Invalid Slave Address (04)
 ERROR: Invalid Slave Address (04)
 ERROR: Invalid Slave Address (04)
 ERROR: Invalid Slave Address (04)
 ERROR: Invalid Slave Address (04)
 ERROR: Invalid Slave Address (04)
 ERROR: Invalid Slave Address (04)
 ERROR: Invalid Slave Address (04)
 ERROR: Invalid Slave Address (04)
 ERROR: Invalid Slave Address (04)
 ERROR: Invalid Slave Address (04)
 ERROR: Invalid Slave Address (04)
 ERROR: Invalid Slave Address (04)
 ERROR: Invalid Slave Address (04)
 ERROR: Invalid Slave Address (04)
 ERROR: Invalid Slave Address (04)
 ERROR: Invalid Slave Address (04)
 ERROR: Invalid Slave Address (04)
 ERROR: Invalid Slave Address (04)
 ERROR: Invalid Slave Address (04)
 ERROR: Invalid Slave Address (04)
 ERROR: Invalid Slave Address (04)
 ERROR: Invalid Slave Address (04)
 ERROR: Invalid Slave Address (04)
 ERROR: Invalid Slave Address (04)
 ERROR: Invalid Slave Address (04)
 ERROR: Invalid Slave Address (04)
 ERROR: Invalid Slave Address (04)
 ERROR: Invalid Slave Address (05)
 ERROR: Invalid Slave Address (05)
 ERROR: Invalid Slave Address (05)
 ERROR: Invalid Slave Address (05)
 ERROR: Invalid Slave Address (05)
 ERROR: Invalid Slave Address (05)
 ERROR: Invalid Slave Address (05)
 ERROR: Invalid Slave Address (05)
 ERROR: Invalid Slave Address (05)
 ERROR: Invalid Slave Address (05)
 ERROR: Invalid Slave Address (05)
 ERROR: Invalid Slave Address (05)
 ERROR: Invalid Slave Address (05)
 ERROR: Invalid Slave Address (05)
 ERROR: Invalid Slave Address (05)
 ERROR: Invalid Slave Address (05)
 ERROR: Invalid Slave Address (05)
 ERROR: Invalid Slave Address (05)
 ERROR: Invalid Slave Address (05)
 ERROR: Invalid Slave Address (05)
 ERROR: Invalid Slave Address (05)
 ERROR: Invalid Slave Address (05)
 ERROR: Invalid Slave Address (05)
 ERROR: Invalid Slave Address (05)
 ERROR: Invalid Slave Address (05)
 ERROR: Invalid Slave Address (05)
 ERROR: Invalid Slave Address (05)
 ERROR: Invalid Slave Address (05)
 ERROR: Invalid Slave Address (05)
 ERROR: Invalid Slave Address (05)
 ERROR: Invalid Slave Address (05)
 ERROR: Invalid Slave Address (05)
 ERROR: Invalid Slave Address (05)
 ERROR: Invalid Slave Address (05)
 ERROR: Invalid Slave Address (05)
 ERROR: Invalid Slave Address (05)
 ERROR: Invalid Slave Address (05)
 ERROR: Invalid Slave Address (05)
 ERROR: Invalid Slave Address (05)
 ERROR: Invalid Slave Address (05)
--------------------------------------------------------------------------------------------------------------
Simulation Finished
--------------------------------------------------------------------------------------------------------------
PASS COUNT 		    : 		             3084
FAIL COUNT 		    : 		                0
ERROR COUNT 		: 		             4136
TOTAL COUNT 		: 		             7220
--------------------------------------------------------------------------------------------------------------
--------------------------------------------------------------------------------------------------------------
